suhu_mesin,arus_R,arus_S,arus_T,tegangan_RS,tegangan_ST,tegangan_TR,suhu_lingkungan,kelembaban,kode_mpu6050,label_kondisi,label_maintenance_hari
27.02,2.699,3.476,2.931,380.05,380.03,377.31,27.92,66.62,0,0,176
66.79,11.298,11.455,11.164,403.15,342.55,395.12,27.7,53.42,4,4,4
38.11,6.155,6.293,5.917,382.23,377.37,380.16,26.1,57.95,1,1,97
34.98,5.864,6.998,5.441,380.96,375.53,395.46,26.54,64.02,1,1,72
28.44,4.604,4.485,3.878,378.45,379.19,378.77,29.17,79.08,0,0,157
27.38,3.362,3.521,3.717,379.52,377.52,382.92,27.82,77.92,0,0,148
29.15,4.923,4.927,2.196,381.02,380.97,382.14,30.96,57.65,0,0,120
49.3,8.536,8.504,8.177,378.36,378.83,381.41,27.34,51.65,2,2,39
31.82,6.857,6.282,5.623,367.51,376.26,380.22,29.04,72.49,1,1,65
36.59,6.399,5.614,5.114,386.44,373.95,382.15,27.28,63.47,1,1,72
26.8,4.012,4.464,2.734,379.85,382.35,379.45,27.27,70.15,0,0,130
59.9,11.334,11.254,11.631,441.61,388.17,391.51,30.24,52.74,4,4,1
46.92,7.373,7.376,7.368,394.97,381.24,373.74,28.07,53.28,2,2,37
26.4,2.609,4.995,3.624,379.88,380.98,381.41,27.5,72.25,0,0,127
26.41,3.057,2.378,2.39,381.26,381.7,380.84,28.02,60.3,0,0,120
26.77,2.986,3.807,2.967,382.13,381.11,379.93,30.06,58.58,0,0,143
25.91,4.874,2.1,3.739,382.11,381.04,378.36,28.55,51.44,0,0,130
26.08,3.451,2.044,4.763,381.33,378.47,380.9,27.72,70.5,0,0,134
30.2,2.928,3.344,3.216,381.08,378.08,377.29,27.84,57.77,0,0,142
29.88,4.636,2.59,4.842,380.98,377.47,380.49,26.5,78.37,0,0,172
31.44,5.377,5.607,5.186,385.29,386.79,378.23,28.35,55.92,1,1,110
26.65,2.293,2.501,4.771,379.02,382.15,380.99,30.08,56.55,0,0,140
28.63,2.422,3.274,3.025,374.45,383.89,379.31,26.91,73.96,0,0,177
29.19,2.321,4.342,4.731,383.05,377.27,376.56,26.07,67.2,0,0,154
27.83,4.821,4.859,2.718,378.18,379.04,384.59,28.41,69.0,0,0,137
44.08,8.442,7.514,8.439,379.21,377.0,369.94,28.36,76.94,2,2,41
27.75,2.139,3.739,4.738,380.38,383.46,378.33,28.01,73.85,0,0,171
29.29,2.407,4.932,4.893,378.99,378.3,379.43,27.5,56.11,0,0,122
33.77,5.799,5.838,6.029,378.8,382.68,381.38,27.43,52.1,1,1,94
29.25,2.17,2.361,3.742,379.99,381.57,379.62,29.19,68.33,0,0,163
35.0,5.256,6.164,5.6,388.26,380.49,378.31,29.37,67.86,1,1,83
27.53,4.66,3.233,3.813,377.67,383.66,378.53,27.33,68.66,0,0,179
28.92,3.993,3.03,2.057,378.26,380.66,380.28,26.83,65.54,0,0,151
66.37,9.015,9.845,10.436,405.01,373.83,390.08,27.43,60.55,3,3,18
66.3,11.578,11.598,11.739,377.43,381.04,368.18,26.55,68.8,4,4,1
44.76,7.717,8.991,7.96,407.69,374.07,397.49,27.61,71.58,2,2,56
26.92,2.653,2.751,4.495,380.41,377.85,373.99,28.7,53.88,0,0,131
31.23,3.127,2.297,3.869,382.96,379.43,378.87,27.53,75.59,0,0,121
34.12,5.056,6.71,5.718,375.32,387.07,384.31,26.74,71.53,1,1,77
29.1,4.33,4.02,3.843,377.65,378.42,381.8,29.13,75.37,0,0,165
27.39,2.62,4.775,3.098,380.24,380.62,378.78,28.95,54.4,0,0,170
28.79,2.479,4.37,3.849,380.25,379.06,378.01,26.55,54.02,0,0,142
28.1,2.111,2.242,4.017,377.72,377.84,382.58,28.49,56.03,0,0,122
57.74,10.61,10.7,9.578,381.9,362.34,408.1,28.98,79.49,3,3,11
28.35,2.773,4.104,2.043,386.45,380.24,378.89,28.03,63.79,0,0,177
34.09,5.998,5.144,6.369,387.96,380.1,374.06,27.95,66.1,1,1,92
27.46,3.823,2.251,3.929,380.9,380.95,382.93,28.77,74.53,0,0,158
27.06,4.937,3.506,3.365,378.89,380.76,384.0,30.03,57.82,0,0,169
27.81,3.343,2.306,2.048,380.16,380.87,380.22,27.33,69.18,0,0,151
29.08,2.707,4.141,4.621,378.01,380.5,377.63,27.75,63.6,0,0,137
71.27,11.079,11.192,11.475,407.64,345.62,346.3,29.08,64.79,4,4,5
43.69,7.944,7.981,8.694,376.61,391.67,378.99,25.91,77.53,2,2,46
56.03,10.056,10.115,10.957,392.01,374.92,383.52,27.85,59.21,3,3,22
48.68,9.07,9.646,10.088,349.24,391.09,387.61,27.94,58.34,3,3,10
34.97,5.552,6.462,5.153,373.22,374.13,383.67,27.32,66.91,1,1,79
60.78,9.41,10.484,9.105,374.67,386.22,374.88,28.87,58.03,3,3,16
25.63,2.371,2.371,3.75,380.23,378.24,382.31,26.29,71.07,0,0,171
28.5,3.977,4.967,2.795,379.24,380.29,380.1,29.49,53.45,0,0,142
30.62,2.602,4.64,2.585,381.84,381.96,376.97,28.69,69.12,0,0,171
27.79,4.405,3.399,3.085,378.88,380.96,374.75,30.55,79.81,0,0,154
28.78,2.52,4.174,3.516,378.05,377.94,381.25,27.32,75.08,0,0,129
28.62,2.464,2.904,2.747,377.27,378.58,374.85,27.69,67.0,0,0,170
39.65,7.92,7.559,7.739,390.12,361.55,387.86,26.66,53.49,2,2,44
28.65,4.91,2.066,4.408,378.64,381.94,381.99,29.37,80.0,0,0,153
28.08,2.788,4.302,4.78,381.94,376.03,379.65,27.99,53.7,0,0,147
27.01,3.203,3.052,4.319,379.14,380.76,377.25,26.55,73.42,0,0,176
26.24,4.428,3.138,2.142,376.53,379.6,378.81,28.83,66.62,0,0,144
45.63,7.349,7.757,8.686,393.51,392.93,396.64,28.31,62.45,2,2,45
27.37,2.032,2.274,3.671,379.11,379.35,381.19,27.95,66.5,0,0,146
68.77,11.62,11.663,11.836,370.82,373.12,375.4,28.19,63.86,4,4,1
43.46,8.799,8.882,8.342,388.81,374.28,399.91,29.75,57.67,2,2,39
29.56,3.094,4.531,2.585,380.48,382.51,381.58,28.97,63.33,0,0,152
26.72,2.909,4.234,4.893,380.15,377.85,382.07,27.08,50.53,0,0,174
50.8,8.406,7.043,8.262,382.35,367.94,376.69,28.0,65.78,2,2,31
33.47,6.049,6.341,5.539,385.7,381.43,379.26,26.16,52.53,1,1,88
36.84,6.37,6.416,5.72,379.33,376.16,389.61,27.34,62.26,1,1,100
42.37,7.075,8.434,8.076,379.51,363.69,380.55,27.77,72.87,2,2,36
26.5,4.701,3.994,2.316,382.25,382.86,380.98,28.46,58.21,0,0,126
28.09,4.129,2.022,3.555,380.57,380.15,378.98,26.06,78.65,0,0,161
25.06,4.759,2.934,2.627,384.35,381.4,381.58,27.36,54.93,0,0,134
50.15,8.328,7.677,8.871,380.15,382.32,389.01,29.04,76.76,2,2,57
39.09,6.466,6.017,6.984,383.71,377.39,389.43,27.07,72.5,1,1,111
27.98,2.989,3.322,4.571,376.4,381.46,380.7,28.51,69.81,0,0,148
28.14,3.568,2.071,3.241,382.08,378.31,378.77,27.39,61.88,0,0,174
27.5,3.157,4.746,4.286,377.32,380.61,380.01,27.61,67.6,0,0,162
26.69,2.309,4.19,3.162,379.92,383.0,381.14,27.22,76.45,0,0,129
39.63,6.124,6.105,5.229,380.43,380.42,374.65,27.01,69.7,1,1,105
37.55,5.396,5.288,6.999,374.47,389.81,383.82,26.44,79.91,1,1,109
45.9,10.813,9.382,10.231,369.41,372.5,378.46,29.9,75.56,3,3,8
27.81,3.07,2.784,4.84,378.22,381.44,382.81,27.76,71.42,0,0,160
28.05,2.351,3.585,2.381,381.61,379.04,385.08,28.4,53.37,0,0,170
34.76,5.537,5.985,6.673,377.44,376.14,380.85,27.64,56.53,1,1,114
43.97,7.444,8.561,7.402,379.3,379.5,371.7,28.09,58.6,2,2,40
34.21,6.119,5.559,5.698,386.74,383.56,380.93,26.55,56.77,1,1,93
47.53,7.374,7.133,8.997,373.77,390.34,375.93,27.58,59.78,2,2,31
27.56,2.661,4.776,4.604,378.55,380.0,381.67,29.45,74.15,0,0,125
26.7,3.677,3.508,2.433,379.98,376.14,378.65,26.12,57.76,0,0,132
27.78,2.078,2.856,3.662,380.47,381.91,377.03,29.66,54.65,0,0,141
30.05,3.68,3.159,3.261,378.0,379.75,380.03,28.44,79.24,0,0,133
26.4,4.477,2.18,3.129,380.01,381.61,381.29,28.25,52.6,0,0,141
26.62,3.412,2.147,2.573,383.46,379.54,382.88,28.91,64.49,0,0,143
39.58,5.781,6.818,5.058,381.51,381.01,389.5,25.99,60.98,1,1,82
28.16,2.35,2.387,3.611,382.78,379.65,380.8,28.2,51.71,0,0,142
26.84,4.018,3.591,3.988,376.88,383.64,378.73,27.03,62.19,0,0,157
69.68,10.637,9.343,10.616,363.9,387.97,407.52,29.29,66.48,3,3,13
27.62,4.789,4.844,2.208,384.47,378.23,378.85,26.49,72.69,0,0,121
27.96,4.684,2.803,3.232,382.91,381.64,380.85,27.72,62.26,0,0,126
39.55,7.858,8.171,8.042,384.35,396.72,391.34,27.48,72.39,2,2,50
28.41,2.996,4.233,2.456,380.83,379.27,378.26,28.26,68.22,0,0,133
29.83,3.569,4.623,2.13,381.15,379.27,385.68,29.63,61.18,0,0,173
28.91,2.218,4.37,2.653,375.84,382.05,381.2,29.8,60.77,0,0,151
27.78,3.83,3.147,2.914,379.04,377.19,380.74,28.43,66.35,0,0,139
58.48,9.197,9.464,10.418,384.18,384.26,383.86,28.48,57.31,3,3,15
41.79,7.937,8.183,8.774,383.09,384.88,380.78,27.52,60.12,2,2,51
34.46,5.447,6.867,5.689,386.86,381.12,374.01,26.88,72.93,1,1,84
54.09,10.58,10.279,10.707,388.28,385.14,403.7,27.58,62.24,3,3,9
46.9,7.609,7.173,7.003,362.53,392.25,378.17,27.93,51.9,2,2,52
29.28,3.795,3.805,2.194,380.08,380.91,381.83,30.73,76.44,0,0,172
51.28,10.74,10.272,9.329,375.04,354.47,371.58,26.94,62.78,3,3,16
28.39,3.657,3.797,2.823,382.73,379.02,376.0,29.43,59.11,0,0,129
38.47,7.935,7.571,8.923,370.95,373.72,377.07,28.17,68.84,2,2,46
50.61,9.73,10.071,10.577,383.78,398.92,382.35,27.58,64.31,3,3,22
27.46,4.798,4.579,4.129,378.99,385.14,375.5,28.75,57.02,0,0,162
29.23,2.18,3.553,2.373,379.34,382.09,380.93,27.81,54.7,0,0,124
30.03,2.478,4.904,4.744,376.97,379.29,377.4,25.46,75.65,0,0,123
28.29,3.296,3.158,4.069,378.23,380.46,383.47,28.06,77.29,0,0,144
42.48,8.818,8.916,7.155,381.97,361.07,383.11,26.86,54.57,2,2,42
40.63,7.528,7.855,8.466,367.5,368.07,378.16,26.18,55.73,2,2,35
26.85,4.302,2.618,2.965,381.75,381.37,379.89,27.94,69.78,0,0,130
29.84,3.532,3.431,4.505,379.79,383.26,380.27,29.41,56.89,0,0,144
26.03,2.157,2.693,4.406,381.59,379.89,382.37,28.21,61.39,0,0,140
28.9,4.265,4.017,3.594,379.65,380.39,384.03,28.64,69.47,0,0,123
29.46,2.962,2.281,3.281,382.8,376.04,379.46,29.37,59.17,0,0,172
27.06,3.779,3.613,2.014,379.61,379.21,378.66,28.75,63.4,0,0,162
58.1,10.355,10.405,10.912,348.04,344.24,391.18,26.63,53.79,3,3,18
29.45,4.528,3.087,3.981,377.18,379.73,378.75,28.14,75.5,0,0,175
26.74,3.137,3.061,2.397,378.96,380.21,384.12,27.52,62.88,0,0,152
37.53,5.941,5.315,5.062,378.86,379.29,380.68,28.73,63.67,1,1,100
29.32,2.709,3.984,3.176,381.12,382.89,378.0,28.61,50.01,0,0,175
58.73,11.241,11.208,11.25,364.47,401.56,380.48,26.61,51.09,4,4,5
68.82,11.74,11.31,11.859,388.56,360.25,420.32,28.73,50.09,4,4,3
30.17,2.028,4.426,2.778,378.58,384.23,379.17,28.64,61.84,0,0,140
26.54,4.798,3.149,4.189,380.81,382.11,379.93,27.69,58.18,0,0,124
25.17,3.391,4.664,3.365,375.76,382.47,379.34,27.97,70.31,0,0,166
27.33,3.803,2.103,3.493,380.67,379.31,379.25,27.83,57.73,0,0,168
28.04,3.22,3.38,2.893,380.17,379.12,376.38,28.2,52.57,0,0,129
32.74,5.713,6.185,6.671,381.91,372.78,383.43,30.1,65.84,1,1,90
27.73,4.908,4.172,2.636,380.63,378.68,380.87,27.49,74.13,0,0,131
28.28,3.716,4.722,2.367,379.17,382.08,380.19,28.11,52.09,0,0,177
27.74,3.436,2.517,4.257,380.22,381.71,383.17,28.16,72.16,0,0,141
56.64,10.338,9.253,10.892,394.29,385.27,372.95,28.13,68.78,3,3,26
27.28,4.674,3.517,2.231,382.09,377.39,378.41,27.05,58.11,0,0,153
28.11,3.385,2.943,3.743,382.64,378.78,383.14,25.1,68.33,0,0,147
27.97,3.873,2.396,4.269,380.97,379.46,378.97,29.06,72.49,0,0,140
69.73,11.992,11.77,11.211,356.94,340.32,380.21,27.6,64.56,4,4,4
26.8,3.434,3.414,2.527,379.13,378.74,381.59,28.8,74.38,0,0,167
31.75,6.532,6.865,6.895,380.61,375.24,378.29,27.92,63.16,1,1,69
37.49,8.521,7.841,8.887,377.29,381.93,380.27,27.73,57.34,2,2,44
27.4,4.685,4.916,4.578,378.51,379.68,379.95,27.22,76.63,0,0,148
37.88,5.736,5.286,6.392,382.51,376.68,380.32,27.69,58.54,1,1,83
28.19,4.588,2.489,4.437,379.31,380.9,379.48,26.55,79.46,0,0,129
33.14,6.966,6.85,6.571,384.99,377.26,371.43,27.1,52.38,1,1,90
33.66,5.97,5.71,5.641,373.93,380.51,381.67,27.19,72.91,1,1,66
30.83,4.978,3.977,2.151,382.61,380.22,380.15,28.62,71.67,0,0,131
26.13,4.935,2.476,3.462,379.95,382.78,377.29,26.57,61.21,0,0,175
48.6,8.34,7.144,7.513,378.29,398.3,369.05,27.69,65.8,2,2,39
26.53,2.199,4.968,2.118,377.19,378.54,383.95,27.64,68.23,0,0,143
28.75,3.208,2.624,4.44,381.63,382.44,379.34,27.78,56.46,0,0,150
24.72,2.702,2.149,2.806,380.55,380.91,384.2,29.29,60.49,0,0,167
35.11,5.85,5.256,5.246,387.65,385.21,381.51,29.48,51.27,1,1,105
44.29,5.337,6.521,6.97,378.71,381.89,383.48,26.86,55.84,1,1,60
30.41,4.195,2.462,4.567,378.05,380.07,380.38,29.93,52.98,0,0,127
26.58,2.236,3.582,3.208,380.52,378.37,380.35,29.53,75.24,0,0,164
28.02,3.739,3.857,2.849,382.6,378.22,382.77,30.06,51.85,0,0,172
31.69,5.131,6.381,6.145,384.1,371.41,373.99,26.82,59.98,1,1,95
33.4,2.214,2.269,3.301,380.49,375.58,382.17,26.87,59.14,0,0,162
32.33,6.38,5.781,5.832,383.14,368.88,377.41,28.34,56.48,1,1,76
28.97,2.55,3.295,4.453,380.15,382.45,379.46,29.5,69.34,0,0,169
61.36,10.115,9.512,10.302,365.3,381.45,364.77,29.96,64.92,3,3,15
27.31,2.282,2.872,4.951,379.85,380.39,379.09,28.11,61.2,0,0,163
29.65,3.952,3.843,3.002,379.24,380.08,382.18,28.8,54.2,0,0,165
28.67,3.633,2.024,2.285,380.05,379.89,380.44,27.57,70.36,0,0,132
57.53,10.199,10.615,9.219,378.7,355.22,364.4,28.48,65.11,3,3,24
48.39,10.734,10.905,9.81,387.26,380.1,393.18,27.33,62.45,3,3,7
29.49,4.791,4.511,4.986,376.77,382.36,380.81,29.62,73.52,0,0,171
35.96,5.649,6.442,6.316,383.42,384.43,383.66,27.52,57.78,1,1,61
45.0,8.681,8.403,8.578,364.56,369.01,362.83,28.69,73.15,2,2,38
33.86,5.836,6.497,6.923,372.12,378.76,380.71,28.61,78.37,1,1,82
30.6,3.395,3.892,3.349,378.05,380.07,377.25,29.26,50.86,0,0,141
28.43,3.893,3.049,2.878,376.76,377.79,378.95,28.78,51.13,0,0,179
29.03,2.444,4.239,2.025,375.69,380.59,377.6,28.24,70.15,0,0,162
57.43,9.789,9.003,9.24,409.87,385.89,403.86,27.43,52.23,3,3,7
57.17,10.45,10.79,9.235,374.09,394.08,361.65,27.33,77.43,3,3,24
38.09,6.681,6.695,6.543,380.96,381.19,372.09,28.79,77.06,1,1,107
25.85,3.345,2.962,4.233,378.84,379.88,380.89,27.37,71.89,0,0,127
28.41,3.042,4.043,3.119,379.43,377.85,380.38,27.05,68.1,0,0,164
34.05,5.653,6.247,5.113,380.58,379.78,377.93,27.87,56.39,1,1,75
52.89,10.512,10.28,9.24,409.7,377.36,382.52,28.95,72.57,3,3,14
59.14,10.339,9.954,10.285,394.54,381.64,373.75,26.95,70.14,3,3,11
40.39,7.063,8.453,8.672,394.59,375.33,374.76,27.04,65.83,2,2,37
42.93,6.499,6.929,5.147,382.99,391.61,383.02,27.99,58.17,1,1,99
30.57,2.508,3.862,4.157,383.21,380.94,377.97,28.22,62.43,0,0,162
26.39,2.832,4.99,4.252,382.6,377.33,382.67,27.4,50.2,0,0,123
60.54,9.959,9.032,9.184,369.79,351.83,389.07,26.37,54.34,3,3,11
32.62,6.28,5.109,5.815,382.16,383.73,380.58,27.84,78.01,1,1,97
26.69,3.627,3.582,2.423,380.47,378.56,378.82,28.23,70.23,0,0,167
28.41,4.969,3.132,3.334,379.34,382.63,379.55,30.71,70.09,0,0,147
37.42,6.923,6.205,6.119,383.43,380.61,387.36,28.14,53.09,1,1,110
28.05,4.126,2.747,2.973,383.63,382.18,378.86,28.73,68.97,0,0,154
27.84,2.865,3.915,2.86,378.46,376.83,380.0,29.18,67.44,0,0,140
25.78,3.287,3.957,4.181,380.52,379.02,378.77,28.72,57.71,0,0,152
36.35,5.042,5.446,5.113,379.21,375.41,380.46,26.44,78.22,1,1,61
35.43,5.709,5.762,5.824,384.36,378.18,388.56,25.97,62.16,1,1,89
26.21,2.377,4.441,2.107,384.16,380.72,379.79,29.24,67.05,0,0,160
32.82,5.929,6.641,6.229,379.49,379.88,386.39,26.72,75.1,1,1,66
29.12,3.537,2.406,3.713,383.46,378.03,379.55,28.96,55.94,0,0,150
27.17,3.074,2.025,4.518,377.81,380.18,381.95,27.96,56.73,0,0,165
34.1,5.777,5.832,6.493,380.14,375.45,378.7,30.85,56.3,1,1,94
30.18,5.8,5.301,6.007,375.36,378.67,386.85,28.96,79.48,1,1,113
44.84,7.798,7.831,7.816,390.87,373.23,378.67,29.61,79.76,2,2,30
35.87,5.79,5.984,6.761,378.18,385.1,368.16,28.97,73.07,1,1,60
39.78,5.894,5.946,6.287,379.23,375.26,374.28,26.87,75.6,1,1,62
28.56,2.507,4.465,4.308,380.99,376.61,382.01,27.02,60.54,0,0,125
27.79,4.995,4.667,2.145,383.92,381.68,379.09,27.63,54.23,0,0,175
30.12,4.796,2.837,4.851,381.55,380.3,378.72,28.57,77.41,0,0,175
28.75,4.64,4.999,2.732,380.96,382.92,381.29,28.15,79.48,0,0,156
64.8,11.906,11.516,11.154,390.53,382.84,384.65,28.83,68.46,4,4,2
27.06,4.261,3.342,2.929,375.95,379.61,379.0,28.83,75.16,0,0,127
49.05,9.548,9.63,9.234,390.18,366.94,369.8,29.03,72.06,3,3,10
31.87,5.607,5.691,6.982,378.96,375.65,381.36,27.36,75.18,1,1,61
53.3,7.442,8.354,8.544,372.14,403.25,374.71,27.12,57.5,2,2,39
29.0,3.009,3.767,3.363,378.39,381.38,376.88,29.42,53.28,0,0,176
34.66,5.543,6.71,5.693,380.42,377.84,389.04,27.86,78.81,1,1,96
27.75,4.08,4.404,3.193,377.66,378.56,385.56,26.96,53.68,0,0,142
25.01,4.814,2.459,2.03,377.43,381.35,378.9,26.27,62.45,0,0,139
40.7,6.465,6.372,6.667,383.12,372.87,370.96,29.18,78.54,1,1,88
29.85,4.216,4.679,3.344,378.77,375.07,381.78,27.83,67.58,0,0,125
29.65,4.928,3.597,4.716,384.12,377.12,378.97,27.87,77.32,0,0,123
34.76,5.395,6.253,6.37,382.55,381.47,378.08,27.03,58.41,1,1,101
30.59,4.193,2.727,2.515,376.33,380.52,378.24,28.3,50.87,0,0,160
51.25,9.525,10.678,9.065,375.36,420.27,392.11,27.92,70.44,3,3,12
71.53,11.064,11.396,11.964,334.91,388.29,389.11,27.32,51.09,4,4,3
63.93,9.229,9.611,10.563,386.56,360.42,369.84,28.57,61.55,3,3,24
26.71,3.207,4.35,4.888,379.57,377.97,375.35,27.64,50.59,0,0,158
27.82,4.96,3.858,3.953,380.19,378.75,378.55,26.62,57.08,0,0,174
59.51,10.461,9.081,9.19,368.51,373.08,346.21,28.34,61.85,3,3,12
26.35,3.133,2.95,4.032,378.76,381.23,376.64,29.41,63.06,0,0,130
67.56,11.947,11.468,11.875,360.28,414.34,387.94,27.34,71.8,4,4,4
67.51,11.342,11.168,11.582,363.25,387.0,331.13,27.15,66.44,4,4,5
45.77,8.405,8.585,8.258,384.73,372.19,362.55,27.08,60.8,2,2,34
27.58,3.172,4.373,4.409,380.2,378.2,381.32,29.07,57.55,0,0,155
27.61,4.943,3.841,4.381,377.55,382.85,383.1,28.88,74.46,0,0,173
40.54,8.771,8.298,7.327,379.84,368.18,384.01,28.9,75.42,2,2,53
25.39,3.324,2.054,2.224,381.0,380.02,379.1,28.2,65.63,0,0,124
28.51,4.868,4.095,2.623,380.69,379.97,379.2,27.47,60.13,0,0,141
33.52,5.837,6.017,5.954,372.23,387.83,383.7,27.59,55.16,1,1,86
52.35,10.087,10.423,9.422,364.2,398.13,395.32,27.89,72.33,3,3,27
38.34,6.239,6.606,5.864,379.03,387.36,379.89,28.71,68.24,1,1,109
31.43,5.25,5.053,5.025,381.34,383.09,381.92,29.04,51.48,1,1,93
28.69,4.557,3.645,2.592,377.7,378.07,378.7,28.04,79.99,0,0,144
33.77,5.021,6.252,6.408,385.09,381.24,380.4,27.12,54.69,1,1,76
71.35,11.437,11.397,11.744,333.99,413.2,367.39,27.39,54.82,4,4,3
26.08,3.761,2.2,4.489,377.68,383.78,381.38,28.97,52.71,0,0,147
25.45,3.818,2.269,4.878,381.84,381.37,381.45,29.65,58.26,0,0,178
52.48,9.634,10.7,10.693,397.44,395.64,373.24,25.62,63.45,3,3,12
35.58,6.961,5.701,5.904,381.87,387.28,377.04,28.44,64.2,1,1,64
37.25,5.838,6.567,5.537,381.2,379.9,371.28,27.69,50.66,1,1,87
30.21,6.281,5.828,5.54,382.99,374.32,373.79,27.68,57.84,1,1,105
26.79,4.689,3.909,4.192,378.12,378.4,381.27,27.89,78.87,0,0,143
28.45,4.704,2.811,4.411,381.73,374.58,378.56,27.08,51.57,0,0,131
46.04,8.354,8.045,8.564,384.81,376.58,369.1,28.14,77.96,2,2,42
44.66,8.441,8.532,7.183,364.26,380.81,384.77,27.51,76.96,2,2,37
41.12,7.853,7.279,7.045,367.66,381.57,390.71,28.21,70.73,2,2,51
57.77,10.574,9.233,9.72,378.12,395.06,375.94,26.9,77.7,3,3,27
29.79,3.357,3.273,2.47,379.71,382.43,375.21,28.29,61.75,0,0,167
30.84,3.866,4.906,2.285,377.11,376.6,377.73,28.25,54.09,0,0,147
44.7,8.756,8.172,8.348,390.01,385.68,390.86,29.03,74.08,2,2,36
33.38,6.691,5.231,6.939,379.42,381.87,380.1,28.16,67.81,1,1,101
36.84,5.341,6.795,6.312,382.55,379.8,385.18,27.98,59.44,1,1,66
41.68,7.404,8.905,7.888,375.29,374.92,371.19,26.81,60.34,2,2,41
54.54,10.537,10.77,9.443,377.37,350.88,344.23,28.08,70.12,3,3,8
30.4,4.542,2.029,3.209,380.48,380.81,383.42,30.47,61.0,0,0,128
30.48,4.47,4.638,3.463,379.96,378.64,380.42,28.87,62.54,0,0,175
28.49,4.733,4.979,2.318,382.4,380.02,380.12,27.73,60.36,0,0,148
33.61,5.934,5.48,6.789,372.01,382.0,380.18,28.54,63.71,1,1,94
28.83,3.82,3.813,4.481,376.72,378.9,380.53,26.3,59.18,0,0,153
28.22,3.223,3.954,4.304,381.45,380.0,381.14,27.16,66.12,0,0,153
24.84,2.611,2.467,4.641,376.07,377.04,380.0,27.46,78.83,0,0,127
27.86,2.191,2.663,3.537,380.06,378.98,380.1,27.14,71.3,0,0,174
33.73,6.067,5.288,5.018,377.58,382.31,371.86,29.06,62.5,1,1,87
25.98,3.819,3.571,2.073,382.1,378.81,379.66,30.53,77.84,0,0,127
26.51,4.485,2.969,2.712,380.06,376.55,380.04,29.69,56.44,0,0,149
45.4,8.434,8.666,8.485,402.68,391.56,390.52,28.99,71.73,2,2,41
27.55,3.211,2.644,3.068,378.33,378.89,378.28,28.85,61.58,0,0,139
27.93,2.24,2.269,3.772,380.42,377.05,383.61,28.02,65.14,0,0,134
26.99,2.449,2.312,2.371,380.46,378.32,378.75,27.24,74.96,0,0,133
40.16,7.77,8.479,7.835,374.15,374.65,383.28,27.16,67.71,2,2,57
26.75,2.21,2.079,2.783,381.78,380.17,379.93,29.21,62.34,0,0,141
32.94,5.286,6.716,5.618,385.82,383.98,389.53,27.92,60.25,1,1,67
27.9,4.894,3.528,3.883,377.25,377.76,380.0,27.56,53.8,0,0,137
30.38,2.775,3.442,4.976,379.72,381.76,380.96,28.12,54.66,0,0,173
25.74,4.0,3.816,2.261,380.21,379.19,378.99,27.75,60.72,0,0,166
25.24,2.252,4.978,2.382,381.8,382.02,377.34,29.22,67.5,0,0,164
35.37,5.123,6.311,5.017,383.35,385.62,374.44,26.98,77.61,1,1,99
35.29,6.707,5.484,6.753,377.03,380.98,382.69,27.49,65.77,1,1,116
70.89,11.497,11.144,11.92,383.07,379.63,426.07,26.64,63.63,4,4,1
28.95,4.352,4.473,4.171,379.01,379.11,380.99,26.68,77.51,0,0,147
29.96,2.402,4.015,2.013,379.45,378.66,377.49,27.44,78.0,0,0,168
36.67,7.015,7.122,7.858,386.72,367.76,376.09,28.32,58.95,2,2,31
27.56,3.796,3.509,2.156,380.09,381.39,378.17,27.53,50.62,0,0,178
28.76,4.616,4.062,2.335,375.6,379.54,377.75,28.44,56.47,0,0,174
28.49,2.251,3.449,3.542,379.57,382.5,381.96,30.57,75.18,0,0,150
28.05,4.164,2.018,3.777,384.35,379.19,381.98,26.64,55.14,0,0,162
67.34,11.668,11.609,11.644,340.71,356.69,322.86,27.22,59.43,4,4,3
42.58,7.43,8.651,8.974,388.03,362.89,384.39,28.52,73.2,2,2,58
33.05,6.75,5.053,6.124,376.83,374.31,376.93,28.57,63.52,1,1,118
28.04,3.985,3.776,4.209,379.48,378.58,380.23,28.97,61.82,0,0,168
30.4,2.796,2.505,4.082,382.73,382.12,377.23,27.26,69.46,0,0,128
29.2,2.034,4.09,3.128,384.12,376.98,381.07,28.61,68.75,0,0,170
30.81,2.29,4.855,4.372,382.01,375.97,381.66,26.91,68.9,0,0,134
26.08,3.735,3.494,3.739,377.95,378.25,377.19,28.64,52.7,0,0,176
35.74,6.541,6.234,6.197,385.09,374.25,378.69,28.2,59.17,1,1,63
27.9,6.129,5.229,6.994,381.77,370.65,375.41,28.37,50.65,1,1,85
25.66,3.562,3.175,3.731,381.88,382.83,376.33,26.28,63.68,0,0,167
69.58,11.571,11.953,11.517,370.41,384.84,412.75,27.06,78.25,4,4,2
30.9,6.422,5.591,6.162,384.37,384.46,382.12,27.58,65.15,1,1,113
35.93,5.846,6.034,5.74,382.38,384.14,383.51,29.02,73.84,1,1,82
37.57,6.495,5.882,6.467,385.05,381.78,378.08,27.9,64.64,1,1,80
28.19,4.616,2.867,2.259,383.79,379.66,381.21,26.77,53.74,0,0,175
28.12,2.565,3.053,4.792,379.39,382.72,376.52,27.95,65.83,0,0,169
24.9,2.978,3.427,3.808,384.24,384.18,379.15,28.63,70.68,0,0,164
51.48,8.878,7.5,8.07,391.08,391.72,385.31,26.48,69.83,2,2,40
27.68,3.852,3.215,2.595,375.96,380.03,381.13,26.88,65.24,0,0,143
30.78,2.189,4.502,4.354,380.97,377.73,380.97,29.1,53.78,0,0,163
28.24,3.978,3.205,4.727,381.32,382.52,381.29,27.98,58.31,0,0,159
25.72,3.605,3.046,2.396,379.13,376.71,382.74,29.65,56.96,0,0,156
46.17,7.012,7.859,7.816,393.78,383.36,372.63,28.23,56.81,2,2,31
34.94,5.622,6.968,6.664,392.62,373.02,379.66,29.22,52.8,1,1,65
29.08,4.837,3.329,3.798,383.64,381.51,379.92,28.5,77.8,0,0,172
26.74,3.126,2.725,3.665,382.51,383.41,378.98,26.09,75.4,0,0,125
29.31,2.799,4.698,4.782,384.85,381.81,379.55,27.46,52.96,0,0,131
27.48,4.272,2.671,2.167,379.08,380.79,377.01,29.16,70.7,0,0,146
29.87,4.096,4.112,3.478,377.89,379.96,381.73,28.26,74.98,0,0,165
25.41,3.206,4.151,4.63,381.24,378.85,378.59,29.27,73.25,0,0,146
27.8,3.521,4.062,3.9,377.85,377.9,378.06,26.99,65.66,0,0,177
31.65,6.327,5.762,6.439,373.74,375.11,377.89,28.04,76.8,1,1,65
38.93,6.632,6.87,6.682,380.27,386.11,388.03,26.62,65.36,1,1,115
27.29,3.647,3.615,3.695,380.48,380.6,379.93,26.26,60.22,0,0,146
27.94,4.642,3.192,2.806,383.18,382.62,378.13,28.86,53.0,0,0,120
28.81,6.61,5.74,6.297,375.62,383.4,381.35,28.89,63.87,1,1,77
27.5,4.714,3.022,3.131,380.72,380.13,381.8,29.4,55.23,0,0,176
41.69,8.18,8.391,7.688,386.92,383.49,356.78,27.45,79.95,2,2,45
36.72,6.302,6.713,5.225,381.99,384.23,378.29,29.05,65.4,1,1,60
26.44,3.758,2.539,4.205,379.73,379.79,383.59,28.4,58.55,0,0,143
32.91,4.417,4.374,3.744,381.08,378.74,381.15,30.85,69.62,0,0,166
34.07,6.845,5.113,5.059,383.99,387.48,382.74,29.04,66.47,1,1,109
29.17,3.134,2.024,2.028,378.18,378.21,373.94,26.8,75.25,0,0,167
33.83,5.022,5.624,5.025,378.58,377.16,380.64,27.41,54.72,1,1,71
60.81,9.221,9.936,9.142,391.74,357.29,389.46,28.52,61.26,3,3,12
31.15,6.968,5.061,6.997,384.88,390.28,379.56,27.83,60.63,1,1,98
28.77,4.089,2.494,2.446,376.82,375.57,378.3,28.04,66.88,0,0,133
34.49,5.269,5.302,6.585,378.32,383.0,370.12,27.15,61.41,1,1,69
28.55,3.025,4.051,2.059,381.68,379.81,383.46,28.88,71.65,0,0,123
26.52,2.847,4.506,2.951,378.78,380.73,378.98,27.08,74.46,0,0,162
52.21,9.224,9.582,10.228,375.32,380.34,345.84,26.94,69.41,3,3,21
27.25,3.393,3.486,3.283,383.45,380.24,381.51,28.1,78.5,0,0,156
70.47,11.062,11.959,11.142,367.54,402.72,366.24,27.87,71.61,4,4,5
48.18,10.059,9.791,9.645,389.16,382.3,371.82,28.22,76.72,3,3,19
27.72,4.534,3.255,3.323,381.18,382.52,381.23,27.32,73.6,0,0,158
26.59,2.478,2.132,3.182,377.41,375.58,377.99,29.26,69.12,0,0,169
29.59,2.321,3.514,4.091,380.94,382.37,380.62,26.48,69.84,0,0,127
28.74,4.13,2.032,3.318,379.93,382.45,381.52,27.61,51.85,0,0,174
27.79,3.012,4.154,4.228,378.95,380.73,376.56,27.29,65.32,0,0,160
34.61,5.91,6.534,6.32,372.54,378.54,384.71,29.03,61.26,1,1,82
24.77,2.726,3.196,2.058,379.94,378.78,381.01,25.76,74.83,0,0,153
27.77,2.068,2.732,2.458,379.79,382.28,377.69,25.81,79.48,0,0,146
46.69,8.877,8.445,7.381,388.08,372.45,378.98,27.8,66.88,2,2,45
29.1,4.409,3.281,2.701,380.95,381.73,381.01,27.75,55.97,0,0,129
43.5,7.967,8.002,7.643,379.51,376.79,370.46,29.19,79.62,2,2,50
27.55,2.954,3.596,3.534,379.94,381.23,380.95,28.23,78.35,0,0,166
28.8,4.452,3.681,2.765,377.71,382.15,378.29,29.6,61.78,0,0,164
29.64,6.155,6.03,6.371,375.28,389.33,374.56,27.77,52.06,1,1,103
28.79,6.017,5.048,5.626,380.45,381.09,386.49,25.63,57.69,1,1,85
49.9,9.02,9.55,9.219,360.81,396.95,369.33,28.65,56.93,3,3,25
35.66,6.618,6.561,5.43,388.36,384.47,383.21,25.95,66.65,1,1,73
42.27,7.376,8.719,7.516,378.91,364.54,365.0,27.99,52.21,2,2,33
29.83,2.398,3.556,4.337,381.08,378.58,378.99,27.5,55.58,0,0,179
28.81,2.377,2.415,4.244,382.99,379.68,381.24,29.46,65.3,0,0,142
39.45,8.536,7.85,7.915,396.17,392.77,380.68,29.33,69.27,2,2,39
40.29,8.862,8.683,8.295,391.57,373.44,382.65,28.04,57.28,2,2,48
73.77,11.147,11.971,11.947,383.34,373.82,388.33,27.29,55.27,4,4,5
29.77,3.264,4.382,3.395,380.33,380.03,383.27,26.57,77.18,0,0,136
27.88,2.157,2.287,3.977,378.92,379.45,380.17,27.66,57.94,0,0,120
45.05,8.028,8.146,8.852,369.45,397.99,376.53,27.72,59.16,2,2,43
25.36,2.769,3.781,2.047,378.72,381.65,377.55,28.81,78.71,0,0,137
51.38,10.394,10.192,9.921,358.89,360.53,399.71,28.71,55.95,3,3,28
50.87,7.951,8.073,8.542,379.7,370.23,397.38,28.73,77.49,2,2,36
30.31,2.15,2.466,4.368,378.3,379.37,382.43,27.66,73.7,0,0,131
51.86,8.677,8.899,8.739,382.0,359.04,377.87,28.19,65.65,2,2,52
44.23,8.867,8.612,8.386,374.51,371.65,362.77,28.12,67.97,2,2,51
30.13,3.664,3.269,3.697,378.36,381.15,379.64,27.14,58.37,0,0,159
62.1,9.361,10.105,9.431,389.46,391.5,358.53,28.37,51.25,3,3,15
27.91,2.446,3.675,4.752,379.56,382.17,379.32,29.14,61.1,0,0,173
52.43,7.037,7.255,8.508,368.16,379.04,387.45,27.76,58.33,2,2,45
28.42,3.842,3.596,2.276,381.97,378.7,379.35,27.28,74.72,0,0,149
56.04,10.354,9.398,9.159,377.74,367.25,417.93,26.91,61.61,3,3,25
26.97,3.048,4.225,4.27,378.98,377.69,381.45,28.67,75.72,0,0,164
29.07,2.001,3.087,4.213,377.6,380.74,377.9,26.74,79.28,0,0,129
48.4,9.971,10.66,10.901,376.42,358.76,399.52,27.29,78.6,3,3,26
30.87,3.825,2.66,3.438,377.63,382.36,380.31,27.23,64.13,0,0,136
27.72,4.573,4.693,4.84,380.32,377.32,379.03,27.25,77.43,0,0,174
72.83,11.751,11.933,11.317,375.78,394.08,399.33,29.61,50.96,4,4,3
63.91,11.56,11.429,11.966,425.66,416.2,395.12,28.3,70.17,4,4,4
37.3,5.011,6.97,6.756,381.5,383.71,383.8,27.7,73.1,1,1,92
35.17,6.986,5.023,5.599,385.55,377.17,391.36,27.83,77.11,1,1,105
30.04,3.23,3.575,3.431,382.99,379.43,376.06,28.29,71.83,0,0,144
28.4,4.108,3.358,2.73,378.12,380.71,381.11,28.51,59.11,0,0,154
29.73,4.949,2.822,2.608,378.67,379.83,380.12,28.32,60.44,0,0,144
37.82,5.832,5.034,6.236,383.86,373.32,385.35,29.03,74.84,1,1,91
43.48,7.766,8.178,8.442,373.45,374.89,380.8,28.32,62.24,2,2,42
44.64,7.682,8.083,8.35,365.23,373.86,401.81,27.09,55.15,2,2,42
44.93,7.205,8.225,7.188,384.59,377.05,376.38,28.19,54.36,2,2,42
26.69,2.602,2.323,3.32,383.9,379.92,377.88,28.33,67.01,0,0,176
26.75,3.66,2.096,3.408,379.66,381.43,382.56,28.57,76.65,0,0,179
28.21,3.441,2.532,3.432,380.29,373.15,376.32,26.56,56.95,0,0,147
27.34,4.704,4.502,3.661,378.97,384.68,381.51,27.8,62.55,0,0,168
27.96,3.373,3.557,2.42,375.68,376.75,380.17,28.13,70.69,0,0,134
60.62,9.939,9.879,9.893,395.27,344.76,386.92,27.71,64.84,3,3,13
27.7,3.891,2.904,2.056,379.63,379.48,380.74,26.82,71.5,0,0,162
29.16,3.794,2.635,4.553,381.02,379.84,381.73,29.33,50.85,0,0,166
28.34,2.994,2.356,3.711,380.12,380.21,380.3,26.73,71.16,0,0,157
45.04,7.583,7.566,7.477,375.36,402.49,390.05,29.61,57.85,2,2,30
28.78,6.721,5.948,6.599,380.77,387.2,382.12,27.72,60.95,1,1,77
27.93,2.821,3.518,3.009,380.16,383.56,380.75,27.44,79.52,0,0,146
28.99,2.035,3.764,3.504,379.71,382.31,382.33,28.39,52.65,0,0,152
35.59,6.909,6.843,5.108,385.61,377.5,386.62,28.53,52.66,1,1,117
27.94,3.871,4.491,3.081,381.64,376.15,377.04,29.63,70.02,0,0,134
43.85,8.983,8.426,7.328,381.19,383.23,381.73,27.52,59.5,2,2,40
34.45,6.957,6.748,5.718,390.12,384.4,375.27,26.97,58.93,1,1,77
30.73,4.738,2.578,3.168,379.78,381.33,378.38,28.11,55.72,0,0,152
25.57,4.867,2.086,2.599,380.69,379.01,377.04,28.47,58.7,0,0,151
60.87,11.613,11.354,11.334,362.1,403.55,417.6,27.39,54.26,4,4,1
28.83,3.304,3.464,4.782,380.56,376.46,385.99,27.35,72.95,0,0,123
26.65,3.411,2.952,3.868,382.41,381.37,380.96,27.32,76.63,0,0,149
43.12,8.203,8.213,7.73,391.21,380.07,389.21,28.25,68.99,2,2,44
49.91,9.106,9.486,10.591,368.11,408.69,375.89,28.25,76.05,3,3,27
80.49,11.545,11.051,11.746,394.93,435.16,381.99,28.09,61.98,4,4,1
46.51,8.29,7.791,8.636,374.52,380.81,382.38,27.79,73.56,2,2,36
26.82,4.814,4.477,4.093,378.04,379.69,378.43,26.25,64.39,0,0,146
28.42,4.237,2.616,2.879,382.5,378.44,379.26,29.04,54.58,0,0,123
45.92,7.944,8.816,7.726,373.26,380.06,361.52,28.27,77.93,2,2,40
34.11,6.247,5.687,5.308,375.5,375.68,382.82,28.14,79.81,1,1,74
27.74,2.755,3.111,2.061,382.68,381.43,386.8,29.92,78.26,0,0,133
55.99,9.358,9.207,9.104,410.14,364.35,387.2,28.89,63.85,3,3,25
27.6,3.496,4.876,4.204,381.25,378.31,381.69,28.17,59.66,0,0,174
28.88,2.739,2.027,2.706,380.62,377.99,380.22,26.74,63.88,0,0,164
29.98,2.646,2.198,3.595,380.92,381.24,380.71,27.0,53.65,0,0,172
29.42,3.668,2.981,3.327,379.82,384.42,381.61,30.19,56.72,0,0,147
28.21,4.976,2.269,2.38,381.24,380.43,380.39,28.69,51.29,0,0,131
28.61,3.722,4.56,3.194,381.94,378.7,380.2,28.5,53.14,0,0,179
30.17,4.302,4.716,3.228,381.37,378.35,379.01,29.44,67.5,0,0,165
29.39,6.5,6.02,5.21,377.86,384.04,383.94,28.46,61.76,1,1,74
31.74,5.687,5.92,5.384,375.84,376.3,375.55,28.15,62.3,1,1,102
34.49,6.982,5.945,6.108,370.05,381.66,378.12,28.32,66.89,1,1,65
78.67,11.496,11.018,11.335,409.08,393.96,355.51,26.61,56.25,4,4,2
27.82,3.984,4.734,3.211,381.18,377.68,380.75,28.56,69.99,0,0,167
27.55,4.791,3.782,4.403,380.97,377.36,379.06,27.82,60.73,0,0,171
44.18,7.581,8.23,8.806,381.02,383.06,380.93,29.24,65.74,2,2,41
30.45,2.66,3.105,3.092,380.74,379.87,381.1,28.95,55.04,0,0,146
73.9,11.42,11.485,11.256,334.0,386.27,372.3,29.94,79.78,4,4,1
28.66,4.481,4.533,3.707,380.36,381.25,379.66,26.26,71.92,0,0,171
71.58,11.833,11.715,11.73,426.17,382.72,426.25,27.06,57.36,4,4,2
27.13,4.727,2.645,2.614,380.59,380.9,380.65,28.6,67.93,0,0,139
55.45,9.03,9.706,9.286,359.9,371.76,373.0,28.85,51.16,3,3,28
27.5,4.433,4.636,2.214,379.1,379.65,379.81,27.5,71.84,0,0,124
74.75,11.094,11.659,11.317,365.43,390.01,373.71,28.39,55.86,4,4,1
26.35,3.527,4.663,4.081,381.46,376.76,377.32,28.39,66.58,0,0,159
35.06,5.05,6.208,5.291,382.06,381.73,387.51,27.91,56.74,1,1,111
67.67,11.777,11.229,11.527,369.38,435.36,346.31,27.62,65.46,4,4,4
28.58,2.784,4.168,2.964,378.09,381.99,379.98,26.17,71.3,0,0,140
34.66,6.41,5.454,6.591,377.22,385.98,388.93,28.0,73.14,1,1,116
35.16,5.004,6.777,5.54,385.25,382.88,378.96,26.78,78.77,1,1,105
29.28,4.12,4.167,2.255,380.01,378.15,382.58,29.03,53.92,0,0,128
33.44,5.347,5.682,5.817,386.12,376.49,378.65,27.27,65.77,1,1,65
35.37,6.316,5.128,5.332,382.93,381.84,370.68,29.27,53.54,1,1,111
58.55,10.666,10.411,10.155,384.98,389.69,375.19,26.64,54.04,3,3,8
26.65,4.45,3.966,3.522,379.58,377.88,378.95,26.45,53.65,0,0,157
28.21,3.09,2.766,3.52,380.15,380.94,380.61,28.79,51.15,0,0,171
76.46,11.523,11.55,11.097,369.38,389.78,359.69,25.65,68.78,4,4,2
55.09,10.587,9.561,10.114,369.19,386.17,386.16,29.21,63.81,3,3,8
28.51,3.297,4.45,2.589,378.49,381.15,377.68,27.4,68.67,0,0,175
34.46,6.17,5.562,6.82,377.63,370.78,375.36,28.1,52.44,1,1,63
30.62,3.215,2.632,3.779,375.98,381.44,382.54,27.56,68.37,0,0,152
29.57,2.459,2.199,2.648,379.23,378.48,385.17,28.42,73.77,0,0,142
25.13,2.481,3.943,4.788,379.9,379.34,379.29,26.87,76.7,0,0,132
28.86,4.577,2.23,2.319,384.93,379.78,381.9,27.01,70.36,0,0,149
34.97,5.829,5.213,6.846,378.6,377.0,383.39,27.66,56.27,1,1,95
29.44,4.325,3.299,2.576,383.03,382.29,377.78,26.83,78.48,0,0,168
67.6,11.906,11.982,11.35,406.31,388.14,338.44,27.72,71.07,4,4,4
75.26,11.557,11.853,11.315,335.33,452.29,399.85,27.7,77.39,4,4,2
35.79,5.281,5.779,5.823,377.59,378.27,383.63,29.78,67.77,1,1,73
28.96,4.636,3.071,2.9,382.29,382.55,382.11,28.35,67.89,0,0,155
28.75,4.259,3.554,4.672,381.32,381.56,380.33,26.31,51.57,0,0,136
48.32,8.897,8.283,8.754,368.79,393.8,400.37,28.15,61.86,2,2,47
38.39,6.044,5.387,6.784,379.47,380.72,378.06,25.08,66.99,1,1,108
26.28,2.448,3.407,4.493,381.7,381.3,380.28,28.57,77.72,0,0,163
56.96,10.391,10.849,10.425,401.7,401.22,366.89,29.56,55.05,3,3,18
44.78,8.535,8.499,8.079,368.4,401.87,364.54,27.51,71.53,2,2,31
53.45,10.722,10.626,9.067,382.88,381.77,348.51,28.41,61.05,3,3,23
34.3,5.091,5.6,6.062,372.15,376.82,381.04,27.76,54.68,1,1,103
35.96,5.762,5.88,5.94,365.44,378.25,381.2,28.42,73.84,1,1,82
28.21,2.12,2.997,3.412,382.28,377.88,381.09,28.77,58.18,0,0,123
56.67,9.724,10.468,9.208,387.05,382.45,401.93,28.05,64.0,3,3,16
48.81,8.721,8.906,7.847,384.27,375.57,386.59,27.85,63.18,2,2,42
26.82,3.113,3.903,2.054,381.31,381.55,381.03,28.02,62.32,0,0,120
29.4,4.598,4.227,4.847,379.68,381.18,376.74,27.65,70.65,0,0,145
27.45,3.04,4.587,4.563,384.05,380.13,379.45,26.47,68.64,0,0,163
43.44,7.357,8.514,7.095,388.74,381.73,379.99,27.69,66.02,2,2,35
65.67,11.843,11.718,11.944,379.26,389.0,383.96,26.58,58.21,4,4,4
26.76,2.524,2.976,2.598,382.01,383.89,376.91,26.96,52.72,0,0,138
31.31,6.28,6.215,5.307,384.74,382.58,373.77,28.29,72.19,1,1,60
26.04,4.351,2.906,3.537,382.31,380.87,379.95,27.82,56.85,0,0,175
69.65,11.142,11.71,11.661,372.82,369.48,340.99,28.72,58.58,4,4,5
44.52,7.854,7.204,7.987,369.21,389.26,388.22,27.51,58.01,2,2,35
50.57,8.219,7.221,8.255,377.18,380.45,366.34,29.98,50.58,2,2,40
28.76,3.506,3.765,3.03,377.73,381.41,380.26,27.95,60.83,0,0,146
28.26,4.154,4.691,4.705,382.3,380.68,379.74,29.08,61.99,0,0,120
27.34,2.102,4.463,3.638,377.58,378.43,377.34,28.43,56.13,0,0,132
27.83,2.45,2.27,3.69,380.43,377.86,378.04,28.8,52.07,0,0,134
41.94,7.295,8.388,8.785,367.47,386.04,381.42,27.45,63.21,2,2,47
47.79,7.636,8.108,8.461,396.46,369.12,378.76,26.24,53.49,2,2,38
64.82,11.039,11.725,11.645,355.42,353.83,415.18,27.88,63.95,4,4,5
72.47,11.455,11.356,11.947,413.82,415.38,426.05,28.92,54.45,4,4,5
39.21,6.532,5.137,6.653,384.39,374.47,378.89,28.59,66.97,1,1,87
41.25,8.718,7.807,7.797,374.54,376.02,368.75,27.97,53.46,2,2,41
62.13,9.876,10.685,10.193,367.61,388.84,378.6,28.45,50.57,3,3,14
46.25,8.936,7.64,7.074,375.86,386.06,372.61,27.44,79.44,2,2,32
30.41,3.048,4.765,4.799,381.47,378.73,381.62,27.87,55.72,0,0,168
28.53,4.605,3.15,2.94,381.3,379.65,379.91,27.85,51.33,0,0,177
25.28,4.453,4.97,3.221,382.33,383.18,378.63,28.8,71.99,0,0,134
68.12,11.883,11.971,11.425,337.76,389.54,405.6,25.48,53.59,4,4,1
35.45,5.833,5.146,5.198,371.5,376.33,379.03,28.67,58.73,1,1,117
29.33,2.77,3.339,4.084,378.42,380.34,378.49,26.97,63.47,0,0,123
39.37,5.66,6.616,5.261,380.53,381.83,379.09,28.96,76.7,1,1,107
32.93,6.09,5.448,5.888,384.84,386.39,379.7,29.49,61.8,1,1,104
27.28,4.479,2.802,2.833,374.72,381.71,377.42,29.41,59.21,0,0,147
27.72,3.881,3.009,4.016,379.77,377.94,381.34,29.17,54.63,0,0,167
33.95,6.646,6.081,5.446,380.79,379.85,381.87,29.41,68.1,1,1,76
29.63,3.73,2.497,3.208,375.82,377.87,376.63,28.08,70.68,0,0,164
45.63,8.936,8.598,7.273,382.77,379.09,369.96,27.97,79.98,2,2,51
29.05,4.029,3.023,3.631,379.3,379.09,378.07,27.81,61.91,0,0,158
47.4,7.348,7.756,8.608,395.99,372.59,394.1,28.03,67.11,2,2,47
33.68,6.677,6.111,6.38,381.45,385.31,378.38,28.67,72.31,1,1,63
41.22,5.678,5.904,5.204,379.65,376.09,384.38,26.46,78.35,1,1,64
58.03,9.361,10.448,10.624,380.97,394.38,404.08,27.33,64.71,3,3,21
26.28,2.951,3.007,3.012,382.07,376.56,380.21,27.92,58.28,0,0,165
26.73,2.86,4.344,2.455,379.77,381.32,380.46,27.96,65.05,0,0,171
25.09,2.07,3.066,4.22,376.73,380.13,381.73,27.61,70.36,0,0,146
48.76,7.672,7.589,8.746,379.36,380.73,394.4,26.95,77.68,2,2,46
37.6,5.258,5.637,5.11,383.15,381.63,382.82,28.17,51.0,1,1,90
37.42,5.478,5.413,6.94,378.86,379.14,379.67,26.93,74.57,1,1,109
29.55,2.21,4.374,3.806,377.35,384.64,379.43,26.24,62.55,0,0,147
28.93,2.959,3.143,3.841,380.69,379.31,384.66,28.11,65.14,0,0,136
27.8,4.657,4.66,2.073,381.05,375.34,377.65,28.98,60.78,0,0,176
26.89,2.525,4.669,3.826,380.28,377.1,378.15,28.97,77.41,0,0,163
35.29,5.432,5.087,5.611,381.18,380.51,381.62,28.5,77.16,1,1,116
29.41,3.602,2.655,2.493,376.94,380.03,376.8,28.85,53.55,0,0,139
27.11,4.268,2.294,3.341,378.48,381.09,381.41,27.59,57.83,0,0,139
52.8,10.854,10.803,9.18,349.46,379.8,363.4,29.95,59.98,3,3,28
29.04,3.146,3.783,2.209,378.44,378.74,380.05,27.66,62.27,0,0,153
27.35,2.228,4.086,2.758,377.37,378.54,379.27,30.77,67.08,0,0,147
43.99,7.821,7.385,8.49,370.67,386.73,377.53,26.07,74.16,2,2,50
28.91,4.5,4.787,3.376,379.27,380.97,382.85,28.09,75.74,0,0,157
31.98,6.474,5.431,5.799,386.9,380.18,389.71,28.09,74.5,1,1,113
46.38,7.895,8.324,8.413,389.13,394.33,380.69,27.24,79.6,2,2,39
51.45,9.612,9.255,10.091,386.32,392.7,388.02,26.23,71.13,3,3,26
27.21,4.196,4.218,3.979,380.55,379.18,377.09,27.87,76.16,0,0,168
48.31,9.45,9.954,9.265,362.25,374.23,359.71,26.54,67.34,3,3,10
26.15,4.146,4.107,4.901,380.2,382.07,378.39,27.51,65.47,0,0,163
27.05,3.709,2.665,4.27,381.01,379.54,378.43,29.93,55.65,0,0,142
27.53,2.727,2.73,4.632,380.52,381.18,378.76,28.59,69.02,0,0,161
71.92,11.844,11.261,11.098,351.76,430.12,403.27,25.44,77.09,4,4,3
27.14,4.921,2.864,4.668,381.93,380.65,380.96,27.57,66.93,0,0,134
30.01,4.379,2.819,3.879,381.08,381.7,385.14,27.38,53.91,0,0,175
39.27,6.974,5.796,5.664,387.07,385.61,382.14,27.32,53.59,1,1,103
27.36,4.1,2.018,3.414,384.01,378.39,376.63,29.12,53.72,0,0,154
24.82,2.887,2.201,4.687,379.98,378.55,380.73,28.34,52.88,0,0,143
31.12,3.206,4.872,4.987,378.23,381.5,379.62,27.11,68.1,0,0,148
28.96,4.469,2.693,2.295,379.05,379.94,379.2,29.69,74.47,0,0,143
28.19,4.058,3.32,3.138,380.21,383.11,381.26,28.33,52.73,0,0,145
27.46,4.579,4.774,4.479,378.97,377.55,378.21,27.55,52.64,0,0,163
37.75,6.41,5.72,5.091,379.63,379.65,384.4,28.2,63.59,1,1,80
29.29,2.285,2.962,3.161,378.34,377.87,380.76,27.62,70.86,0,0,163
27.88,4.423,3.991,2.454,380.33,378.18,377.22,26.07,58.27,0,0,142
57.6,10.894,9.201,9.311,370.79,374.28,391.1,29.11,52.4,3,3,28
26.03,2.727,4.321,3.586,379.75,381.49,379.7,29.07,53.46,0,0,170
36.31,5.527,5.411,5.528,378.39,386.08,374.94,27.32,72.47,1,1,75
27.86,3.696,3.344,2.928,375.75,380.06,380.54,29.59,51.46,0,0,146
29.43,4.257,2.627,2.59,378.62,378.76,384.23,29.72,52.87,0,0,162
27.47,3.188,4.95,4.425,379.0,378.47,382.35,26.67,71.8,0,0,129
24.18,3.213,2.679,2.052,380.52,377.21,380.73,29.85,77.92,0,0,154
29.49,3.285,2.994,4.932,379.19,381.66,375.22,26.98,57.38,0,0,170
29.24,4.172,3.986,3.324,379.91,379.76,380.09,27.49,56.33,0,0,136
28.22,2.223,2.867,3.882,384.0,382.36,376.58,28.37,73.18,0,0,125
29.75,4.587,3.036,3.02,378.3,378.34,379.35,28.82,72.77,0,0,137
27.3,2.891,3.28,2.558,380.66,378.85,381.57,27.43,57.09,0,0,176
29.85,3.274,4.512,4.633,378.49,381.78,378.9,27.82,79.67,0,0,152
28.51,4.011,3.391,3.84,378.12,378.11,382.44,27.29,74.14,0,0,129
26.76,3.762,3.357,4.324,380.48,379.54,377.13,27.62,62.89,0,0,144
33.32,5.975,5.276,6.347,371.95,383.77,374.59,27.66,62.09,1,1,113
28.69,3.131,2.004,3.34,382.48,378.92,379.39,27.84,68.17,0,0,158
45.25,7.97,7.212,7.556,381.24,389.71,372.75,27.85,77.71,2,2,48
38.29,5.118,6.812,5.378,382.38,384.04,379.81,29.03,53.91,1,1,102
27.03,4.288,2.205,2.038,380.36,381.78,377.55,27.32,57.94,0,0,150
57.06,10.724,9.983,9.255,414.96,350.62,388.67,29.5,64.56,3,3,21
54.61,9.671,9.165,10.101,391.02,358.07,377.93,26.53,73.15,3,3,10
27.56,4.976,2.308,2.159,381.42,382.25,381.35,26.92,67.15,0,0,158
29.78,4.87,2.898,4.971,377.38,381.35,383.23,27.57,61.14,0,0,148
44.55,8.221,7.239,8.848,376.17,369.97,392.19,28.09,68.54,2,2,53
35.32,6.89,6.293,5.432,384.2,386.6,386.82,28.48,52.44,1,1,89
27.95,3.231,4.965,3.409,379.56,380.97,379.4,25.19,78.63,0,0,136
27.76,2.617,2.935,2.923,379.46,376.35,378.38,26.2,71.59,0,0,124
30.34,3.054,2.942,4.053,381.99,379.21,377.21,28.45,54.21,0,0,129
27.9,3.762,2.603,4.37,379.35,380.48,380.21,28.02,52.74,0,0,137
36.64,6.662,5.818,6.386,375.33,384.88,377.89,27.58,74.36,1,1,60
31.09,2.468,4.37,2.193,381.11,377.82,379.13,28.62,78.65,0,0,161
24.27,3.45,4.371,3.432,379.85,379.31,382.86,27.52,68.26,0,0,139
35.43,5.305,6.661,5.711,383.87,377.52,379.37,27.45,67.04,1,1,80
29.43,2.044,4.244,2.275,382.96,380.71,376.7,28.65,63.54,0,0,175
26.87,4.876,2.782,4.048,380.35,380.93,380.26,28.15,68.0,0,0,131
35.37,5.461,6.487,6.056,373.95,372.18,377.0,27.5,67.3,1,1,95
52.5,10.371,9.241,9.246,355.21,387.04,357.46,26.37,53.03,3,3,23
28.27,4.343,3.1,4.934,378.09,377.71,379.57,28.49,63.27,0,0,148
25.58,3.669,3.553,4.576,377.82,381.06,379.76,27.32,57.56,0,0,144
27.97,2.995,2.544,2.733,381.22,380.77,382.24,28.36,54.65,0,0,142
26.41,3.73,4.479,2.128,377.71,375.28,379.68,29.45,74.51,0,0,163
26.79,2.679,3.406,3.275,379.08,378.32,378.92,28.56,73.44,0,0,124
29.74,3.296,3.784,3.046,382.29,378.45,377.1,27.77,75.78,0,0,148
28.75,3.203,3.292,2.172,383.88,382.84,379.57,27.6,51.94,0,0,158
28.76,4.216,2.635,3.18,381.18,381.14,378.77,26.9,68.63,0,0,173
27.64,3.88,4.464,3.535,381.01,378.06,382.24,28.53,61.27,0,0,131
26.39,4.947,3.996,4.87,380.76,379.38,380.12,26.77,79.67,0,0,158
28.49,4.672,3.025,3.394,381.82,379.4,381.04,27.82,50.04,0,0,164
28.05,3.848,2.567,2.576,379.09,380.31,378.31,27.55,55.8,0,0,140
29.77,2.148,4.668,3.996,380.25,383.03,382.81,27.56,68.17,0,0,125
53.65,10.36,10.286,10.722,363.24,379.38,394.56,26.74,59.07,3,3,21
38.32,6.57,5.588,6.512,389.21,373.33,371.18,27.77,73.37,1,1,60
37.44,6.45,5.119,6.163,379.71,380.24,381.21,27.03,61.08,1,1,100
45.64,7.192,7.321,7.171,371.11,390.74,376.27,27.29,56.26,2,2,51
26.73,4.295,4.844,4.151,380.62,381.72,377.47,26.09,64.86,0,0,177
27.69,4.326,4.405,3.949,376.46,384.94,377.9,29.18,63.53,0,0,123
27.39,3.811,4.687,4.599,379.36,381.08,380.94,27.75,65.66,0,0,148
35.86,6.748,6.442,6.286,386.16,388.4,382.45,26.93,60.76,1,1,95
32.65,6.829,6.15,6.476,377.57,379.95,380.32,27.27,54.95,1,1,103
28.51,2.853,4.144,3.704,379.35,381.56,377.8,28.64,77.51,0,0,169
26.52,3.184,2.54,2.855,376.4,379.23,381.55,27.13,65.16,0,0,164
27.15,4.157,4.628,3.305,377.09,381.51,380.12,28.5,59.64,0,0,125
28.97,2.309,2.215,2.283,378.81,380.22,382.39,27.23,54.52,0,0,125
33.68,5.881,6.775,5.505,378.36,385.19,378.11,28.52,62.82,1,1,118
32.19,6.183,6.468,6.03,382.96,384.18,374.73,28.35,61.71,1,1,79
29.48,2.326,4.256,2.137,378.17,381.19,378.78,28.5,63.71,0,0,162
67.29,11.328,11.158,11.168,395.46,429.64,383.09,27.78,75.12,4,4,2
31.57,5.041,5.063,6.015,381.98,377.12,381.78,26.23,56.53,1,1,76
28.96,2.982,3.885,2.518,379.55,376.64,380.96,26.56,52.5,0,0,154
30.29,3.101,3.636,3.549,380.73,379.44,378.72,27.71,54.11,0,0,123
27.88,2.52,2.163,3.97,379.19,382.15,379.41,28.38,60.9,0,0,159
26.62,3.629,3.3,2.83,382.11,378.25,379.01,28.77,55.36,0,0,162
30.26,3.128,3.404,3.258,379.77,383.2,381.35,28.31,50.0,0,0,139
27.93,4.074,4.085,3.29,379.58,380.43,383.89,28.49,78.66,0,0,164
27.18,3.241,4.857,4.471,384.07,379.56,383.54,26.04,64.2,0,0,159
29.26,2.476,3.778,4.689,381.55,379.86,378.03,28.7,58.93,0,0,172
46.96,9.111,9.005,9.202,387.09,339.16,382.49,26.85,58.74,3,3,23
26.71,4.38,3.801,2.301,379.11,377.7,383.79,28.63,62.02,0,0,171
28.35,2.577,2.812,4.562,377.16,384.52,379.67,26.84,78.7,0,0,168
27.89,3.613,3.476,4.407,377.59,378.38,380.74,26.9,74.01,0,0,162
66.89,11.625,11.468,11.217,387.08,377.45,318.08,28.5,62.0,4,4,4
28.35,4.486,3.277,2.185,383.47,377.49,380.43,27.92,68.7,0,0,147
28.82,3.999,3.64,2.616,381.47,381.24,378.74,30.91,52.16,0,0,121
68.21,11.751,11.141,11.1,375.05,329.2,415.4,27.95,53.21,4,4,4
45.81,7.988,8.748,8.775,394.55,398.81,385.47,28.6,59.78,2,2,51
38.18,7.805,8.529,7.488,386.09,376.07,390.72,28.01,76.13,2,2,40
26.97,2.64,3.279,4.818,376.17,378.07,381.79,25.26,59.75,0,0,146
29.5,4.373,3.66,2.222,380.34,378.25,377.19,27.0,70.2,0,0,124
32.04,5.037,6.511,5.531,381.42,370.32,381.7,27.75,68.1,1,1,118
52.23,9.241,9.24,10.452,352.21,397.85,416.88,27.52,51.82,3,3,21
36.55,5.474,5.852,6.461,373.34,383.16,384.0,28.01,53.87,1,1,73
39.19,5.322,6.265,5.105,384.22,382.26,378.89,27.09,77.63,1,1,78
28.04,3.032,4.724,4.835,379.97,379.61,378.39,28.03,77.62,0,0,154
55.73,8.232,8.579,8.624,373.4,373.97,372.99,27.63,66.97,2,2,51
27.41,3.912,4.218,2.543,380.24,380.78,380.27,29.19,79.32,0,0,139
29.56,4.86,4.026,3.647,380.47,378.91,378.96,26.85,64.27,0,0,120
29.29,2.898,2.97,2.781,378.6,382.64,379.33,29.73,62.83,0,0,123
28.65,4.519,3.278,3.934,380.27,380.48,377.45,27.06,77.69,0,0,161
28.64,3.695,2.988,2.421,382.88,378.19,377.22,27.37,58.27,0,0,140
27.02,2.583,4.922,3.085,381.83,383.23,382.98,28.14,58.06,0,0,162
27.81,6.059,6.765,6.889,378.57,377.49,374.61,28.84,58.19,1,1,66
27.91,4.106,2.682,2.012,377.43,380.4,379.87,26.45,57.59,0,0,173
36.99,6.951,6.725,6.62,381.81,377.35,379.24,27.54,59.04,1,1,109
28.93,4.138,3.905,3.162,378.65,378.98,378.8,27.33,64.38,0,0,148
27.62,4.186,3.701,2.589,382.62,382.19,381.12,28.26,53.15,0,0,166
30.64,2.607,4.005,2.547,381.12,377.26,383.53,29.0,60.6,0,0,150
29.77,4.426,2.708,3.384,375.81,379.28,380.15,28.18,71.8,0,0,171
28.22,4.148,4.286,2.788,381.15,377.51,378.56,30.24,57.92,0,0,169
24.69,3.928,4.11,2.897,378.51,381.3,382.76,28.2,61.87,0,0,166
28.39,4.078,3.596,3.303,377.36,382.18,379.28,28.89,62.58,0,0,148
74.05,11.297,11.471,11.093,380.46,345.77,369.01,28.58,61.83,4,4,3
27.94,2.917,3.096,3.191,380.52,380.94,378.66,28.0,66.67,0,0,136
44.22,8.65,8.009,8.833,390.56,383.98,380.13,27.99,56.5,2,2,55
28.59,2.236,3.459,2.629,382.06,381.56,382.09,27.86,57.02,0,0,140
37.77,5.824,6.432,5.219,386.21,378.72,385.27,28.94,63.09,1,1,118
41.46,7.545,8.015,7.631,383.1,379.75,381.81,27.31,52.84,2,2,47
32.46,5.694,5.073,5.373,375.9,385.79,386.12,28.95,57.45,1,1,90
26.54,3.629,4.959,3.297,381.15,380.53,380.16,29.57,59.51,0,0,166
29.12,3.619,4.073,3.264,380.82,381.07,380.34,27.39,73.7,0,0,124
28.95,2.066,3.695,4.242,381.75,381.31,379.84,26.91,79.14,0,0,122
51.58,10.454,9.699,9.186,357.69,381.31,398.71,28.14,57.87,3,3,21
41.49,7.929,7.04,7.282,385.55,391.38,388.23,28.0,53.1,2,2,50
81.4,11.198,11.48,11.888,425.78,396.74,400.71,26.13,60.43,4,4,5
29.15,2.737,3.955,4.497,376.32,383.9,379.12,29.13,62.5,0,0,138
35.09,6.488,6.713,5.62,371.89,373.93,385.49,26.83,74.72,1,1,117
46.05,9.395,9.728,10.334,387.21,390.9,378.67,26.96,61.44,3,3,27
26.7,3.069,3.117,2.955,377.82,380.79,380.71,28.39,67.65,0,0,164
30.21,3.668,4.571,2.698,380.38,379.0,380.96,29.29,52.51,0,0,125
36.97,5.321,6.466,5.863,370.76,377.39,373.96,28.41,69.67,1,1,86
32.65,5.809,6.107,6.876,386.82,381.96,388.6,27.38,50.22,1,1,76
44.9,8.976,8.318,7.731,362.77,377.82,392.73,26.68,76.87,2,2,36
28.66,3.912,4.363,4.099,379.72,380.17,383.55,28.34,78.0,0,0,124
47.0,7.44,8.673,8.38,382.88,383.59,391.89,27.33,70.58,2,2,44
25.91,4.708,2.828,3.263,380.57,379.05,377.48,28.5,63.07,0,0,159
28.59,3.135,4.243,4.739,378.42,381.48,379.49,28.89,63.67,0,0,133
28.84,2.011,2.761,3.482,382.28,378.75,380.34,29.3,69.73,0,0,125
42.14,8.162,8.06,8.687,376.68,364.71,383.11,26.88,61.66,2,2,57
35.23,5.381,6.753,6.145,367.81,382.77,377.09,28.13,79.75,1,1,90
27.73,3.594,4.048,2.712,382.24,379.61,378.95,27.26,76.15,0,0,172
27.87,4.354,4.445,4.782,379.13,377.95,381.63,29.4,59.98,0,0,160
56.23,10.185,9.99,10.891,392.78,393.72,380.99,27.4,78.14,3,3,8
29.83,2.367,4.623,2.179,382.07,377.92,379.56,27.7,61.44,0,0,161
49.0,7.525,7.089,7.536,387.75,383.24,373.2,28.4,75.78,2,2,30
27.57,3.615,4.434,2.649,378.51,379.16,382.54,29.67,51.01,0,0,151
30.07,3.191,3.752,4.214,379.65,376.02,378.49,27.17,75.51,0,0,157
28.07,3.614,4.342,2.944,381.5,381.01,379.96,28.84,62.7,0,0,167
28.45,4.322,4.915,3.077,381.67,379.61,381.85,29.6,51.57,0,0,148
34.61,5.983,5.037,5.296,372.95,387.54,375.0,28.69,58.95,1,1,61
27.48,4.239,4.97,4.999,382.58,380.26,379.01,27.68,58.95,0,0,168
28.49,3.362,3.224,3.492,382.2,382.51,382.5,29.7,57.94,0,0,139
58.2,9.444,10.348,9.209,372.8,334.33,362.33,27.56,60.13,3,3,8
31.08,4.905,2.432,4.619,379.98,381.36,376.79,27.93,61.82,0,0,143
28.37,2.605,2.212,4.318,381.24,377.15,379.4,29.94,66.16,0,0,178
53.99,10.489,10.516,10.996,378.25,387.24,398.7,29.92,51.57,3,3,19
34.47,6.068,5.603,5.57,373.94,364.95,379.22,29.1,72.89,1,1,108
28.64,2.257,4.841,2.875,377.84,379.08,379.32,29.88,72.72,0,0,171
46.91,9.532,10.781,10.958,391.01,379.86,363.21,26.88,59.51,3,3,12
35.39,6.798,5.204,5.286,379.54,378.56,385.15,27.45,60.21,1,1,95
27.11,2.954,4.87,4.367,378.34,381.18,379.24,27.79,70.4,0,0,156
28.26,3.092,3.348,4.582,381.11,379.23,378.37,27.06,57.04,0,0,153
41.65,7.386,8.15,7.656,375.44,384.62,376.84,27.98,78.13,2,2,52
33.97,5.564,6.722,5.977,375.03,383.26,368.35,28.69,76.38,1,1,109
28.91,4.813,3.217,3.706,381.33,381.97,377.32,27.11,62.83,0,0,167
57.63,10.859,10.513,9.104,388.83,361.32,387.04,29.09,50.27,3,3,26
46.18,7.073,8.193,7.778,376.68,386.53,390.52,25.44,74.17,2,2,57
28.5,2.763,2.777,3.465,377.58,378.33,380.67,29.58,78.29,0,0,149
26.08,2.636,2.177,3.612,379.4,379.32,380.14,29.35,79.79,0,0,160
30.44,4.889,4.495,3.391,377.28,378.81,380.76,27.95,50.77,0,0,154
35.55,6.455,6.662,5.25,381.09,378.76,378.05,26.68,58.57,1,1,114
28.1,3.225,2.929,2.891,382.12,381.38,379.31,28.01,50.43,0,0,174
28.75,6.808,5.089,5.645,383.48,393.51,381.89,30.12,52.0,1,1,104
36.39,8.344,8.902,7.971,382.24,400.96,375.42,28.69,54.43,2,2,52
59.69,9.912,9.077,9.036,356.02,374.19,397.16,28.94,66.59,3,3,10
29.2,2.368,4.889,2.369,383.26,381.5,378.82,28.97,63.53,0,0,124
49.23,8.045,8.033,8.383,380.47,378.98,366.79,28.36,53.26,2,2,49
30.42,3.004,3.137,4.802,380.31,379.52,379.65,27.41,66.74,0,0,153
43.31,7.37,7.078,7.072,383.25,391.79,387.91,27.72,70.89,2,2,36
29.13,3.011,3.859,2.858,379.23,382.73,377.44,29.11,76.96,0,0,137
24.28,4.993,4.26,4.912,379.09,380.45,383.39,26.86,65.19,0,0,161
49.87,8.949,8.169,7.892,374.03,386.54,368.18,28.12,56.13,2,2,35
30.4,3.636,4.296,4.687,378.79,381.15,376.66,28.99,72.86,0,0,162
27.67,2.311,4.511,3.651,378.31,382.21,382.31,27.37,53.08,0,0,126
33.92,5.155,6.187,5.379,384.71,378.19,384.04,27.85,56.35,1,1,85
36.49,6.006,5.538,6.197,378.71,384.3,383.22,28.83,57.96,1,1,77
32.77,5.417,6.889,5.039,377.14,384.08,374.09,27.38,64.82,1,1,87
31.22,5.927,6.211,5.979,380.25,375.9,379.89,27.21,67.82,1,1,117
25.36,4.59,2.477,2.045,375.73,376.81,382.48,28.19,55.69,0,0,128
27.11,2.575,4.734,2.058,379.55,377.65,383.12,26.61,50.61,0,0,164
28.34,3.686,3.396,3.97,380.37,379.61,383.93,26.01,76.41,0,0,164
27.91,4.396,2.632,3.637,380.33,378.99,377.88,26.78,61.49,0,0,140
49.24,10.261,9.884,10.257,366.25,392.64,388.24,29.64,50.6,3,3,19
36.76,5.783,5.84,6.938,380.26,385.46,384.85,26.0,61.1,1,1,71
25.93,4.481,2.469,3.031,381.84,377.26,378.84,27.07,68.08,0,0,162
28.27,2.847,2.97,3.055,377.31,380.12,379.65,28.95,54.0,0,0,167
40.56,10.959,9.516,9.918,379.52,357.43,382.01,29.63,63.01,3,3,20
30.78,2.927,2.946,2.182,379.41,381.31,383.61,28.44,56.73,0,0,125
39.97,6.02,6.042,6.181,383.93,379.68,381.16,27.66,74.97,1,1,69
28.39,4.582,2.046,2.322,381.87,380.54,378.97,27.7,78.35,0,0,136
37.13,5.027,5.698,5.264,380.97,378.85,380.33,26.85,52.32,1,1,112
27.39,2.946,4.626,3.042,379.51,376.17,383.55,27.99,63.83,0,0,154
49.55,10.417,9.179,10.29,359.75,388.84,357.49,28.23,67.19,3,3,23
48.52,9.533,9.808,10.404,368.44,380.9,394.53,27.92,71.04,3,3,12
30.02,6.973,5.883,6.036,393.57,387.51,378.69,28.01,71.14,1,1,100
37.27,6.188,5.63,5.7,371.05,382.33,387.37,28.08,55.26,1,1,95
46.15,10.612,10.777,10.703,403.0,374.07,373.22,29.53,52.92,3,3,18
34.8,6.654,6.634,6.832,385.81,381.07,379.52,29.77,56.76,1,1,61
28.49,2.499,4.505,3.076,379.08,379.91,382.69,27.43,60.74,0,0,131
33.34,5.374,5.978,6.596,377.13,384.67,380.82,29.61,66.14,1,1,110
36.42,5.71,6.956,6.408,376.85,373.39,380.93,26.47,65.04,1,1,62
26.79,3.949,2.252,2.544,380.96,384.27,379.33,28.52,76.56,0,0,127
38.47,6.357,6.638,6.128,388.87,381.0,380.79,28.32,52.39,1,1,69
60.89,10.974,10.774,9.822,407.51,358.3,366.28,27.21,78.85,3,3,24
49.71,10.157,10.975,9.745,350.56,372.89,375.18,27.71,71.29,3,3,25
29.28,4.162,3.266,4.536,383.46,382.05,381.49,27.15,52.83,0,0,166
26.04,3.284,4.95,2.986,381.81,380.81,379.86,27.2,72.7,0,0,151
67.6,11.951,11.938,11.012,414.75,390.33,369.43,28.34,70.19,4,4,2
46.29,7.609,7.071,8.871,363.31,387.12,382.67,27.72,77.75,2,2,38
27.67,4.207,4.327,4.426,380.88,379.59,380.06,31.38,77.8,0,0,139
57.58,9.063,10.547,9.104,378.83,372.27,372.8,28.03,53.66,3,3,24
45.93,7.814,8.452,7.22,374.56,369.16,401.01,29.39,68.63,2,2,50
29.14,4.908,2.592,4.853,383.99,380.89,379.52,27.19,71.21,0,0,163
35.17,5.177,6.992,6.795,377.21,378.87,383.25,26.06,61.75,1,1,107
26.64,4.411,4.659,2.746,379.7,382.48,379.52,27.78,55.08,0,0,168
28.72,3.117,3.115,2.585,379.95,380.65,378.95,27.44,75.57,0,0,141
27.74,4.979,4.449,4.556,381.36,380.41,379.28,28.14,75.87,0,0,179
47.1,8.83,8.947,7.524,356.11,377.22,380.35,28.25,53.16,2,2,49
28.71,2.718,2.561,3.066,378.46,378.41,376.92,28.99,72.98,0,0,144
25.01,3.354,4.246,4.707,378.58,380.07,378.72,28.6,78.76,0,0,144
28.42,2.078,4.97,2.967,379.31,380.74,379.67,27.4,55.1,0,0,123
23.02,4.869,3.301,4.357,378.82,379.96,377.06,30.63,63.97,0,0,173
57.39,10.403,10.437,9.881,385.64,365.67,389.49,29.25,68.35,3,3,7
28.79,2.981,2.987,3.795,379.25,378.84,378.29,28.32,70.39,0,0,125
24.89,4.264,2.522,3.695,376.71,384.05,378.0,28.13,51.25,0,0,143
34.27,5.937,6.655,5.902,380.61,381.31,381.88,29.36,76.51,1,1,65
27.13,4.098,3.025,3.3,379.56,379.53,379.88,27.95,64.46,0,0,137
27.93,3.257,4.338,3.065,378.83,378.37,380.36,28.69,76.28,0,0,123
28.22,4.031,3.973,2.639,379.58,378.08,381.55,27.57,58.15,0,0,128
28.83,4.337,3.893,3.542,380.84,378.39,383.08,29.25,56.59,0,0,165
27.92,3.054,2.062,4.931,381.59,376.59,378.32,28.42,63.93,0,0,170
24.88,2.83,3.968,2.36,380.4,380.58,380.79,26.22,65.39,0,0,142
29.08,2.739,4.591,2.941,381.62,378.36,381.78,27.71,60.03,0,0,173
56.38,10.645,10.093,9.437,393.71,347.46,390.71,29.25,70.34,3,3,18
27.86,4.054,2.651,4.953,380.86,381.02,380.85,25.99,62.15,0,0,125
33.62,6.837,6.717,5.398,377.44,378.62,381.79,28.08,73.39,1,1,60
33.1,5.234,5.809,5.084,374.23,385.48,383.64,28.1,60.36,1,1,82
29.64,2.572,4.422,3.972,379.14,378.79,378.11,26.75,69.32,0,0,155
33.52,6.989,5.024,6.082,384.09,380.73,395.44,28.42,61.97,1,1,108
29.85,3.598,3.874,4.964,381.19,378.56,379.8,27.46,68.4,0,0,130
64.61,11.096,11.355,11.251,396.58,445.06,391.94,27.08,51.86,4,4,5
29.21,3.781,4.418,3.282,379.41,379.67,378.06,28.31,62.3,0,0,172
29.7,3.475,4.618,2.904,379.71,379.73,381.05,28.66,50.75,0,0,156
29.47,2.052,3.216,4.779,380.36,378.82,375.8,27.87,56.74,0,0,167
79.22,11.537,11.944,11.41,392.11,405.13,383.84,28.08,76.88,4,4,5
25.82,4.325,4.219,3.614,384.21,375.75,378.62,26.93,75.11,0,0,171
36.94,5.58,5.373,5.813,371.2,382.42,382.54,28.97,70.27,1,1,75
29.2,2.881,4.26,2.657,379.56,382.63,379.99,26.9,61.8,0,0,131
32.13,5.264,6.015,6.385,385.91,382.53,385.57,25.2,58.07,1,1,114
30.44,3.538,4.792,4.211,378.61,381.95,380.32,26.75,67.38,0,0,134
51.74,10.596,10.573,9.729,380.38,382.0,397.14,27.66,71.09,3,3,25
29.19,3.507,3.937,2.629,379.42,382.12,379.52,28.59,53.7,0,0,136
25.49,4.071,4.196,2.129,378.31,383.49,379.57,27.0,65.8,0,0,127
27.27,4.651,2.598,4.467,379.37,379.55,379.92,28.35,64.0,0,0,131
25.99,3.26,4.669,3.312,380.47,381.07,378.21,27.93,76.87,0,0,152
33.33,5.792,6.172,6.839,374.84,376.64,379.18,28.87,63.58,1,1,81
28.91,3.52,2.098,2.208,380.6,376.69,381.29,29.47,73.46,0,0,153
48.12,7.647,8.018,8.348,368.33,395.69,398.28,29.01,57.97,2,2,36
32.6,4.807,3.374,2.383,377.93,379.63,385.79,28.12,77.8,0,0,121
29.01,4.5,4.063,3.068,380.5,378.46,378.57,30.31,62.56,0,0,120
28.31,3.255,2.115,3.301,378.39,383.59,379.26,28.82,75.07,0,0,150
25.67,3.51,4.306,4.633,383.01,379.51,378.32,29.13,70.14,0,0,124
35.02,6.685,5.501,6.777,384.09,384.57,383.96,27.69,66.34,1,1,85
28.98,4.223,2.777,3.032,378.04,379.43,383.14,28.7,66.81,0,0,151
27.5,3.75,3.434,3.647,380.43,377.23,377.82,27.67,72.4,0,0,141
41.73,7.371,7.439,7.516,381.23,381.73,408.46,28.53,79.72,2,2,34
61.91,9.531,9.125,9.064,392.49,387.97,391.31,28.25,58.17,3,3,20
27.56,4.644,2.913,3.963,380.4,375.43,379.57,29.69,71.83,0,0,128
26.66,4.049,4.71,2.693,382.15,377.8,379.15,28.19,63.36,0,0,121
34.8,6.741,6.552,5.168,368.88,379.64,384.94,27.95,75.97,1,1,109
27.27,2.452,2.039,2.33,382.18,376.3,381.08,27.45,50.87,0,0,151
26.49,4.835,4.799,2.677,380.66,379.34,380.16,27.26,55.41,0,0,174
26.62,4.705,2.507,4.649,382.11,380.41,381.57,27.95,66.64,0,0,137
34.56,6.14,6.211,5.731,374.76,381.1,376.99,27.76,59.1,1,1,80
42.74,6.118,6.339,5.053,376.55,379.73,381.27,26.69,56.77,1,1,72
26.38,3.424,3.674,3.338,380.15,379.95,378.46,28.51,76.83,0,0,163
29.47,2.172,3.791,3.707,380.03,378.92,377.55,28.43,69.27,0,0,168
29.5,3.494,4.693,4.899,381.75,382.8,377.45,28.79,71.32,0,0,173
33.28,6.963,6.423,5.837,384.92,383.95,383.94,28.46,61.2,1,1,108
27.9,3.291,3.221,3.293,383.39,382.26,378.22,26.09,54.77,0,0,135
27.9,2.142,2.588,3.746,378.89,380.96,380.59,27.54,77.79,0,0,126
44.11,8.535,8.125,8.119,375.95,374.79,372.06,27.71,70.21,2,2,36
28.01,3.271,3.533,2.642,380.76,380.08,379.62,27.62,74.7,0,0,141
35.87,6.126,5.704,6.212,381.05,379.76,378.73,25.48,73.87,1,1,88
27.55,4.291,2.402,2.266,380.15,381.78,385.09,29.71,58.78,0,0,175
27.08,4.505,3.917,3.218,378.4,379.93,380.94,29.03,76.78,0,0,131
27.29,2.561,3.859,4.752,378.1,379.83,375.62,27.26,73.79,0,0,160
39.15,6.824,6.425,5.846,377.96,379.32,382.25,28.02,55.9,1,1,111
42.91,8.516,8.282,8.847,374.04,385.29,385.47,29.16,64.97,2,2,44
48.97,8.873,7.635,7.311,384.51,381.5,377.31,26.29,78.63,2,2,48
25.76,4.75,2.7,4.342,377.9,380.74,377.84,27.52,78.08,0,0,140
40.04,6.484,6.392,6.781,368.28,385.09,377.69,28.79,51.96,1,1,63
26.4,4.89,3.047,4.496,382.11,377.11,380.34,26.78,77.94,0,0,167
28.52,2.065,2.699,4.272,379.33,382.77,380.85,26.76,76.55,0,0,155
52.19,10.962,9.04,10.093,361.0,366.51,397.79,26.6,67.59,3,3,27
28.36,4.504,2.099,2.805,383.79,378.39,379.88,27.84,54.56,0,0,159
27.91,2.426,4.966,2.066,378.37,384.24,380.46,27.42,77.55,0,0,161
30.02,3.793,4.781,3.195,378.8,381.44,379.33,28.76,79.61,0,0,175
30.74,4.478,2.794,4.177,381.32,378.67,379.82,26.83,70.38,0,0,159
27.13,3.968,4.526,4.161,379.97,379.09,381.01,28.44,71.39,0,0,160
35.65,6.169,6.805,6.658,387.24,373.06,370.02,28.25,74.26,1,1,99
27.8,3.095,4.407,3.588,381.57,382.0,383.0,29.46,69.58,0,0,152
54.97,9.464,9.873,10.71,381.96,360.33,366.94,27.67,76.49,3,3,16
49.41,8.506,7.303,7.801,368.95,357.92,377.37,28.54,63.36,2,2,47
29.86,2.275,3.857,2.491,380.45,378.84,379.83,28.87,79.37,0,0,168
30.34,3.336,2.181,4.393,381.32,380.1,377.54,28.25,78.48,0,0,139
27.86,2.034,2.604,4.981,385.52,379.46,378.66,27.42,70.39,0,0,150
31.23,6.635,5.738,5.588,380.91,382.27,385.37,29.31,77.3,1,1,114
25.63,4.373,3.69,2.229,380.74,384.26,380.28,27.88,66.4,0,0,125
31.07,6.228,6.445,6.445,382.41,381.74,381.55,28.83,66.21,1,1,115
28.11,4.117,3.073,4.255,378.52,384.44,378.78,27.05,51.74,0,0,164
31.93,6.877,6.326,6.689,387.11,376.97,386.68,27.41,73.34,1,1,70
26.67,4.682,4.173,3.396,378.72,375.55,380.24,29.19,56.87,0,0,155
25.77,4.953,4.563,4.791,378.62,379.56,382.9,28.45,58.53,0,0,130
53.67,10.308,10.07,10.193,354.74,369.36,392.24,29.18,71.16,3,3,15
41.76,7.337,7.789,8.533,387.99,378.88,386.75,28.06,56.58,2,2,57
29.34,4.394,2.641,2.802,380.18,376.84,378.22,27.54,76.22,0,0,157
49.02,7.392,7.334,8.151,381.88,400.57,375.29,26.32,77.33,2,2,43
28.0,3.195,3.902,4.581,380.01,380.73,378.41,27.92,50.96,0,0,129
60.63,10.417,10.321,9.229,404.03,369.49,374.07,29.89,63.87,3,3,7
48.36,8.608,7.225,7.169,380.47,374.03,372.87,28.4,70.43,2,2,42
31.1,4.207,2.81,3.058,383.42,379.23,381.51,26.11,62.85,0,0,154
24.65,3.594,2.821,4.78,382.46,379.93,383.6,27.8,76.29,0,0,177
26.21,4.933,4.034,3.222,375.14,380.11,379.17,27.67,76.98,0,0,157
26.26,2.498,3.99,2.614,382.25,375.33,383.72,29.4,55.86,0,0,125
37.27,5.48,6.458,5.504,376.37,381.04,379.77,27.71,58.76,1,1,88
24.65,3.792,4.152,3.342,380.1,382.15,380.69,26.99,51.66,0,0,126
30.31,2.593,4.458,4.733,381.94,378.83,381.87,28.68,50.1,0,0,144
43.34,7.403,8.181,7.325,379.76,383.22,368.67,28.32,56.96,2,2,53
71.65,11.083,11.285,11.52,429.21,391.38,399.32,29.93,52.18,4,4,1
28.02,4.816,3.376,4.815,379.81,378.04,380.74,30.54,50.59,0,0,171
26.96,4.215,3.205,2.213,382.58,383.57,379.67,27.88,55.52,0,0,166
27.17,3.078,3.15,3.425,382.74,383.87,379.7,28.44,71.38,0,0,133
28.36,3.415,4.338,3.923,381.21,379.9,378.91,29.55,78.88,0,0,155
60.51,9.306,10.972,10.309,394.78,378.26,364.5,29.33,66.55,3,3,16
28.7,3.847,3.652,2.752,377.75,378.45,379.5,28.48,60.41,0,0,152
35.76,5.204,5.466,6.125,380.1,383.48,381.41,27.14,61.76,1,1,66
26.72,2.752,3.003,3.025,383.92,377.2,379.61,26.97,68.44,0,0,178
37.12,6.741,6.392,5.49,386.14,387.67,377.81,28.44,63.05,1,1,102
33.75,5.107,6.217,6.431,378.56,387.39,374.77,28.76,58.32,1,1,77
44.13,7.411,7.728,8.3,384.91,384.92,394.68,28.49,52.19,2,2,35
26.62,3.357,2.383,4.408,382.11,381.79,380.29,28.7,59.69,0,0,142
28.19,3.097,2.136,3.768,381.84,381.49,379.63,26.84,64.82,0,0,133
25.74,3.202,2.416,2.346,378.91,380.93,379.63,28.04,57.7,0,0,170
56.14,10.127,9.154,10.6,360.72,362.49,381.39,27.72,63.78,3,3,28
45.06,9.361,10.5,9.409,380.46,363.93,400.0,27.54,66.86,3,3,20
32.04,6.185,5.972,6.478,377.56,388.01,380.43,26.94,54.14,1,1,68
34.93,6.252,5.98,5.286,380.41,380.77,377.29,27.35,77.99,1,1,66
32.73,6.511,6.579,5.21,378.42,385.79,382.54,26.41,73.36,1,1,95
27.35,2.044,4.638,2.464,377.01,379.19,381.71,27.97,64.81,0,0,146
54.67,9.287,9.27,9.513,378.87,384.45,406.25,28.57,70.64,3,3,22
26.85,2.845,2.631,2.409,379.36,379.51,379.56,27.13,74.31,0,0,178
27.32,4.28,3.453,3.613,380.17,378.63,380.7,29.38,56.64,0,0,149
30.27,2.794,2.932,3.8,379.36,380.94,377.06,28.02,71.02,0,0,145
29.13,4.567,3.401,4.505,379.27,379.31,381.72,28.37,78.7,0,0,168
28.65,2.917,2.662,4.147,383.17,384.61,384.88,28.42,67.15,0,0,128
34.71,6.876,5.015,6.145,384.87,384.31,379.25,26.48,73.87,1,1,106
29.29,3.825,4.021,2.875,379.16,375.4,377.76,29.93,53.31,0,0,144
34.69,5.882,6.618,6.011,385.18,384.27,382.73,27.64,78.8,1,1,113
27.82,4.614,4.308,4.467,378.57,379.84,380.67,27.12,76.86,0,0,169
27.63,2.106,4.59,3.08,381.3,380.43,380.44,26.85,79.88,0,0,155
27.11,4.702,2.154,4.175,382.22,379.12,382.28,27.63,51.6,0,0,127
27.05,4.066,2.222,2.61,381.0,376.76,379.77,28.13,69.26,0,0,178
37.58,5.726,5.25,5.288,379.09,376.27,377.79,28.35,78.39,1,1,77
29.33,2.844,3.786,4.07,381.87,379.47,379.99,28.41,54.57,0,0,178
42.34,6.138,5.233,6.14,383.62,382.43,375.08,29.42,51.39,1,1,89
27.8,2.476,3.194,2.69,379.63,381.01,377.98,27.23,74.3,0,0,179
37.22,6.106,6.074,6.436,375.08,377.52,377.87,25.36,69.23,1,1,82
50.55,10.889,9.225,9.904,380.28,379.78,379.63,28.54,75.49,3,3,12
36.55,5.313,5.373,6.854,380.2,376.03,382.35,27.6,57.58,1,1,86
27.72,2.594,3.626,3.805,376.9,383.01,382.39,27.72,56.88,0,0,121
29.99,3.616,2.9,2.802,379.28,381.17,378.98,28.58,63.52,0,0,147
25.51,3.691,2.472,4.568,379.79,381.74,378.58,27.57,58.04,0,0,156
34.13,6.667,5.696,5.069,375.36,383.33,381.47,27.76,68.95,1,1,92
28.17,4.294,4.336,4.31,379.69,380.64,377.83,29.27,66.36,0,0,140
28.66,2.33,2.118,3.808,379.43,380.03,377.87,28.37,60.79,0,0,160
35.94,5.65,6.034,5.091,378.32,381.55,384.88,27.0,54.94,1,1,111
29.4,4.637,4.886,4.572,382.77,380.35,379.06,25.74,61.7,0,0,156
51.43,8.345,8.381,7.092,370.4,362.45,377.9,27.68,70.79,2,2,46
29.69,2.944,3.9,4.066,378.36,382.15,383.3,29.76,60.12,0,0,177
29.16,3.145,4.204,4.783,382.46,381.1,379.03,27.45,76.52,0,0,130
41.41,6.815,6.431,6.392,384.75,388.99,385.84,26.99,74.39,1,1,113
27.1,4.534,2.776,2.977,380.56,379.64,384.31,28.04,71.05,0,0,170
33.92,6.364,5.881,6.593,378.71,380.29,370.09,25.2,71.87,1,1,89
28.14,2.727,3.783,4.652,380.49,380.33,378.6,27.39,75.92,0,0,155
28.75,4.779,2.306,3.803,376.45,381.31,379.33,25.79,50.04,0,0,135
48.27,8.464,8.503,8.494,383.07,358.67,369.73,28.17,69.97,2,2,31
48.98,7.868,7.622,8.832,380.17,364.5,373.73,28.54,51.0,2,2,51
36.46,5.717,6.5,6.893,384.7,378.46,374.05,27.61,67.64,1,1,92
27.25,3.261,2.265,2.606,382.97,379.87,377.57,27.59,53.66,0,0,124
30.48,5.914,5.267,6.047,381.9,388.34,376.37,26.73,50.53,1,1,69
26.75,3.851,2.518,3.239,377.83,374.28,377.54,27.82,61.58,0,0,140
29.24,4.103,2.03,3.014,381.5,379.2,375.57,28.48,64.89,0,0,141
53.52,10.304,10.416,10.557,389.98,349.73,399.84,29.49,78.49,3,3,7
27.15,3.498,3.231,2.234,379.43,380.88,380.12,27.27,67.91,0,0,120
75.12,11.806,11.26,11.301,355.13,411.81,406.21,27.06,61.85,4,4,4
30.4,2.764,2.471,4.078,380.53,380.48,379.63,28.83,61.52,0,0,157
28.07,4.156,2.468,4.761,384.92,377.34,381.67,27.72,75.13,0,0,149
28.16,2.509,4.092,2.673,379.93,378.47,381.06,27.23,60.27,0,0,165
46.48,9.756,10.631,9.358,388.01,376.37,371.15,25.83,73.7,3,3,21
37.18,5.079,5.864,5.765,381.42,380.45,381.62,28.01,52.24,1,1,118
47.02,7.621,8.161,8.907,381.31,393.32,391.58,28.65,59.06,2,2,37
33.97,6.428,6.224,5.854,376.71,373.45,371.29,29.08,52.09,1,1,103
41.39,5.429,5.942,5.919,387.44,373.01,383.57,28.19,53.35,1,1,65
46.5,7.355,8.574,8.672,401.52,397.86,370.68,30.02,78.25,2,2,35
28.39,4.424,4.507,3.734,378.46,375.24,378.76,27.95,72.76,0,0,163
27.34,3.638,3.954,3.55,378.2,379.96,379.25,26.91,70.82,0,0,176
28.33,2.224,3.209,2.008,380.8,377.21,380.1,28.78,65.29,0,0,132
74.17,11.903,11.908,11.524,353.97,350.14,368.38,28.29,59.07,4,4,2
51.15,10.048,9.538,10.658,387.74,367.62,383.23,27.49,51.3,3,3,20
26.88,3.093,3.14,4.416,378.39,383.89,379.1,28.15,79.62,0,0,154
31.87,5.116,5.089,5.41,385.12,377.69,372.75,30.17,79.96,1,1,101
60.5,9.402,10.046,9.692,356.5,382.27,381.4,27.42,55.46,3,3,22
27.49,4.851,3.743,4.444,379.74,381.74,379.67,26.95,69.44,0,0,159
35.86,6.726,5.586,5.9,376.8,373.74,386.84,27.6,52.28,1,1,60
60.27,10.297,9.58,10.691,372.58,365.18,319.71,27.85,54.22,3,3,28
28.72,2.977,2.091,2.062,381.22,379.71,380.07,29.09,70.59,0,0,129
38.11,5.061,6.529,6.671,365.79,386.95,383.34,28.39,77.03,1,1,83
26.43,4.155,3.046,3.762,381.3,382.82,383.78,26.77,72.58,0,0,153
56.89,10.103,10.969,10.438,374.34,377.12,368.59,28.5,61.08,3,3,17
73.71,11.653,11.577,11.126,362.18,350.26,369.66,27.64,76.19,4,4,2
49.92,9.412,9.951,10.028,364.67,387.2,360.64,27.57,72.24,3,3,16
31.66,2.985,3.48,4.748,378.27,378.46,378.96,26.21,60.7,0,0,141
47.48,8.842,7.367,8.606,366.9,394.23,378.89,30.45,51.58,2,2,41
49.15,7.511,8.277,8.718,380.01,388.52,392.49,28.17,62.88,2,2,47
27.66,2.009,4.624,4.631,382.43,378.78,381.49,27.88,70.46,0,0,170
39.45,8.268,7.854,8.799,390.44,414.29,381.15,26.69,72.63,2,2,36
29.6,4.04,3.733,3.106,378.69,381.32,378.15,28.38,61.53,0,0,160
40.16,6.296,6.817,5.833,375.29,372.16,376.2,27.88,60.9,1,1,102
29.15,2.488,3.646,4.573,376.85,383.99,380.31,27.09,54.3,0,0,167
27.37,2.503,2.137,4.706,383.71,380.76,380.96,28.54,66.11,0,0,179
27.29,2.522,3.655,4.835,382.0,382.55,380.14,29.21,50.37,0,0,148
29.57,5.664,5.124,6.044,377.41,382.8,372.82,28.13,65.33,1,1,93
28.24,2.094,2.32,3.65,378.48,379.2,380.15,28.5,53.94,0,0,162
37.3,6.185,6.345,5.074,381.45,381.57,383.65,29.34,73.07,1,1,82
28.98,2.871,3.363,4.083,380.09,379.43,382.41,27.46,63.38,0,0,158
29.24,2.936,2.806,3.294,382.99,377.28,378.82,28.91,66.72,0,0,158
27.78,3.7,4.421,3.683,379.45,379.3,377.83,28.03,74.37,0,0,152
38.26,8.488,8.182,8.079,384.17,379.36,363.98,28.39,60.24,2,2,57
28.66,3.87,3.043,3.857,380.75,383.58,382.84,27.22,63.47,0,0,142
33.54,5.712,6.364,6.933,377.2,379.12,380.66,28.36,51.18,1,1,86
51.8,9.142,10.774,10.532,380.32,387.24,361.78,28.51,71.81,3,3,17
32.81,5.85,6.85,5.334,379.1,379.52,382.55,29.24,58.52,1,1,76
27.77,3.125,3.106,2.584,383.37,384.21,378.22,27.65,55.59,0,0,156
24.62,2.361,4.611,4.818,379.55,378.75,380.43,28.07,58.18,0,0,134
54.68,10.241,9.158,9.995,397.53,390.76,405.35,29.01,70.56,3,3,9
28.75,3.602,2.711,4.232,376.27,379.52,381.25,28.96,65.81,0,0,143
44.14,9.638,10.723,9.393,378.88,373.36,372.14,26.95,76.7,3,3,22
26.53,4.901,2.211,3.414,378.23,380.21,376.99,26.99,78.73,0,0,175
49.41,10.124,10.076,10.182,370.45,381.18,376.64,28.63,71.45,3,3,16
44.3,8.856,8.594,8.219,376.5,373.55,382.74,27.46,61.62,2,2,33
76.07,11.19,11.333,11.109,398.55,411.87,390.82,26.73,65.49,4,4,5
29.75,3.334,3.017,4.544,382.55,379.87,380.12,28.34,61.41,0,0,177
47.28,7.414,8.391,7.362,373.07,377.83,376.44,28.22,52.74,2,2,53
26.39,2.611,2.093,3.54,379.87,378.3,380.31,28.31,67.7,0,0,175
27.4,4.773,2.032,3.734,379.89,380.76,380.73,27.44,61.22,0,0,148
33.76,6.479,6.832,5.915,376.12,381.4,380.74,28.88,70.03,1,1,88
55.1,10.643,9.089,10.912,374.5,354.67,370.86,27.17,60.02,3,3,24
73.8,11.036,11.831,11.85,344.27,412.16,383.03,27.8,51.16,4,4,3
35.97,8.111,8.442,7.502,379.03,375.11,372.45,28.34,56.68,2,2,32
27.23,4.983,2.503,4.366,377.95,382.36,381.42,26.11,73.1,0,0,135
28.83,2.73,4.965,4.856,377.37,383.56,381.13,28.97,78.76,0,0,140
38.2,6.193,6.273,6.699,385.99,384.37,376.84,26.69,78.58,1,1,97
25.35,3.136,4.145,3.1,381.3,379.37,379.57,26.92,66.46,0,0,131
29.56,3.902,3.767,4.746,378.95,381.52,376.99,27.58,61.72,0,0,174
30.51,4.428,3.879,4.096,377.99,379.26,375.4,27.42,59.16,0,0,170
31.2,2.667,2.639,3.228,378.92,378.96,378.2,29.33,58.87,0,0,126
27.65,2.852,2.078,4.657,378.11,379.56,380.59,26.16,52.95,0,0,137
26.1,3.572,3.544,3.404,381.44,381.04,378.79,28.43,50.5,0,0,131
26.78,2.006,4.617,3.331,381.57,378.41,378.25,28.8,67.89,0,0,163
28.11,4.915,2.409,3.705,380.24,382.86,380.34,27.17,71.86,0,0,132
73.84,11.663,11.216,11.404,398.51,381.73,359.56,27.55,72.2,4,4,1
26.04,2.764,4.096,3.475,379.42,380.83,378.19,27.89,65.21,0,0,158
26.76,2.654,3.895,3.147,381.27,382.51,379.87,27.37,76.96,0,0,123
39.22,5.354,5.585,6.103,376.26,371.08,385.82,27.98,67.6,1,1,106
26.96,3.085,2.546,4.883,379.58,381.96,381.69,26.75,73.81,0,0,125
46.94,9.648,10.004,10.248,391.52,365.89,348.63,29.85,57.19,3,3,16
39.35,8.116,7.53,7.074,378.43,377.57,382.06,29.56,51.86,2,2,46
24.71,2.27,4.488,2.179,380.92,378.97,383.51,29.55,69.53,0,0,163
30.27,3.63,3.754,2.44,376.11,378.41,380.89,27.12,73.11,0,0,178
56.44,10.732,10.889,10.329,347.22,376.01,359.25,27.96,71.54,3,3,22
51.45,10.499,9.356,9.492,367.26,402.77,393.81,28.85,60.98,3,3,23
30.48,3.313,3.704,3.48,377.81,380.97,375.57,29.81,58.04,0,0,154
30.44,5.456,6.611,6.276,376.31,372.63,381.76,27.17,52.26,1,1,89
27.37,2.135,2.485,2.09,378.19,381.67,382.23,27.55,70.45,0,0,123
74.0,11.359,11.48,11.966,365.33,400.24,356.41,25.8,73.16,4,4,1
28.02,3.867,3.428,4.338,381.54,378.39,379.11,29.37,54.24,0,0,141
50.19,9.44,10.19,10.953,377.67,408.17,372.35,28.7,58.76,3,3,25
38.35,5.979,5.221,5.943,376.34,373.79,377.61,27.4,54.23,1,1,100
31.99,6.97,5.703,6.289,369.33,381.93,383.11,28.38,79.88,1,1,105
27.7,3.8,2.1,2.245,374.95,379.01,377.63,30.06,64.6,0,0,143
29.46,3.439,3.444,2.956,381.05,381.39,382.09,27.23,79.47,0,0,142
25.32,2.47,3.622,2.297,380.6,376.04,379.73,28.56,61.64,0,0,165
27.38,3.854,2.202,3.394,378.92,377.34,383.73,27.83,59.38,0,0,157
27.81,4.657,3.566,2.407,378.73,378.0,376.54,28.93,67.73,0,0,173
46.3,7.297,8.736,7.603,386.35,394.83,353.94,27.79,52.57,2,2,38
26.85,2.418,2.014,2.029,382.39,379.07,383.58,29.16,78.03,0,0,122
26.8,4.762,2.23,3.829,378.16,380.12,384.02,27.12,53.06,0,0,163
69.79,11.902,11.63,11.262,398.77,342.4,347.19,25.92,77.98,4,4,3
68.48,10.192,9.82,10.677,365.76,383.44,360.23,28.05,71.37,3,3,23
55.32,9.47,10.268,10.287,377.1,341.26,383.51,28.1,60.84,3,3,21
77.6,11.562,11.993,11.456,382.54,402.89,396.74,27.38,61.06,4,4,5
26.35,4.028,3.587,3.146,379.42,379.94,380.32,29.27,69.23,0,0,139
29.45,2.265,4.189,3.806,384.24,381.44,380.58,28.63,76.92,0,0,174
46.13,7.106,8.219,7.249,379.02,371.98,382.75,27.51,71.93,2,2,30
28.06,5.211,6.464,5.642,380.1,384.15,373.61,27.63,75.75,1,1,107
28.83,3.493,3.785,4.522,379.84,379.45,380.96,28.48,59.82,0,0,177
41.67,8.014,7.037,7.783,383.5,379.53,372.0,29.85,61.04,2,2,41
29.68,4.204,3.485,2.054,382.29,380.75,378.5,27.29,53.27,0,0,139
28.14,4.847,4.969,3.452,379.2,384.3,379.05,27.54,55.07,0,0,149
30.65,3.383,3.82,2.993,377.81,380.06,378.25,27.9,64.66,0,0,129
33.32,6.045,5.69,5.21,384.08,381.04,378.01,28.98,54.39,1,1,107
32.12,5.475,6.146,6.977,379.17,376.46,378.67,28.29,53.81,1,1,84
32.93,3.543,3.708,2.056,381.39,382.03,382.02,27.71,67.7,0,0,120
59.62,10.741,9.43,9.971,379.51,388.48,368.52,26.73,67.74,3,3,21
28.68,4.322,2.846,2.864,381.57,379.49,381.47,28.13,63.94,0,0,139
28.59,2.457,3.547,2.473,381.21,379.72,378.11,27.57,50.46,0,0,166
57.13,10.73,10.073,9.578,370.18,360.05,361.12,27.57,54.11,3,3,17
68.74,11.793,11.436,11.132,384.73,326.89,389.81,28.97,68.43,4,4,3
54.92,7.361,7.959,8.316,375.03,398.34,373.12,29.35,68.88,2,2,37
46.24,8.576,8.394,7.386,370.47,389.29,382.18,28.02,67.24,2,2,34
32.1,5.661,6.45,6.224,378.93,385.59,382.51,28.23,73.4,1,1,71
38.55,5.985,6.903,5.381,379.0,381.72,379.29,27.08,55.55,1,1,101
29.94,2.234,3.702,3.287,378.45,378.79,379.33,27.49,64.62,0,0,166
27.1,4.557,2.593,4.913,379.72,379.68,380.61,26.81,59.56,0,0,178
25.84,4.121,2.853,2.802,379.59,379.78,379.58,30.03,74.46,0,0,124
26.99,2.802,3.541,3.986,376.58,380.78,378.95,28.48,55.3,0,0,155
39.12,5.468,5.367,5.02,373.66,367.28,374.94,28.26,56.57,1,1,97
25.9,2.618,3.637,3.173,380.26,378.92,381.81,28.3,72.39,0,0,135
26.68,4.99,3.655,4.101,379.84,382.28,375.55,28.98,79.95,0,0,166
28.57,2.548,4.082,4.661,383.76,382.04,383.41,27.1,78.72,0,0,126
36.63,5.475,5.524,5.982,388.01,371.64,376.77,28.62,73.26,1,1,115
27.63,2.972,2.263,3.849,380.43,376.65,380.22,28.66,61.79,0,0,141
48.25,8.176,8.23,8.433,382.75,369.62,363.45,29.84,63.89,2,2,54
25.48,2.506,2.056,3.829,378.89,377.54,378.78,28.82,53.44,0,0,130
26.89,2.973,2.931,3.943,381.72,379.97,378.56,28.11,67.16,0,0,177
39.91,5.26,6.681,6.574,377.75,390.43,373.53,29.46,52.94,1,1,64
46.75,8.433,8.611,8.982,382.9,392.3,383.97,28.86,72.66,2,2,33
27.56,2.97,4.815,2.23,379.95,379.62,381.18,25.86,52.33,0,0,173
34.0,5.072,5.298,6.399,376.67,376.2,369.43,26.67,63.16,1,1,98
35.5,6.599,5.924,5.297,375.84,382.97,379.26,29.71,50.13,1,1,86
27.09,3.182,3.793,3.103,379.47,382.06,381.75,29.35,71.77,0,0,124
58.15,10.384,10.643,10.291,369.52,343.6,389.76,28.37,79.03,3,3,14
41.25,7.797,7.989,8.259,376.27,411.98,384.25,28.35,65.77,2,2,45
34.19,6.779,5.66,5.124,371.27,379.09,383.44,28.34,75.05,1,1,98
52.14,8.25,8.333,7.53,388.0,396.46,363.67,27.95,71.03,2,2,49
47.54,8.474,8.324,8.094,378.64,390.13,388.91,28.44,78.35,2,2,44
32.85,5.213,6.679,6.49,393.29,389.32,382.89,29.51,56.08,1,1,64
47.05,8.335,8.299,8.802,364.16,394.24,381.59,27.6,58.48,2,2,47
37.25,5.3,5.84,6.823,379.99,386.07,376.58,26.97,60.58,1,1,80
35.61,6.094,6.066,5.071,374.67,381.18,379.41,27.55,59.67,1,1,79
39.99,5.386,5.063,6.705,380.19,379.59,384.28,28.81,71.73,1,1,86
44.41,8.631,8.744,8.945,385.72,393.88,368.81,27.53,55.84,2,2,54
29.82,3.758,4.364,4.193,380.87,379.25,376.95,28.54,76.49,0,0,127
56.81,9.455,10.792,9.683,396.61,366.03,375.69,27.87,71.64,3,3,15
60.49,10.32,10.467,10.794,358.01,361.76,376.31,29.71,50.39,3,3,27
27.19,2.947,4.34,4.013,381.61,381.2,381.36,29.06,78.91,0,0,152
44.62,8.18,7.283,7.133,383.67,397.98,373.64,29.28,73.83,2,2,51
27.58,4.196,2.231,4.389,380.24,379.95,380.69,30.51,72.67,0,0,148
30.18,2.676,2.721,3.724,377.76,383.01,380.68,30.04,60.65,0,0,132
33.42,5.385,6.638,5.726,377.44,374.19,380.51,26.51,51.62,1,1,95
30.66,2.978,3.841,2.156,381.38,380.59,378.82,26.15,52.81,0,0,168
50.1,7.8,7.419,8.36,370.13,376.21,368.02,27.35,67.7,2,2,45
41.58,7.209,8.433,7.599,391.38,377.48,377.62,27.98,55.63,2,2,57
28.19,4.331,4.779,4.447,378.38,382.4,381.16,27.93,70.14,0,0,158
29.9,2.297,2.434,2.919,379.72,378.47,382.09,27.99,55.28,0,0,126
28.14,3.416,2.706,3.684,379.83,380.18,380.1,26.7,73.47,0,0,173
38.37,5.298,5.692,5.086,386.06,378.03,378.88,29.21,67.31,1,1,118
68.19,11.223,11.04,11.553,370.67,358.22,403.1,28.02,51.78,4,4,2
37.21,5.375,5.341,6.741,386.64,389.11,375.27,28.04,72.17,1,1,69
29.51,2.895,3.344,2.974,379.61,378.15,378.89,29.4,72.76,0,0,144
38.12,5.678,5.512,5.445,376.9,383.21,375.94,26.82,53.13,1,1,74
28.53,4.037,4.337,3.503,378.05,376.1,380.91,27.89,56.24,0,0,174
48.36,8.226,7.936,8.62,357.92,380.3,395.81,28.62,63.09,2,2,38
29.59,2.769,2.178,3.013,383.83,379.18,380.94,28.15,54.67,0,0,132
39.25,7.21,7.646,7.338,393.28,378.36,384.02,29.86,54.06,2,2,55
29.62,3.421,2.917,4.794,381.43,378.27,379.4,28.01,56.54,0,0,171
70.21,11.378,11.762,11.525,393.87,361.42,392.89,29.88,52.5,4,4,5
28.53,2.121,2.778,2.927,381.32,383.59,382.98,26.79,79.58,0,0,150
33.16,5.101,6.766,6.682,380.62,385.91,372.28,27.22,74.14,1,1,111
55.86,9.888,10.53,9.025,390.01,369.04,392.69,29.51,56.61,3,3,18
30.28,3.122,3.125,2.399,376.74,382.64,376.77,27.51,72.95,0,0,179
58.64,9.367,10.347,10.831,390.04,375.58,349.96,28.06,50.96,3,3,19
35.23,6.594,6.503,5.159,378.15,380.45,381.01,27.94,53.84,1,1,112
23.01,4.417,3.851,2.406,382.35,379.05,378.11,28.17,54.09,0,0,144
30.51,4.289,2.459,4.92,382.5,382.73,377.11,26.12,79.72,0,0,171
39.15,6.764,6.499,6.075,373.31,379.19,385.15,27.27,70.4,1,1,105
26.77,3.578,2.195,3.198,378.69,380.32,380.12,26.96,72.0,0,0,135
39.43,5.811,6.255,6.54,389.14,391.16,379.12,27.19,65.0,1,1,104
27.92,4.416,3.279,4.998,382.85,377.71,379.58,27.44,59.95,0,0,164
34.38,5.921,6.911,5.627,379.03,381.43,380.42,26.62,51.24,1,1,73
29.01,2.585,4.531,4.455,379.7,381.26,379.42,30.42,60.05,0,0,152
54.84,10.356,9.927,9.875,331.24,411.68,383.22,27.08,78.03,3,3,17
73.1,11.117,11.374,11.139,410.24,388.35,392.75,28.1,54.5,4,4,5
80.89,11.33,11.137,11.725,392.39,359.17,369.99,29.89,59.44,4,4,5
38.51,5.227,6.658,6.522,374.74,382.96,375.76,27.47,64.0,1,1,78
27.74,4.984,2.897,4.208,376.11,381.06,379.91,27.93,70.97,0,0,169
41.3,8.094,7.205,8.285,367.68,390.97,365.55,29.53,72.49,2,2,46
30.86,4.011,2.83,2.767,383.43,379.47,376.25,28.42,68.72,0,0,155
27.07,4.879,4.198,2.332,374.36,380.83,380.45,27.36,59.72,0,0,176
25.18,2.93,4.242,4.243,384.26,380.48,379.03,28.01,64.64,0,0,165
29.67,3.471,2.739,3.522,379.2,380.86,378.39,29.01,55.31,0,0,173
48.68,7.867,8.241,7.052,368.86,376.92,392.07,28.15,62.04,2,2,55
31.84,6.08,6.222,6.995,380.4,385.81,379.26,27.53,72.88,1,1,76
28.48,3.319,4.567,4.217,381.58,379.52,380.58,28.17,71.19,0,0,170
28.25,3.393,3.193,4.586,383.97,377.62,378.32,27.65,70.36,0,0,121
78.1,11.852,11.536,11.336,360.98,401.84,376.0,27.48,52.32,4,4,5
28.45,2.049,2.754,4.765,383.61,380.04,376.97,28.22,63.35,0,0,158
29.12,4.177,3.0,4.861,380.39,378.82,379.66,29.52,59.87,0,0,155
28.77,2.152,3.66,2.885,378.68,380.72,379.03,29.55,53.8,0,0,157
45.52,8.814,8.181,8.477,385.85,371.11,391.06,27.39,72.47,2,2,45
29.65,6.492,5.414,6.559,383.41,382.52,382.38,27.54,50.87,1,1,98
26.58,2.371,3.337,4.455,378.55,381.5,379.32,26.93,73.32,0,0,131
28.3,4.076,4.67,4.622,378.08,380.02,380.85,28.27,68.86,0,0,129
34.33,6.461,5.741,5.426,379.93,377.2,384.54,28.17,62.74,1,1,102
31.47,5.515,6.851,5.282,378.67,380.03,382.54,28.3,68.54,1,1,111
29.01,4.117,4.486,4.633,381.62,380.59,376.47,28.28,59.96,0,0,144
64.05,11.727,11.016,11.152,400.86,399.73,361.57,27.49,50.28,4,4,5
26.32,4.286,3.68,4.702,381.78,382.35,381.08,26.55,73.48,0,0,151
26.96,2.824,3.738,2.176,376.41,380.91,378.71,29.88,50.7,0,0,143
62.13,9.358,10.104,9.806,388.67,370.14,350.57,27.89,53.15,3,3,15
30.63,2.997,4.51,4.15,377.53,382.58,378.35,27.4,51.92,0,0,176
30.32,6.743,6.027,6.176,387.36,374.42,387.59,27.6,70.16,1,1,82
30.27,3.483,2.335,2.349,379.91,378.85,381.43,30.44,80.0,0,0,158
26.0,3.933,4.083,3.474,382.21,378.97,380.41,28.0,77.01,0,0,142
77.87,11.574,11.194,11.595,392.08,365.75,390.06,26.66,77.66,4,4,3
30.65,3.499,4.127,2.657,381.59,381.88,383.81,27.44,63.69,0,0,144
55.0,10.848,9.398,10.28,379.34,364.79,386.47,28.31,57.77,3,3,8
28.97,4.705,3.288,4.443,382.11,379.33,378.08,28.37,55.74,0,0,140
26.21,2.066,2.636,3.609,379.36,380.59,372.76,28.23,58.13,0,0,142
27.08,2.731,2.77,4.748,384.16,380.0,380.38,26.2,59.63,0,0,174
33.4,6.32,5.444,6.931,372.59,379.72,374.67,29.19,51.8,1,1,67
28.14,2.682,2.778,3.16,379.07,382.47,380.22,27.82,75.94,0,0,147
40.57,7.148,8.772,7.349,367.95,394.44,393.04,27.01,53.13,2,2,43
27.68,4.689,3.756,4.803,382.62,377.72,381.0,26.75,57.89,0,0,122
72.18,11.45,11.749,11.646,383.99,363.97,379.04,28.77,50.76,4,4,5
28.18,4.125,2.991,2.541,383.4,386.98,379.37,27.61,79.19,0,0,164
41.48,8.41,8.961,7.079,389.3,396.28,384.64,29.04,76.95,2,2,32
46.58,7.896,7.097,7.377,370.4,377.75,377.99,26.76,52.78,2,2,44
44.89,7.786,8.911,7.876,388.93,389.01,392.85,28.56,77.72,2,2,48
43.04,8.271,7.212,8.791,386.65,387.75,376.32,27.52,58.57,2,2,50
49.25,8.908,7.659,7.815,367.66,376.31,394.8,27.48,58.61,2,2,54
28.85,5.708,5.058,6.963,380.07,391.78,383.8,25.76,66.4,1,1,110
29.69,4.238,3.501,2.135,378.31,381.06,381.93,28.34,77.88,0,0,169
29.77,3.336,4.95,2.889,381.37,377.43,382.95,26.58,65.5,0,0,162
67.27,9.537,9.767,10.106,388.27,382.5,387.75,26.96,55.68,3,3,13
35.49,5.579,6.78,5.346,380.22,384.07,377.02,28.33,70.17,1,1,108
43.44,8.227,7.104,7.204,384.15,374.88,382.08,26.97,74.06,2,2,40
28.22,4.352,2.065,3.151,380.9,380.53,379.48,26.44,61.14,0,0,146
27.0,4.145,3.63,4.487,380.07,380.96,379.46,29.42,72.04,0,0,153
28.91,2.059,4.062,3.352,385.3,382.07,381.51,28.53,66.92,0,0,141
32.08,6.917,5.924,6.132,378.3,379.68,380.19,28.63,50.66,1,1,106
29.02,3.58,2.163,3.653,378.73,380.74,379.04,29.85,65.22,0,0,145
29.96,2.476,2.618,4.976,377.06,378.32,378.98,29.45,71.41,0,0,138
28.84,4.621,4.848,2.097,382.19,379.24,381.66,28.67,50.53,0,0,168
31.3,4.984,4.988,4.573,381.26,382.49,380.93,27.46,76.68,0,0,158
40.09,5.624,5.085,6.3,382.73,389.4,381.28,29.98,77.45,1,1,66
29.14,4.303,3.484,4.974,382.47,377.88,375.64,25.9,59.8,0,0,156
39.33,7.573,8.764,7.323,382.86,367.28,370.81,26.17,57.12,2,2,41
28.56,4.226,4.99,4.408,381.21,379.98,377.6,27.57,70.79,0,0,130
28.97,3.2,3.242,2.842,377.04,382.65,379.93,27.71,56.6,0,0,168
26.31,4.919,2.017,4.957,376.92,381.09,379.95,27.25,69.14,0,0,171
27.69,2.847,4.598,3.073,378.53,379.98,381.85,26.82,77.06,0,0,171
31.39,3.729,3.453,4.538,380.32,382.29,381.1,27.89,54.89,0,0,149
28.84,3.603,2.857,2.644,381.57,380.34,379.22,28.41,74.65,0,0,142
36.44,6.794,5.646,5.176,383.49,384.6,385.34,26.41,50.45,1,1,61
27.11,4.365,4.44,2.664,379.82,379.82,376.76,27.77,66.04,0,0,127
36.25,5.573,6.468,6.178,387.11,385.41,380.67,28.09,59.61,1,1,71
45.82,7.64,8.723,8.806,380.64,380.82,382.9,29.27,73.58,2,2,43
42.29,7.744,8.448,8.0,392.17,397.0,385.63,26.68,76.29,2,2,46
27.87,3.577,4.6,2.788,379.98,381.16,377.82,28.09,53.75,0,0,179
23.36,2.024,3.33,3.107,379.11,380.93,380.36,28.12,54.14,0,0,132
28.85,2.776,3.091,4.62,379.01,378.84,381.19,27.79,54.89,0,0,127
26.94,3.292,4.784,3.565,378.52,378.77,378.39,28.58,51.23,0,0,128
75.14,11.351,11.682,11.574,382.34,375.44,411.42,26.87,75.59,4,4,4
28.93,2.845,3.044,3.866,380.66,379.81,380.7,26.72,52.24,0,0,147
26.31,2.457,2.135,2.877,379.24,381.73,380.67,27.14,54.16,0,0,151
33.75,6.178,5.271,6.312,378.14,378.51,386.73,27.43,62.1,1,1,117
37.9,5.485,6.782,6.829,389.06,375.3,378.82,26.78,59.95,1,1,117
28.52,6.421,5.629,5.239,377.96,376.88,370.98,29.71,70.47,1,1,89
29.27,4.536,2.029,2.661,381.45,380.61,378.4,29.71,56.05,0,0,163
28.22,3.555,4.284,4.318,378.9,382.69,381.81,27.05,63.39,0,0,178
27.73,3.685,2.001,2.343,378.94,379.7,379.27,27.5,72.66,0,0,158
27.85,4.639,3.334,4.795,380.04,383.89,379.91,29.6,76.72,0,0,173
25.83,4.493,3.438,2.784,379.93,377.74,379.34,28.4,75.39,0,0,123
30.26,2.579,3.687,2.224,379.5,377.61,378.67,28.43,59.99,0,0,143
27.56,2.575,4.147,2.957,382.41,378.32,380.87,27.73,52.13,0,0,124
27.56,4.994,3.293,4.179,376.02,378.03,381.29,28.18,65.18,0,0,150
28.71,2.752,4.019,4.947,377.51,379.82,379.41,27.49,50.62,0,0,140
39.07,5.346,6.212,5.578,376.43,382.94,382.93,29.4,58.74,1,1,67
34.4,6.025,6.206,5.901,388.28,382.36,368.57,26.67,67.66,1,1,84
43.73,7.811,7.454,7.489,377.34,380.76,389.75,29.09,77.01,2,2,52
25.11,3.224,4.421,3.291,378.8,383.5,376.86,29.33,63.46,0,0,142
28.69,2.227,2.01,3.142,379.94,383.33,382.6,28.4,50.12,0,0,127
25.71,2.937,2.624,3.963,379.17,378.55,379.79,27.75,78.61,0,0,171
33.57,6.233,6.846,5.192,383.43,364.44,381.08,28.44,79.45,1,1,118
38.36,6.889,5.34,6.944,379.24,382.66,373.8,28.85,70.55,1,1,77
24.92,3.857,4.934,3.281,379.16,378.48,375.38,29.63,65.36,0,0,171
62.38,9.776,9.915,10.979,373.48,403.43,379.59,24.86,56.23,3,3,8
25.36,3.481,3.31,2.807,380.62,378.57,380.77,27.78,73.92,0,0,151
25.6,4.195,2.523,2.71,376.58,381.26,379.08,25.32,71.34,0,0,120
31.2,5.747,6.073,5.907,371.03,381.66,383.3,26.61,52.75,1,1,82
49.26,10.171,10.172,9.988,364.91,358.31,368.9,26.2,79.25,3,3,8
34.08,5.653,5.743,5.789,382.92,381.17,378.22,27.74,62.78,1,1,98
47.44,8.655,7.334,8.701,385.06,365.3,386.17,28.28,52.79,2,2,32
25.83,2.053,3.658,3.735,381.56,378.52,379.75,27.09,65.33,0,0,178
46.05,7.995,7.121,8.214,386.06,387.5,383.95,27.68,56.57,2,2,43
28.09,3.521,2.715,3.669,379.79,382.04,379.12,27.81,55.88,0,0,150
67.32,10.991,10.794,9.585,351.05,386.48,397.13,27.47,61.9,3,3,7
28.03,3.402,4.017,2.784,381.45,380.98,379.6,28.56,71.63,0,0,132
43.32,8.602,8.886,7.465,379.39,378.68,396.59,26.66,79.72,2,2,52
30.2,4.577,4.103,2.132,380.73,377.19,378.83,27.58,67.37,0,0,174
32.38,6.205,6.176,5.235,372.34,388.51,383.8,29.0,66.37,1,1,60
29.79,4.115,2.247,3.067,383.05,376.77,379.11,28.65,71.42,0,0,135
34.94,5.206,5.323,6.003,379.46,380.91,377.33,28.93,67.27,1,1,109
27.73,2.046,4.071,2.295,380.36,380.65,378.97,28.01,58.15,0,0,131
26.39,3.819,3.541,2.435,381.59,381.25,379.8,28.44,71.2,0,0,167
28.48,3.592,2.307,4.129,380.83,378.6,379.54,28.02,63.15,0,0,168
26.64,2.522,2.524,3.878,378.85,379.71,379.66,28.75,78.58,0,0,174
57.04,10.9,9.538,10.508,376.45,391.9,366.91,28.83,74.36,3,3,12
26.54,3.076,2.503,2.276,380.71,380.11,379.5,29.27,61.36,0,0,123
64.77,11.77,11.135,11.44,398.75,361.38,390.33,28.43,62.43,4,4,2
28.47,3.506,3.566,2.582,381.23,380.58,378.22,28.94,77.61,0,0,124
25.89,4.574,3.813,2.506,378.0,381.46,379.73,27.69,63.26,0,0,145
44.23,8.78,7.935,8.699,368.2,367.29,378.28,28.92,62.74,2,2,56
38.88,6.615,5.383,6.694,374.46,376.9,380.16,27.2,60.4,1,1,79
28.88,3.99,3.446,4.216,378.05,381.52,379.11,27.92,52.09,0,0,133
36.78,6.792,5.566,5.381,377.0,381.13,380.45,28.36,61.56,1,1,76
41.04,5.298,5.044,5.438,381.01,378.6,381.66,27.42,53.76,1,1,100
29.22,2.65,3.819,3.51,381.97,379.77,379.55,26.98,51.86,0,0,173
75.09,11.858,11.314,11.196,402.18,380.87,335.07,29.75,69.71,4,4,4
73.11,11.075,11.318,11.116,357.42,376.42,389.99,29.75,62.6,4,4,5
30.32,5.306,5.939,6.382,379.84,387.16,378.5,26.82,70.08,1,1,88
29.1,4.896,4.38,2.999,376.86,377.16,379.74,28.01,64.99,0,0,148
32.72,6.414,6.49,6.456,388.81,373.95,371.21,29.72,78.39,1,1,60
28.89,3.486,3.808,4.035,382.47,380.58,380.84,27.43,77.99,0,0,155
31.11,4.492,3.498,4.106,383.91,382.98,379.1,25.99,78.46,0,0,143
24.08,4.723,2.4,4.675,379.94,382.28,375.85,27.82,70.05,0,0,134
27.46,2.931,2.15,4.496,379.19,379.65,379.75,27.79,79.52,0,0,172
48.86,8.998,8.699,8.314,382.52,367.68,385.86,29.03,52.34,2,2,39
34.95,5.112,5.467,6.266,376.1,376.98,391.2,27.19,71.38,1,1,77
37.66,5.787,6.051,6.109,373.27,375.95,368.37,27.65,53.93,1,1,104
26.43,4.612,2.069,2.947,381.26,380.52,379.99,28.48,59.28,0,0,145
26.27,4.475,4.208,3.59,380.2,379.96,379.08,29.18,66.01,0,0,124
27.26,2.316,4.391,4.859,379.7,378.78,377.65,27.96,58.52,0,0,175
73.33,11.598,11.192,11.221,407.52,405.19,368.31,27.63,73.55,4,4,3
30.35,4.929,2.72,4.587,382.32,380.89,378.13,29.86,55.57,0,0,131
43.28,7.773,7.476,8.675,384.36,376.48,389.84,26.95,73.79,2,2,55
32.01,6.875,6.558,6.211,380.81,371.92,383.42,27.41,77.52,1,1,67
26.47,4.095,4.56,3.897,378.57,381.21,379.18,28.29,75.18,0,0,131
43.25,6.732,6.045,6.855,371.46,385.66,369.99,27.58,72.99,1,1,95
26.52,3.314,2.426,4.567,380.95,380.61,378.45,28.26,56.81,0,0,154
58.72,9.438,10.725,10.788,372.4,356.7,387.3,28.6,65.55,3,3,17
53.69,9.313,10.417,10.079,389.26,372.74,392.07,27.64,79.71,3,3,15
31.52,3.341,4.75,4.286,380.08,375.84,378.02,27.69,50.11,0,0,134
29.06,2.386,4.955,3.824,381.99,375.19,380.03,26.63,65.62,0,0,157
34.56,5.712,5.581,5.656,384.89,379.23,384.33,29.21,74.04,1,1,91
61.18,9.067,10.102,10.939,369.13,369.46,378.59,28.17,55.36,3,3,14
26.92,2.437,2.012,4.823,377.19,381.05,381.18,27.63,74.79,0,0,174
30.36,6.967,5.608,5.647,377.6,379.31,380.02,29.3,58.16,1,1,94
31.5,5.014,5.677,5.906,389.12,383.29,379.75,27.28,66.98,1,1,65
31.79,5.722,6.245,5.462,374.79,380.7,383.91,28.73,71.91,1,1,108
25.37,3.195,2.199,2.688,379.83,379.75,379.84,29.57,60.47,0,0,124
35.34,5.844,5.853,6.837,381.21,388.5,383.15,29.19,57.34,1,1,62
48.54,10.442,9.719,10.581,374.65,365.92,343.82,26.86,62.18,3,3,24
28.58,3.644,4.78,3.608,382.53,378.82,380.04,29.11,52.81,0,0,135
27.85,3.959,3.0,3.16,378.49,385.32,376.96,27.06,51.59,0,0,170
66.94,11.282,11.671,11.218,359.69,364.39,386.74,28.82,75.79,4,4,4
28.03,4.906,3.951,4.027,382.87,382.92,380.29,26.84,76.45,0,0,133
39.84,7.926,8.763,8.807,389.91,392.49,388.56,27.96,54.07,2,2,46
29.48,3.153,2.348,2.601,379.83,378.74,380.73,29.29,58.57,0,0,154
27.02,4.362,3.353,2.351,382.05,377.32,378.81,29.21,73.55,0,0,147
51.13,9.459,10.946,9.169,382.28,369.71,374.72,27.93,77.0,3,3,15
28.36,2.315,2.122,4.921,380.21,379.61,378.56,27.47,57.53,0,0,142
27.15,2.537,3.972,4.983,382.29,383.26,376.62,27.19,70.77,0,0,179
28.11,2.514,4.987,3.585,380.6,379.56,380.43,27.99,57.38,0,0,150
37.21,6.164,5.84,5.412,389.14,375.74,378.96,27.46,71.23,1,1,109
27.5,3.586,3.098,2.004,381.23,382.54,380.64,28.12,64.46,0,0,178
29.21,2.135,3.686,3.228,379.02,382.79,378.69,28.3,71.44,0,0,160
64.98,11.592,11.295,11.906,370.52,335.85,367.52,26.59,71.36,4,4,5
26.43,2.485,2.039,3.789,380.29,381.18,381.34,29.09,63.79,0,0,160
32.47,6.023,6.525,5.315,388.19,388.48,379.42,27.97,70.45,1,1,66
29.71,2.257,2.536,3.213,381.07,379.99,380.14,27.97,70.23,0,0,128
43.31,7.505,7.783,7.318,376.3,374.43,391.61,28.25,61.94,2,2,51
29.14,2.361,2.881,4.935,377.69,374.86,382.05,28.0,56.15,0,0,144
68.99,11.915,11.345,11.713,362.38,376.8,357.03,26.99,61.74,4,4,1
28.42,4.914,3.053,4.603,379.46,378.67,379.1,27.85,62.46,0,0,128
27.76,2.121,2.99,4.19,380.2,374.86,381.35,28.73,63.79,0,0,148
29.01,2.058,2.516,4.224,379.52,379.6,379.46,27.69,75.46,0,0,173
27.84,3.871,3.13,2.233,382.06,383.14,376.7,29.26,51.95,0,0,161
30.56,2.801,3.173,2.735,380.87,376.95,384.1,27.64,58.25,0,0,150
29.89,2.949,4.491,3.637,386.46,380.8,379.7,28.8,58.62,0,0,157
45.5,7.31,7.701,8.584,381.86,372.29,378.09,26.92,63.46,2,2,52
29.4,3.655,2.766,3.307,380.14,378.15,380.07,27.82,65.46,0,0,127
25.07,2.004,3.848,4.992,381.79,377.15,382.88,25.48,79.54,0,0,148
36.93,6.01,5.944,5.898,380.02,382.09,369.78,26.15,59.64,1,1,68
35.6,5.03,6.46,6.422,384.17,381.7,380.64,28.91,55.59,1,1,105
26.9,4.686,3.68,2.877,375.16,380.08,383.4,26.83,51.26,0,0,155
25.94,2.837,2.885,4.598,378.55,375.95,378.17,27.71,77.94,0,0,156
28.71,2.41,2.435,2.31,382.19,378.21,380.54,28.12,50.26,0,0,135
30.99,5.244,6.174,5.595,379.04,384.17,381.12,26.57,54.0,1,1,104
39.56,5.438,6.743,5.106,380.06,382.67,386.5,28.53,64.7,1,1,74
26.57,2.33,4.737,4.02,375.69,381.58,380.83,27.27,66.15,0,0,157
43.7,8.629,7.902,8.117,401.75,384.19,372.01,28.2,70.26,2,2,39
43.61,7.563,7.031,7.23,387.27,374.26,388.33,27.93,58.46,2,2,45
35.29,6.981,6.403,5.417,385.14,371.47,375.13,28.39,69.6,1,1,80
37.02,7.406,8.825,8.309,387.81,382.42,384.2,27.43,57.79,2,2,33
27.3,4.908,4.756,3.142,380.22,374.13,382.67,27.79,72.82,0,0,152
28.82,4.853,3.938,4.033,379.88,378.09,379.4,28.44,65.33,0,0,128
29.14,2.208,3.788,2.041,383.84,380.98,379.6,29.06,62.73,0,0,156
26.32,2.688,3.29,4.614,379.63,378.77,379.46,28.85,74.98,0,0,141
26.52,4.754,2.737,2.732,381.04,380.04,376.94,27.59,73.67,0,0,165
51.37,10.771,10.236,9.766,364.72,387.94,388.29,24.91,50.5,3,3,19
31.64,4.069,4.159,3.674,379.84,377.92,381.55,27.21,59.05,0,0,123
24.53,4.001,4.834,4.742,380.18,384.21,380.74,28.36,60.78,0,0,135
29.67,4.258,4.451,3.998,380.99,378.19,381.87,28.22,64.71,0,0,137
55.03,10.672,10.627,9.143,383.77,370.25,392.2,26.76,78.34,3,3,7
26.31,4.564,2.45,4.838,377.51,381.59,380.03,27.9,73.37,0,0,145
29.31,2.461,2.284,4.631,378.34,383.57,380.87,27.3,58.58,0,0,148
28.46,4.417,2.423,4.308,379.65,380.37,382.56,28.56,69.42,0,0,153
25.88,3.568,3.564,3.109,379.43,378.13,382.07,26.26,62.86,0,0,134
69.46,11.789,11.074,11.192,418.78,396.11,381.86,28.41,61.97,4,4,5
64.95,11.826,11.072,11.196,403.14,343.48,361.14,28.37,71.5,4,4,1
29.55,2.386,2.802,4.043,379.12,378.68,382.33,26.55,72.9,0,0,121
70.2,11.241,11.707,11.578,389.16,393.02,415.0,27.37,50.7,4,4,1
30.54,6.116,5.933,6.152,381.0,382.76,380.31,27.63,79.26,1,1,65
44.16,8.413,7.024,8.409,384.23,379.13,389.62,26.98,53.99,2,2,34
27.92,2.059,2.736,3.965,379.81,379.8,378.63,26.53,75.1,0,0,146
28.95,2.49,2.067,4.724,378.55,380.25,377.8,28.25,64.09,0,0,133
31.35,4.06,2.175,3.256,379.3,378.62,380.27,30.13,67.53,0,0,148
29.89,5.481,6.474,6.453,377.14,375.78,375.04,28.32,62.33,1,1,66
28.13,4.392,4.497,4.54,376.83,382.22,378.78,27.6,78.95,0,0,139
26.27,2.799,3.008,2.988,382.44,379.86,382.53,27.6,50.62,0,0,130
28.34,3.811,4.061,3.181,377.82,381.86,377.9,29.3,70.13,0,0,172
34.09,5.033,5.357,5.453,389.04,371.98,377.33,26.71,68.67,1,1,116
27.28,2.647,4.598,3.758,376.08,380.21,381.27,26.98,77.96,0,0,124
29.69,5.603,6.735,6.011,381.73,383.3,380.84,29.86,58.7,1,1,116
65.68,11.508,11.012,11.301,367.67,375.3,390.75,30.6,74.26,4,4,5
26.31,2.571,4.615,4.273,379.11,380.48,380.12,27.69,62.28,0,0,157
31.17,5.083,5.828,6.519,379.34,371.43,380.89,28.43,53.33,1,1,88
29.83,4.048,4.953,4.717,379.22,381.46,381.25,28.45,50.85,0,0,131
48.29,7.289,7.332,8.318,396.58,368.86,371.07,28.8,71.76,2,2,53
28.97,2.607,4.069,2.032,378.33,376.78,379.27,29.12,63.9,0,0,159
31.65,5.929,5.359,6.768,376.52,384.31,370.83,26.38,52.77,1,1,116
45.98,7.72,7.548,8.022,386.2,378.17,377.33,28.95,54.26,2,2,36
57.46,9.237,10.401,10.406,402.75,366.92,381.55,27.87,66.46,3,3,27
35.13,6.19,5.415,5.417,384.78,374.94,385.44,28.33,73.3,1,1,96
27.08,4.648,2.039,2.937,382.46,378.04,379.05,28.52,58.27,0,0,128
33.43,5.661,5.829,5.867,380.55,366.86,382.36,28.46,51.39,1,1,111
43.66,8.573,8.825,7.974,381.21,386.22,389.17,27.38,72.79,2,2,39
33.51,5.69,5.27,5.63,381.6,379.51,381.47,29.89,61.83,1,1,106
28.19,2.565,2.745,4.729,380.91,380.06,379.4,27.02,56.58,0,0,160
49.49,10.585,9.664,9.691,393.68,378.4,374.01,28.17,75.15,3,3,22
30.95,6.363,6.875,5.424,381.27,376.75,377.74,27.45,56.21,1,1,107
32.53,6.943,5.037,6.252,369.88,381.01,381.64,28.75,73.21,1,1,79
26.2,3.586,4.52,2.205,382.03,380.21,378.41,30.12,57.93,0,0,124
33.4,5.312,6.739,5.219,382.12,387.17,382.13,28.71,67.23,1,1,90
27.98,2.258,3.287,2.329,379.37,380.06,381.21,28.38,50.43,0,0,156
31.93,6.696,6.446,6.062,377.72,381.3,370.79,28.25,66.87,1,1,80
27.42,2.729,3.716,4.408,378.48,381.61,381.84,27.65,72.25,0,0,160
33.69,5.295,5.446,5.849,381.71,378.54,385.43,28.31,60.78,1,1,61
64.11,11.545,11.805,11.311,357.89,377.28,345.64,28.91,73.79,4,4,1
28.26,4.888,2.694,3.102,376.84,380.09,381.63,25.7,53.13,0,0,159
72.54,11.032,11.134,11.636,403.14,410.28,399.96,29.18,67.25,4,4,5
29.06,2.782,4.737,2.055,382.75,378.39,379.22,27.94,77.23,0,0,128
55.37,10.723,9.09,10.147,379.7,382.72,363.46,27.46,72.23,3,3,23
45.57,7.22,8.339,8.559,388.81,390.86,382.83,27.84,62.43,2,2,50
32.53,6.677,6.393,5.225,376.81,363.79,377.29,29.08,60.96,1,1,63
38.73,5.119,6.66,5.342,386.55,371.66,372.91,27.92,78.21,1,1,118
51.21,10.943,9.294,10.533,384.16,381.51,374.38,28.58,68.51,3,3,16
26.23,4.395,4.628,3.53,384.74,379.62,378.33,29.33,51.17,0,0,156
30.0,4.179,3.466,4.58,379.7,380.95,381.58,29.52,57.93,0,0,141
35.12,5.743,6.662,6.54,381.82,378.82,381.39,27.46,72.44,1,1,108
43.85,7.23,7.277,8.235,367.6,366.88,384.92,27.79,50.58,2,2,34
45.93,8.304,7.107,8.96,373.65,403.51,398.25,26.25,79.94,2,2,37
49.28,7.442,8.583,7.37,378.68,384.31,391.87,29.05,69.66,2,2,53
31.2,4.686,4.551,4.942,379.32,380.36,382.72,27.96,60.11,0,0,179
49.37,7.017,8.421,7.589,380.7,380.36,372.8,28.42,67.13,2,2,40
27.45,3.901,2.562,4.486,380.14,382.2,381.84,28.91,68.59,0,0,143
28.46,2.536,3.869,2.564,380.18,381.27,377.82,27.98,56.57,0,0,134
25.59,4.952,4.542,2.079,380.06,380.13,380.49,27.41,67.5,0,0,163
29.32,4.003,2.616,2.96,379.43,379.52,380.35,27.03,73.0,0,0,146
27.32,2.177,4.521,4.827,377.86,381.32,379.28,25.78,56.53,0,0,169
28.72,2.802,2.7,2.313,380.49,380.53,376.57,28.88,69.82,0,0,132
36.7,5.026,5.36,5.684,373.39,384.93,380.6,28.21,60.32,1,1,103
25.62,4.301,3.142,4.266,379.03,378.35,379.43,29.25,72.57,0,0,161
27.07,4.704,2.922,3.397,380.71,380.93,382.17,27.66,63.99,0,0,124
28.86,4.81,2.026,4.163,378.36,383.89,379.12,28.15,69.34,0,0,144
24.2,4.729,4.123,2.136,380.99,379.94,376.25,30.2,67.1,0,0,148
30.89,3.195,2.078,3.323,379.39,379.35,379.88,27.07,57.82,0,0,121
27.79,2.145,3.679,4.253,378.98,377.65,380.87,27.87,73.44,0,0,129
35.23,6.008,5.951,6.383,379.11,373.46,387.07,27.56,50.36,1,1,60
40.37,6.041,6.968,6.046,383.29,378.86,382.12,29.68,65.86,1,1,60
33.81,6.614,5.227,6.534,383.5,376.91,368.35,29.78,57.65,1,1,111
29.91,2.718,4.491,4.284,382.38,377.18,382.63,27.1,59.98,0,0,158
28.13,3.706,2.291,3.785,379.23,378.91,379.63,26.43,79.67,0,0,142
44.32,7.521,7.833,8.362,386.09,362.43,373.48,28.18,62.19,2,2,47
27.62,3.251,4.485,3.395,375.12,381.97,378.53,27.7,57.8,0,0,148
27.18,4.804,3.462,2.333,381.38,379.22,383.17,26.75,55.42,0,0,153
29.23,2.4,4.754,3.036,380.42,376.18,377.93,28.37,70.79,0,0,120
26.17,3.405,2.293,3.406,380.48,378.89,380.22,26.82,50.77,0,0,131
33.06,2.122,2.936,4.867,379.38,377.42,379.39,29.24,52.18,0,0,140
29.27,2.124,2.305,2.262,377.07,380.49,379.66,29.11,78.51,0,0,161
33.3,5.484,6.104,6.861,377.44,372.39,382.19,28.13,63.17,1,1,94
27.57,4.194,4.782,4.25,377.68,379.61,379.65,29.38,78.34,0,0,142
36.88,5.18,5.359,6.95,383.33,377.25,377.61,27.95,77.62,1,1,78
48.47,7.669,7.453,7.99,365.32,395.62,368.32,27.36,60.41,2,2,46
45.35,8.241,8.329,8.123,387.43,383.18,390.34,26.42,70.64,2,2,37
37.0,6.261,5.344,5.324,390.06,382.98,379.57,28.5,74.2,1,1,66
69.75,11.786,11.917,11.683,392.69,394.77,344.78,27.79,52.93,4,4,2
27.62,3.876,3.266,2.798,382.36,379.59,379.95,28.79,68.11,0,0,133
28.68,4.745,3.176,3.303,379.55,382.03,382.52,27.24,57.25,0,0,151
29.38,4.516,2.544,3.817,377.39,375.01,381.85,27.89,64.31,0,0,145
36.61,5.948,6.289,6.814,386.08,386.82,381.51,27.87,62.99,1,1,70
54.76,10.31,10.38,9.013,379.46,401.35,388.4,28.03,72.85,3,3,13
30.59,3.253,2.838,3.638,381.28,377.43,378.84,28.13,70.44,0,0,163
51.96,10.972,10.885,10.425,361.35,381.2,399.84,26.2,67.27,3,3,8
28.5,4.408,3.106,3.976,379.09,376.89,379.86,27.81,77.48,0,0,123
47.16,10.172,9.42,9.568,377.96,391.77,363.86,30.34,61.0,3,3,23
27.94,4.761,3.37,4.167,379.92,380.45,378.69,28.78,55.96,0,0,138
27.36,2.01,4.612,2.979,377.31,375.71,379.13,28.93,50.59,0,0,171
26.63,3.051,2.486,2.986,379.65,379.23,380.73,27.44,76.34,0,0,140
25.68,4.359,4.572,4.401,380.68,376.95,378.42,25.76,52.47,0,0,162
27.11,3.567,3.959,2.514,379.66,381.26,379.62,27.78,77.55,0,0,143
25.98,4.744,3.486,2.404,380.68,382.52,379.58,29.53,73.34,0,0,120
44.47,7.465,8.925,8.001,380.85,391.21,376.63,26.66,75.99,2,2,51
26.46,3.23,2.372,2.031,381.93,382.0,377.98,27.78,79.14,0,0,158
26.02,3.804,4.326,3.366,378.09,382.83,381.7,28.99,58.05,0,0,140
27.92,5.573,5.092,5.572,374.41,382.13,378.52,27.13,78.07,1,1,69
33.59,5.31,6.072,5.615,372.94,372.29,379.7,29.89,64.55,1,1,92
27.95,2.491,4.79,2.986,380.54,380.4,381.93,27.57,76.31,0,0,145
26.13,3.299,4.767,4.078,376.52,378.56,378.84,26.47,56.9,0,0,132
25.72,2.647,3.199,3.23,382.14,379.67,379.51,28.06,75.08,0,0,143
27.22,3.173,2.836,3.734,380.38,375.71,385.18,27.31,62.9,0,0,155
38.25,5.959,6.853,5.107,383.13,375.39,372.29,28.48,51.64,1,1,91
25.84,4.307,4.59,3.094,382.54,377.94,380.14,27.64,71.47,0,0,166
28.19,4.282,2.499,2.504,381.19,378.81,381.71,27.34,58.3,0,0,129
35.65,6.571,5.17,6.166,382.18,381.36,381.21,26.99,59.55,1,1,91
25.19,4.999,3.74,2.276,378.71,380.05,379.1,26.24,75.47,0,0,124
31.53,5.03,6.402,6.1,381.49,385.43,382.62,26.74,77.69,1,1,111
29.78,4.651,4.147,3.091,378.7,382.06,380.2,26.33,62.25,0,0,131
59.76,11.888,11.482,11.824,416.39,388.58,389.0,28.55,61.74,4,4,2
28.57,2.041,2.765,4.745,382.23,381.76,382.4,26.96,56.11,0,0,175
43.1,8.586,7.978,8.463,387.53,364.6,368.05,27.56,63.76,2,2,36
38.77,6.293,6.524,5.462,380.48,381.85,386.65,27.73,56.15,1,1,98
28.59,2.586,3.909,3.727,379.95,384.02,382.27,28.71,50.44,0,0,171
36.55,5.658,5.849,6.822,371.2,380.05,374.14,25.97,77.43,1,1,118
68.52,11.395,11.46,11.656,402.72,375.36,352.18,27.62,77.52,4,4,2
35.77,6.791,6.818,6.479,379.26,375.28,384.51,26.24,78.79,1,1,77
43.41,8.427,7.149,7.966,376.35,360.43,378.36,29.1,75.71,2,2,30
54.84,10.632,9.123,9.494,345.92,356.17,370.92,27.44,55.92,3,3,16
30.2,2.393,4.393,2.626,381.29,382.33,379.95,28.92,50.28,0,0,122
27.69,4.929,3.873,2.456,380.1,378.77,378.46,26.97,56.71,0,0,133
37.61,6.934,5.029,6.502,385.8,384.65,380.07,28.62,50.71,1,1,103
32.11,4.819,3.932,2.275,383.1,382.97,376.1,28.0,65.49,0,0,161
47.82,8.206,7.906,7.445,376.32,384.34,382.56,26.35,68.47,2,2,53
57.52,9.436,10.544,9.455,360.57,356.59,371.88,28.27,66.87,3,3,15
27.31,3.941,2.047,2.541,378.55,380.41,381.08,29.23,66.87,0,0,122
25.99,4.285,4.599,3.809,378.87,381.91,379.25,26.53,67.35,0,0,138
44.81,7.261,8.43,8.361,372.83,373.57,388.33,28.28,58.7,2,2,36
28.98,4.609,4.243,3.273,381.41,380.81,378.4,26.21,57.59,0,0,142
47.82,7.508,8.882,7.431,388.25,370.18,377.14,29.05,60.43,2,2,55
27.92,4.357,2.671,4.317,378.07,379.79,378.67,26.46,56.3,0,0,138
33.9,5.206,6.124,6.187,377.96,378.63,385.73,29.53,72.09,1,1,86
30.28,3.0,4.101,4.749,379.54,377.04,380.57,28.31,69.65,0,0,160
37.65,5.854,5.241,6.987,376.73,386.49,368.39,28.59,50.61,1,1,116
29.13,3.891,3.31,3.37,380.39,382.63,380.69,28.62,77.71,0,0,156
34.86,6.234,5.579,6.586,385.99,387.99,384.24,26.75,59.65,1,1,82
29.38,3.006,4.096,3.421,385.08,380.98,379.52,28.16,63.21,0,0,172
33.34,6.359,5.221,5.21,371.84,385.3,383.48,26.48,65.22,1,1,97
44.78,7.079,8.81,8.637,387.26,394.93,389.09,27.28,59.19,2,2,46
27.8,2.049,2.247,2.773,375.19,383.05,380.61,28.0,57.06,0,0,149
27.91,4.625,2.459,3.999,378.38,377.36,384.49,28.07,56.87,0,0,156
28.74,3.496,4.392,2.184,377.89,381.54,377.89,27.24,51.79,0,0,162
40.69,5.944,6.034,6.709,378.26,380.96,376.71,26.98,55.97,1,1,112
32.83,6.279,5.152,6.145,376.04,382.75,383.29,28.2,73.42,1,1,93
27.9,2.848,3.692,3.213,375.56,379.69,381.88,26.81,76.22,0,0,167
28.49,2.764,3.282,4.704,379.3,377.23,379.58,28.43,78.63,0,0,165
30.89,4.322,2.347,3.674,382.66,379.19,379.79,27.46,77.65,0,0,166
35.61,6.471,6.994,6.538,378.01,385.08,369.59,27.73,74.0,1,1,71
27.46,3.507,4.118,3.71,380.13,377.0,378.65,29.02,58.89,0,0,176
69.5,11.156,11.463,11.221,351.95,348.79,385.17,26.2,52.06,4,4,5
26.64,3.249,2.468,2.763,384.46,380.24,381.25,27.95,69.02,0,0,128
36.02,6.768,6.684,6.892,380.97,378.95,380.08,28.8,78.85,1,1,91
25.86,4.502,2.326,2.07,383.08,379.99,382.28,26.95,72.83,0,0,129
26.5,2.308,2.795,2.393,382.43,377.94,378.22,26.15,72.31,0,0,127
32.91,5.406,5.404,6.393,378.11,382.68,382.85,26.97,50.27,1,1,80
32.99,5.02,6.61,6.035,384.56,382.83,381.26,26.13,59.16,1,1,108
70.14,11.797,11.449,11.164,378.48,357.28,432.4,27.52,67.93,4,4,5
27.95,3.692,2.05,4.368,378.99,379.16,376.37,28.16,75.41,0,0,152
28.86,2.74,4.218,4.343,376.76,377.13,378.62,28.27,53.12,0,0,128
30.83,5.325,5.411,5.986,379.25,378.35,378.93,27.68,75.48,1,1,110
36.54,5.39,5.827,6.117,383.99,372.3,386.14,27.36,65.48,1,1,80
26.71,2.853,2.788,2.559,380.25,379.78,379.91,29.56,67.26,0,0,178
28.42,4.479,2.383,3.307,383.19,381.98,382.16,28.93,52.83,0,0,161
29.63,4.98,4.08,4.06,381.89,382.21,380.09,27.98,53.46,0,0,136
58.51,9.971,9.219,10.766,365.05,392.02,384.47,28.84,58.85,3,3,25
28.48,4.777,4.908,2.708,378.44,378.95,382.23,29.75,75.74,0,0,139
27.6,2.909,2.663,4.011,379.52,381.32,378.21,27.26,62.83,0,0,156
29.18,4.697,2.204,2.906,381.07,378.66,376.32,28.78,55.61,0,0,134
27.18,3.082,3.667,4.602,376.38,377.09,376.49,28.76,73.92,0,0,121
27.65,2.971,3.757,2.905,378.08,377.27,382.82,28.54,59.26,0,0,160
27.37,3.016,2.591,4.884,378.38,378.36,381.15,27.6,51.86,0,0,135
26.39,4.885,3.769,4.362,377.65,380.92,382.33,28.72,52.51,0,0,149
40.63,8.171,7.538,8.852,372.41,364.29,377.84,29.19,72.9,2,2,37
29.19,4.711,2.295,2.314,381.14,378.7,381.56,27.37,60.35,0,0,130
28.33,4.822,2.092,4.255,379.01,381.51,379.15,28.29,65.7,0,0,167
52.08,10.032,10.47,9.189,367.34,386.43,376.94,28.14,56.75,3,3,8
40.05,5.579,6.115,6.203,383.18,376.58,382.09,26.71,60.96,1,1,102
26.87,4.827,4.992,4.057,377.62,383.42,381.19,27.72,52.26,0,0,172
26.37,4.25,4.363,3.723,381.63,380.98,376.07,28.44,65.37,0,0,124
29.03,4.232,2.724,3.757,379.68,378.39,380.85,27.89,69.09,0,0,129
37.94,5.461,5.806,6.742,380.17,377.6,378.45,28.82,61.99,1,1,65
69.98,11.726,11.505,11.593,419.85,394.4,415.0,27.57,52.82,4,4,5
29.42,5.564,6.265,5.437,383.13,381.09,377.83,28.14,77.04,1,1,116
40.24,5.909,5.92,6.34,377.15,384.24,375.86,27.64,76.06,1,1,82
34.32,5.192,5.026,5.939,378.43,388.54,380.63,27.7,78.55,1,1,90
28.1,3.946,4.132,3.932,378.4,378.7,382.5,29.69,52.0,0,0,172
27.84,4.772,2.792,3.1,380.28,379.18,380.78,28.19,66.48,0,0,153
36.17,5.79,6.798,5.521,378.18,380.57,367.59,28.33,68.04,1,1,79
65.87,11.049,11.32,11.395,405.98,363.91,345.01,26.89,65.22,4,4,4
24.83,2.531,4.818,2.948,379.49,381.28,381.79,28.33,54.15,0,0,164
28.62,6.891,6.346,5.108,378.39,374.47,376.53,26.99,69.76,1,1,106
27.82,4.131,3.379,2.985,381.57,374.68,381.4,28.19,75.46,0,0,140
26.95,2.063,2.199,3.372,378.6,380.97,378.2,27.23,77.77,0,0,152
28.26,3.031,2.344,2.159,376.87,379.08,379.73,29.01,71.93,0,0,170
26.58,2.665,4.71,3.474,378.28,380.87,381.09,26.46,53.93,0,0,176
43.3,7.495,8.596,7.265,376.96,382.75,366.87,27.45,54.16,2,2,34
27.88,2.237,3.767,2.56,375.36,379.95,378.8,29.02,76.04,0,0,153
29.48,5.116,6.894,6.904,388.31,378.18,377.75,27.23,76.39,1,1,75
44.6,7.504,7.045,7.272,379.03,370.1,385.67,27.26,58.89,2,2,32
63.06,10.192,10.908,10.205,386.02,376.43,385.63,28.26,56.14,3,3,23
28.03,2.423,3.835,2.671,380.47,380.14,380.46,26.75,64.02,0,0,149
27.84,4.59,2.769,3.713,381.2,384.48,379.54,29.03,56.77,0,0,133
25.59,4.063,4.383,3.363,380.69,381.63,379.63,26.07,53.0,0,0,157
69.32,11.929,11.683,11.655,376.43,335.57,391.9,31.03,58.4,4,4,4
51.47,10.085,9.338,10.491,384.39,383.99,382.09,27.05,70.71,3,3,10
28.11,4.908,4.867,3.237,383.42,380.35,382.62,25.25,67.06,0,0,140
48.4,8.454,8.55,8.298,375.65,367.28,379.14,27.24,60.94,2,2,57
25.17,2.86,2.286,4.676,383.72,380.57,382.65,27.28,63.8,0,0,136
30.52,5.165,6.684,5.243,368.11,378.32,385.04,28.03,73.0,1,1,101
26.79,4.546,3.641,4.765,380.33,379.98,380.63,27.86,73.69,0,0,129
47.7,8.308,7.359,8.071,384.43,382.77,349.64,26.33,65.52,2,2,30
29.06,4.392,2.958,3.936,377.67,379.17,378.15,27.48,71.18,0,0,135
49.05,8.4,8.987,7.94,366.53,378.39,382.77,28.28,65.81,2,2,37
44.45,8.8,7.994,8.517,378.2,378.7,373.2,29.22,64.26,2,2,41
36.12,6.475,5.038,6.852,377.37,386.81,375.82,27.76,65.55,1,1,72
29.84,2.546,2.169,4.844,379.28,378.21,382.39,27.43,73.13,0,0,149
29.06,4.413,2.748,2.126,378.82,378.83,380.26,27.75,51.73,0,0,168
25.15,4.834,2.961,4.691,375.51,385.97,382.44,28.08,67.83,0,0,141
27.36,4.786,2.859,2.837,376.0,378.34,381.59,29.32,63.18,0,0,165
28.31,2.156,3.147,3.181,378.6,384.77,383.87,28.58,61.01,0,0,147
64.05,9.089,9.738,9.998,371.68,372.65,419.57,28.26,79.25,3,3,28
32.49,6.284,6.143,6.049,387.34,382.77,390.63,26.44,59.79,1,1,101
30.78,3.923,2.006,4.904,380.31,379.8,379.45,27.59,65.81,0,0,142
30.14,2.584,4.946,3.312,380.41,379.73,381.05,29.89,79.03,0,0,178
25.44,4.948,3.349,4.542,378.12,377.09,379.09,27.48,56.39,0,0,135
32.44,5.595,5.22,5.741,376.75,385.84,377.51,29.29,79.0,1,1,102
26.19,3.171,4.04,2.888,381.02,376.78,379.92,28.39,75.34,0,0,160
50.72,10.77,9.161,10.211,365.58,386.7,356.09,28.4,70.92,3,3,12
24.9,3.02,2.195,3.516,379.91,379.87,381.12,25.92,78.34,0,0,127
70.44,11.453,11.389,11.689,376.48,365.13,366.5,27.71,72.07,4,4,3
37.01,7.651,7.389,7.461,378.3,382.26,378.57,29.02,52.16,2,2,43
30.0,4.108,4.895,3.361,377.77,381.29,384.35,27.72,53.18,0,0,126
55.28,10.668,10.659,10.892,396.26,382.85,385.0,29.21,70.1,3,3,11
27.29,3.419,2.859,4.682,380.64,379.66,377.36,27.31,50.33,0,0,151
51.49,8.586,7.817,8.341,387.99,378.77,373.26,28.37,65.51,2,2,40
27.85,4.346,4.084,4.964,384.34,374.52,380.78,27.0,68.89,0,0,172
57.08,10.145,10.116,10.652,388.63,369.16,391.95,28.93,64.25,3,3,11
45.4,7.744,7.399,8.09,377.97,395.36,379.54,30.84,54.15,2,2,51
47.22,8.831,7.943,7.286,389.67,392.52,379.34,28.52,52.57,2,2,34
43.84,8.987,7.977,8.101,365.38,373.24,386.94,28.27,55.42,2,2,35
26.88,2.772,4.664,2.98,376.02,382.59,379.59,27.37,76.87,0,0,154
26.43,4.349,4.277,4.395,376.96,382.44,379.3,27.39,69.71,0,0,167
24.21,4.469,3.124,4.75,380.7,376.0,377.86,29.19,65.19,0,0,142
27.72,2.928,2.18,2.708,379.84,378.47,378.45,27.88,52.69,0,0,142
35.84,5.465,5.444,6.484,382.68,389.14,388.28,26.19,63.68,1,1,118
30.78,2.716,4.508,4.166,381.15,378.85,383.98,27.65,54.77,0,0,164
78.42,11.31,11.207,11.361,394.59,379.66,408.22,25.55,74.26,4,4,1
33.96,5.138,6.049,6.194,374.8,375.77,386.2,26.71,70.56,1,1,71
40.93,8.611,7.757,8.494,382.97,384.27,386.95,29.13,59.57,2,2,33
25.78,4.593,3.744,4.188,377.99,378.43,378.25,28.94,62.61,0,0,170
47.18,8.8,7.16,8.68,374.86,389.49,369.41,26.91,67.53,2,2,30
46.81,9.137,9.798,9.374,390.8,381.45,359.75,28.86,55.34,3,3,21
30.0,4.373,2.898,2.405,378.32,379.68,378.5,26.62,52.04,0,0,151
30.44,5.034,5.392,5.792,375.74,382.15,373.66,29.53,61.54,1,1,92
48.95,8.738,7.325,8.768,371.63,376.48,363.35,29.34,66.69,2,2,39
27.37,4.968,4.7,2.86,380.99,380.56,380.87,27.83,54.1,0,0,141
27.41,3.578,3.557,3.725,377.56,378.39,380.36,26.71,50.72,0,0,163
34.22,2.16,2.72,4.496,378.35,375.23,377.27,27.16,52.99,0,0,150
26.79,4.452,2.26,2.877,379.93,379.84,376.25,29.52,59.79,0,0,157
27.71,2.133,4.179,4.694,379.2,382.87,382.44,28.69,77.23,0,0,165
29.5,4.657,4.365,3.426,380.14,376.09,384.92,28.05,72.02,0,0,142
28.93,3.313,4.85,4.133,382.35,376.92,375.78,26.92,79.69,0,0,172
29.0,3.601,2.867,3.973,381.62,378.86,382.19,28.33,76.7,0,0,132
64.47,11.013,11.438,11.04,377.37,418.15,418.56,27.58,55.87,4,4,4
26.0,4.888,2.464,4.74,376.12,377.73,381.28,26.73,69.65,0,0,121
74.31,11.859,11.333,11.536,383.73,423.04,365.87,26.92,74.04,4,4,4
26.94,2.268,2.685,2.611,376.46,378.4,381.93,29.07,66.03,0,0,170
27.63,2.149,3.965,2.232,377.8,379.95,378.6,28.43,55.71,0,0,128
27.47,4.991,2.847,2.253,381.8,383.14,383.65,27.27,65.26,0,0,170
28.09,2.19,4.079,2.185,381.3,381.76,381.68,27.76,58.08,0,0,126
29.5,3.475,4.152,3.55,378.6,383.1,381.23,29.18,52.36,0,0,122
33.35,6.497,5.328,6.693,376.3,381.33,379.71,28.26,59.36,1,1,99
27.38,4.152,2.6,3.38,379.31,376.64,381.49,28.77,68.51,0,0,144
37.33,6.12,6.195,5.691,380.97,387.33,374.92,28.76,66.56,1,1,60
36.82,5.003,6.273,6.498,378.85,371.84,376.59,27.35,61.74,1,1,63
27.27,2.145,4.345,3.626,381.03,376.45,380.06,27.67,66.19,0,0,156
27.93,4.968,3.049,4.897,380.53,379.08,379.32,27.42,79.0,0,0,161
48.71,7.181,8.859,7.939,389.75,389.54,378.23,28.2,57.29,2,2,47
26.64,2.499,3.778,4.284,381.68,376.39,380.07,27.62,76.85,0,0,143
28.74,3.557,3.159,3.406,384.81,381.19,380.37,27.92,63.77,0,0,151
67.87,11.965,11.831,11.167,366.76,392.28,388.16,28.29,58.5,4,4,1
29.21,3.062,2.48,3.945,381.23,380.07,383.81,27.54,79.45,0,0,143
36.15,6.474,5.945,6.223,380.73,375.28,380.41,27.22,68.63,1,1,94
68.5,11.069,11.92,11.451,365.03,388.73,348.0,27.39,59.45,4,4,5
29.44,4.61,3.678,4.662,376.46,378.02,378.55,28.01,55.82,0,0,171
28.67,4.293,2.959,4.855,379.79,378.72,384.17,27.06,78.04,0,0,148
29.34,3.232,2.857,3.011,377.75,378.87,379.53,28.95,74.62,0,0,153
30.1,2.254,4.851,2.321,382.5,376.22,381.41,27.76,50.87,0,0,158
29.2,4.2,4.375,3.627,382.17,379.4,379.47,26.66,54.45,0,0,136
39.71,5.918,5.327,5.504,377.9,376.91,379.05,27.38,62.07,1,1,87
28.23,3.242,3.001,3.673,378.05,376.4,379.03,28.43,73.25,0,0,171
25.86,3.75,3.452,3.001,382.12,380.26,378.23,28.0,56.44,0,0,132
69.81,11.094,11.532,11.747,423.55,357.54,309.18,27.54,74.49,4,4,2
47.98,8.402,8.98,8.871,374.67,396.41,382.18,27.71,73.69,2,2,38
31.65,6.779,6.405,5.12,374.22,383.8,375.02,27.39,69.46,1,1,63
30.38,2.71,3.334,3.9,382.11,382.4,381.12,28.65,67.97,0,0,140
37.34,5.756,6.831,6.742,372.62,377.97,375.56,27.28,71.52,1,1,64
28.82,3.602,4.533,4.188,377.01,379.06,381.08,28.08,60.41,0,0,163
27.35,2.589,4.083,2.806,379.49,381.04,382.52,28.21,71.52,0,0,172
25.81,2.046,4.084,2.693,380.85,379.79,382.29,29.13,54.43,0,0,134
50.04,9.682,9.04,10.444,382.69,394.96,410.48,26.57,54.4,3,3,12
27.87,4.457,4.409,4.836,379.71,377.0,378.92,29.31,55.86,0,0,133
29.38,4.307,2.238,3.97,382.46,378.57,379.73,26.91,75.99,0,0,147
26.67,3.845,3.343,2.476,381.39,376.42,380.52,28.66,54.06,0,0,153
28.44,4.49,2.814,3.418,381.47,380.53,382.4,27.45,53.01,0,0,133
48.79,7.729,7.32,7.808,373.57,375.38,380.54,26.27,75.89,2,2,33
39.57,5.1,6.801,6.393,384.73,382.98,375.17,28.67,70.62,1,1,112
48.63,8.686,7.35,8.809,376.88,396.97,375.52,28.58,66.28,2,2,50
31.15,4.37,3.127,4.986,380.62,381.36,385.36,28.07,67.92,0,0,141
27.51,4.303,2.668,4.907,379.27,382.83,382.0,26.79,70.68,0,0,122
26.84,4.909,4.236,3.474,377.9,380.59,380.81,29.22,69.58,0,0,170
26.42,3.464,2.648,3.451,378.44,382.22,378.97,28.74,58.8,0,0,149
26.94,4.124,4.1,2.554,382.1,380.57,382.98,27.17,50.72,0,0,161
43.39,8.261,7.343,8.529,364.24,391.2,375.22,28.87,63.23,2,2,41
29.01,3.56,4.959,4.904,383.44,378.42,378.59,27.53,58.79,0,0,134
27.11,2.577,3.273,4.502,379.99,385.12,378.79,28.3,50.14,0,0,147
28.69,3.223,3.232,4.683,380.11,378.52,380.78,27.13,68.56,0,0,173
27.56,4.55,2.28,2.126,381.38,378.57,380.01,26.45,64.11,0,0,166
26.0,3.681,4.977,4.269,376.47,378.56,380.92,28.56,72.38,0,0,171
64.56,11.57,11.492,11.518,379.6,330.58,328.13,27.83,56.36,4,4,2
41.09,7.587,7.943,7.471,386.69,374.9,391.36,28.15,60.14,2,2,43
66.6,11.815,11.344,11.914,377.19,345.65,378.05,26.86,59.27,4,4,5
26.42,2.294,2.161,3.743,376.05,382.05,380.89,28.06,75.32,0,0,133
27.19,3.874,2.339,2.765,380.59,379.17,379.18,27.83,71.94,0,0,148
28.31,2.812,4.416,4.05,384.32,380.66,379.43,28.94,63.32,0,0,173
28.0,4.092,3.103,4.592,374.27,379.88,379.09,27.9,78.92,0,0,168
49.88,8.359,8.966,8.065,377.41,366.11,379.64,28.13,59.42,2,2,38
29.75,4.335,4.554,2.816,379.68,376.82,381.37,28.19,62.93,0,0,151
28.92,3.701,4.489,2.978,379.91,381.19,379.62,29.56,71.92,0,0,166
29.23,4.389,3.346,2.364,382.79,376.7,380.83,27.96,52.02,0,0,136
27.35,4.906,4.917,3.833,380.55,375.09,378.49,28.72,55.33,0,0,158
33.22,5.998,5.251,6.676,380.2,380.17,374.93,26.42,69.13,1,1,74
27.54,2.491,2.852,4.345,380.39,379.97,378.53,25.72,69.26,0,0,124
28.13,2.912,3.145,2.528,380.94,381.92,382.06,28.35,55.38,0,0,152
27.58,2.924,3.632,3.863,379.24,382.54,381.05,28.04,70.59,0,0,131
26.21,2.133,4.095,4.197,380.11,383.93,379.13,29.27,69.97,0,0,166
51.81,7.399,7.537,7.88,394.96,377.06,369.45,27.59,56.86,2,2,45
54.01,9.927,9.545,10.8,399.89,394.96,385.81,28.91,67.45,3,3,17
74.36,11.487,11.321,11.351,368.14,384.76,339.67,28.62,61.17,4,4,3
48.61,8.708,8.198,7.546,377.34,355.1,373.34,29.29,77.61,2,2,37
27.76,2.12,4.232,2.105,376.75,375.35,377.97,29.35,66.24,0,0,122
36.03,6.402,5.279,6.315,382.33,382.02,387.44,27.06,76.09,1,1,69
26.79,3.876,2.004,3.059,385.57,381.96,377.66,27.23,52.65,0,0,154
26.49,4.457,2.036,4.421,383.19,379.17,378.56,28.58,79.49,0,0,135
38.09,7.435,8.972,8.429,376.84,378.57,381.18,27.97,56.87,2,2,30
27.51,3.062,2.445,2.47,379.21,381.2,378.96,28.08,71.6,0,0,163
57.11,10.303,9.289,10.19,375.96,364.94,405.45,29.99,71.02,3,3,16
27.63,2.593,3.434,3.336,380.11,383.66,380.28,27.92,57.09,0,0,144
29.96,6.246,5.231,5.254,381.03,377.73,392.01,27.88,71.04,1,1,83
31.72,6.747,6.729,6.068,375.13,376.12,381.35,29.57,58.0,1,1,84
56.74,9.767,9.536,10.641,389.65,385.85,387.17,28.03,79.38,3,3,18
33.4,5.88,6.843,6.776,373.83,377.84,385.67,29.54,79.24,1,1,92
31.72,6.213,6.443,5.176,376.12,390.74,378.7,28.9,64.84,1,1,104
27.82,2.031,4.576,3.68,379.73,377.3,376.5,28.1,65.07,0,0,171
26.93,3.474,3.724,2.861,380.06,384.23,381.99,27.5,55.0,0,0,132
27.21,3.51,3.824,3.464,382.15,378.09,380.35,29.19,77.7,0,0,175
32.28,6.275,6.904,5.185,380.74,376.89,380.02,28.53,67.49,1,1,84
30.35,2.784,2.234,3.034,378.77,382.09,377.61,28.12,76.62,0,0,131
33.17,6.057,6.756,6.622,376.47,389.84,376.76,26.33,59.92,1,1,72
26.93,3.003,4.353,2.349,381.89,379.06,381.4,27.75,70.8,0,0,126
25.81,4.514,4.879,3.816,379.26,380.04,379.74,27.41,78.21,0,0,127
37.25,5.12,6.906,5.203,377.61,380.45,387.4,28.77,55.99,1,1,114
27.26,4.164,3.337,4.995,378.3,380.48,378.61,27.87,57.14,0,0,129
28.85,3.107,4.957,3.104,378.91,382.58,377.21,27.35,56.19,0,0,166
26.27,4.79,2.028,3.752,379.56,380.52,378.84,28.12,76.7,0,0,169
64.13,11.456,11.208,11.498,365.48,385.82,400.01,28.06,74.17,4,4,1
34.42,6.893,6.373,6.464,375.02,379.89,392.24,26.53,60.41,1,1,61
27.22,4.259,2.013,2.921,380.29,375.27,380.15,29.92,55.38,0,0,169
25.35,3.479,4.621,4.32,381.8,377.55,380.86,27.13,70.03,0,0,133
28.94,3.082,4.632,2.361,379.9,382.83,383.29,28.32,75.4,0,0,157
37.09,8.91,7.041,7.705,383.38,400.47,398.97,27.3,71.75,2,2,54
35.79,6.335,5.828,6.36,379.28,375.38,378.82,27.61,51.03,1,1,99
27.46,4.675,4.258,3.9,380.26,381.48,379.65,27.8,74.24,0,0,127
30.65,4.531,3.396,4.355,379.51,375.2,379.27,27.93,53.69,0,0,131
28.29,3.518,2.373,3.477,379.86,376.48,379.86,28.15,50.73,0,0,155
38.3,6.595,5.989,5.945,377.26,372.94,382.0,27.55,79.15,1,1,60
40.99,8.84,7.401,8.451,374.1,381.04,377.49,25.69,53.23,2,2,52
29.89,2.965,3.469,4.837,381.45,379.73,380.63,27.0,61.9,0,0,139
26.19,2.566,4.073,2.988,377.63,378.22,383.04,27.74,78.31,0,0,154
31.43,3.872,2.398,3.171,380.03,379.36,377.64,28.81,51.92,0,0,173
74.45,11.399,11.086,11.361,405.08,384.67,400.59,26.55,77.84,4,4,1
29.56,2.148,3.796,3.583,381.19,377.95,378.21,28.39,52.42,0,0,165
43.18,7.379,8.382,8.805,373.15,370.77,366.07,29.05,57.72,2,2,31
43.86,5.658,5.944,5.559,382.46,385.06,383.73,27.36,50.27,1,1,71
26.96,4.935,4.484,3.183,380.3,380.75,381.61,29.13,69.93,0,0,147
25.75,4.699,2.659,4.224,384.68,380.74,377.83,26.54,54.74,0,0,124
29.33,4.717,4.085,2.738,382.65,378.47,378.89,28.5,53.11,0,0,148
32.68,5.447,5.88,5.948,380.12,388.74,382.78,28.08,69.28,1,1,60
41.63,8.917,8.8,7.881,378.99,386.6,368.11,28.84,74.26,2,2,32
38.26,5.519,5.579,6.356,378.08,376.67,376.46,28.48,52.26,1,1,96
28.27,3.55,2.246,3.137,380.97,377.89,378.4,28.82,63.99,0,0,174
26.38,4.408,4.216,4.205,383.13,381.91,380.78,27.53,72.44,0,0,122
74.66,11.817,11.768,11.39,384.53,392.39,423.27,28.66,61.72,4,4,5
38.06,7.712,8.125,8.992,364.34,388.63,369.72,27.14,67.17,2,2,39
28.27,4.86,3.026,3.919,381.01,378.78,376.52,26.84,51.01,0,0,141
65.49,11.139,11.337,11.802,367.35,383.73,344.52,28.73,66.99,4,4,1
34.57,6.804,6.804,6.888,386.09,372.39,378.26,27.93,67.71,1,1,87
37.31,6.892,6.832,5.812,382.25,375.94,378.44,28.28,56.99,1,1,73
34.77,6.636,6.416,5.011,375.66,388.37,371.94,28.36,50.61,1,1,86
48.02,8.426,8.986,8.819,380.97,348.18,360.74,28.63,52.84,2,2,50
36.46,6.126,6.523,6.572,380.43,374.11,377.87,28.84,59.19,1,1,78
27.76,3.8,3.715,2.593,380.41,383.77,378.71,26.99,78.04,0,0,153
29.02,3.549,3.38,3.303,379.07,383.73,378.49,27.87,53.67,0,0,144
47.89,9.289,9.649,9.327,385.24,378.18,376.28,26.26,72.34,3,3,26
29.06,2.143,2.138,4.433,376.18,378.42,383.12,28.83,69.32,0,0,158
27.85,3.457,2.713,3.149,381.6,378.15,377.36,29.03,51.84,0,0,149
27.56,2.656,4.679,2.365,377.52,381.12,376.82,29.44,50.87,0,0,150
28.74,3.015,2.131,3.759,377.78,376.76,377.45,29.0,54.68,0,0,178
40.32,5.421,5.52,6.839,381.59,387.81,377.61,27.7,59.9,1,1,115
43.92,10.294,9.85,10.343,381.49,358.6,388.75,27.78,59.58,3,3,8
27.23,2.989,3.507,2.849,375.88,378.27,381.31,29.49,60.79,0,0,168
25.59,4.939,2.928,4.272,383.3,377.0,380.64,27.66,52.72,0,0,152
26.93,3.222,4.735,4.345,380.52,383.53,379.74,29.0,54.57,0,0,142
52.76,9.042,9.236,10.899,382.3,384.22,378.15,29.4,72.59,3,3,24
36.28,5.516,5.62,5.957,375.1,379.67,379.48,26.94,73.61,1,1,105
27.55,3.436,4.44,3.155,379.6,380.1,379.08,28.67,55.82,0,0,152
48.83,8.021,7.888,7.848,383.6,380.32,377.9,27.63,58.76,2,2,50
46.83,7.052,7.9,8.1,370.87,392.16,372.2,27.87,76.47,2,2,32
45.37,8.342,8.751,8.989,370.94,380.4,375.04,27.06,68.63,2,2,58
50.15,10.885,10.412,9.524,337.96,331.03,385.76,27.51,70.59,3,3,8
28.06,3.462,4.373,4.446,376.71,379.27,379.03,27.21,54.56,0,0,166
42.42,7.313,7.181,8.064,393.29,380.14,357.11,30.32,72.65,2,2,56
29.22,4.178,2.13,4.408,375.33,381.41,384.55,28.76,62.52,0,0,165
40.15,7.183,7.32,7.324,366.68,388.25,377.35,28.72,72.35,2,2,42
36.98,5.552,6.718,5.004,380.41,375.05,383.48,26.8,68.94,1,1,103
47.47,7.515,7.616,8.304,360.58,383.51,369.54,28.6,51.38,2,2,55
36.62,6.418,6.441,5.428,381.55,377.6,376.07,26.81,73.76,1,1,73
26.36,2.571,4.45,3.81,382.93,378.36,375.93,29.07,62.31,0,0,172
27.51,4.16,4.076,2.616,384.26,376.75,381.68,28.56,51.05,0,0,158
68.38,11.658,11.372,11.696,409.88,370.12,389.68,28.57,76.94,4,4,2
53.92,10.73,9.617,10.694,415.81,381.6,391.87,27.0,60.32,3,3,26
26.06,2.673,3.107,4.334,381.36,381.38,378.68,28.34,76.43,0,0,172
29.06,3.009,2.816,4.554,383.1,378.43,380.87,27.4,75.91,0,0,154
28.04,2.013,4.369,2.927,379.15,378.84,378.88,27.34,72.76,0,0,162
34.52,5.895,6.414,5.644,380.61,386.04,387.91,28.08,76.33,1,1,77
42.91,7.459,8.729,7.169,387.04,392.24,376.51,29.41,61.83,2,2,38
24.36,4.744,4.554,3.365,379.3,378.98,379.36,27.65,79.93,0,0,146
28.2,3.685,2.021,4.943,382.12,380.86,379.14,30.35,68.28,0,0,123
47.63,8.453,8.323,7.137,400.13,374.76,369.61,26.87,57.26,2,2,33
38.0,5.853,5.623,5.866,377.2,375.28,380.62,27.57,60.36,1,1,111
26.71,4.543,2.034,3.923,380.37,379.58,380.0,29.53,55.49,0,0,143
33.52,6.415,6.674,6.926,386.06,371.62,381.72,28.83,57.03,1,1,81
27.76,2.293,3.902,2.288,377.72,376.22,380.44,28.02,75.06,0,0,145
27.16,4.899,2.768,4.809,379.76,381.74,378.96,27.66,63.06,0,0,170
31.45,6.965,6.699,6.469,381.6,382.64,388.18,27.71,67.19,1,1,79
30.3,6.265,6.815,5.777,382.4,373.37,383.38,26.2,51.73,1,1,74
50.1,10.861,9.132,10.482,387.79,377.88,398.97,27.68,58.97,3,3,27
37.21,6.572,6.592,5.872,380.15,373.91,377.76,28.32,63.76,1,1,85
49.12,8.426,7.448,7.22,374.04,406.46,363.18,30.69,51.82,2,2,53
27.94,3.104,3.233,4.344,377.11,382.28,379.39,27.65,79.42,0,0,120
25.81,2.645,4.544,4.476,384.02,380.16,376.97,28.94,54.09,0,0,135
27.52,3.115,4.672,3.836,376.68,380.15,382.12,29.16,73.38,0,0,132
27.41,3.876,2.766,2.312,380.13,376.65,381.02,26.8,75.76,0,0,151
33.47,6.608,6.616,6.41,375.11,370.66,377.42,27.43,69.59,1,1,90
59.45,11.648,11.95,11.858,394.55,346.54,386.94,28.87,53.01,4,4,1
28.58,3.139,4.219,2.091,379.9,380.8,380.36,25.59,60.14,0,0,148
29.49,2.298,4.87,4.224,380.07,377.79,377.52,28.21,78.7,0,0,137
53.08,8.02,8.886,7.797,377.84,372.81,368.8,29.64,59.45,2,2,52
26.59,3.705,3.838,4.072,378.89,380.79,381.91,28.15,52.24,0,0,130
30.69,5.574,6.296,5.717,378.72,369.54,386.85,28.79,67.48,1,1,92
35.44,6.839,6.54,6.197,379.19,377.98,382.15,25.42,51.7,1,1,86
30.47,6.518,6.745,5.563,377.93,378.8,378.03,28.19,61.86,1,1,96
26.75,3.489,2.509,3.947,377.14,381.44,381.93,27.92,79.92,0,0,142
32.06,3.073,4.071,3.414,382.77,377.62,378.27,28.16,73.86,0,0,156
48.21,7.033,7.838,8.969,391.24,382.57,380.31,28.08,55.76,2,2,55
39.82,6.266,6.2,6.479,382.08,380.0,379.99,28.1,76.14,1,1,108
28.32,4.244,4.11,4.147,378.41,382.91,376.6,27.37,68.56,0,0,155
47.88,7.498,7.479,8.026,381.87,376.64,396.0,27.59,66.96,2,2,41
26.56,2.231,2.319,4.803,377.9,381.9,377.91,26.44,59.84,0,0,141
30.87,5.997,6.405,6.544,374.01,388.1,374.67,29.16,53.52,1,1,82
29.9,3.033,2.975,3.718,380.8,382.99,379.24,28.24,78.71,0,0,173
67.7,11.61,11.038,11.771,398.37,374.66,356.78,27.9,51.3,4,4,3
25.9,2.759,2.203,2.382,379.91,381.54,382.89,28.96,62.01,0,0,159
28.74,3.023,3.981,3.647,380.73,378.07,378.12,28.44,69.97,0,0,169
27.01,3.938,3.442,2.187,377.53,379.9,379.46,29.25,64.23,0,0,151
25.53,4.685,2.997,3.736,378.82,381.46,378.72,29.04,71.12,0,0,136
49.19,10.125,10.201,10.149,383.62,371.12,342.04,26.76,56.8,3,3,12
64.9,11.92,11.713,11.29,406.84,431.96,385.1,28.05,77.75,4,4,2
25.53,3.032,3.206,2.572,383.04,381.18,383.17,27.62,63.58,0,0,143
26.26,4.582,3.265,3.017,378.06,377.31,380.99,27.38,61.91,0,0,176
38.86,5.222,5.479,5.329,379.21,387.21,382.28,29.23,57.77,1,1,87
52.56,10.816,10.862,9.104,372.3,400.67,410.12,28.51,55.11,3,3,28
35.45,5.241,5.067,5.728,376.0,370.61,388.14,28.02,61.57,1,1,72
30.02,3.191,4.65,2.33,376.44,378.15,380.7,26.67,55.4,0,0,163
27.67,3.275,4.264,4.521,381.39,378.46,376.03,28.47,56.99,0,0,179
36.34,5.389,5.153,6.186,388.14,381.78,389.25,30.33,66.96,1,1,109
29.5,3.928,4.821,3.166,382.14,376.8,380.89,27.9,51.01,0,0,163
32.39,5.194,6.587,5.852,378.85,376.8,384.24,27.23,52.81,1,1,111
26.66,3.279,2.706,3.345,379.5,382.85,379.1,28.62,76.31,0,0,164
49.83,8.043,8.199,8.402,384.13,392.25,370.09,28.56,53.49,2,2,48
26.37,4.486,2.742,3.572,376.57,382.39,377.6,28.79,68.76,0,0,161
34.24,5.3,6.209,5.954,376.75,373.63,376.04,28.4,59.91,1,1,81
27.15,2.871,2.812,3.046,377.34,378.34,379.29,28.13,69.31,0,0,166
34.98,6.467,6.942,6.381,384.11,378.72,378.0,27.86,54.88,1,1,109
30.4,2.14,2.69,4.837,379.59,382.35,381.89,27.96,70.57,0,0,172
32.16,6.633,6.883,5.777,378.49,376.93,387.86,26.45,70.14,1,1,100
31.75,6.184,6.298,6.931,384.84,386.91,372.74,29.63,54.25,1,1,83
37.42,6.942,6.822,5.567,386.54,380.22,379.34,27.64,57.39,1,1,102
35.21,5.681,6.417,6.09,377.93,384.46,380.01,28.64,52.88,1,1,90
36.92,5.459,5.64,6.494,379.12,382.02,381.14,28.15,56.88,1,1,88
49.42,8.083,8.426,8.307,378.49,366.61,388.68,28.32,50.65,2,2,52
26.53,3.268,3.874,4.618,381.19,382.72,379.61,26.62,59.27,0,0,135
39.48,8.094,7.258,7.073,380.93,372.09,358.06,28.68,63.69,2,2,35
26.95,2.809,2.3,4.595,380.96,382.09,377.81,27.89,72.11,0,0,171
28.21,4.187,2.026,2.662,374.62,379.46,379.55,28.67,61.35,0,0,173
29.45,2.994,3.922,4.022,378.55,378.35,379.83,29.43,51.18,0,0,139
29.17,3.593,3.696,2.236,383.69,380.01,382.4,28.28,52.71,0,0,157
40.75,7.711,7.978,8.582,388.67,375.76,374.79,29.46,78.26,2,2,44
38.49,6.904,6.318,5.011,381.04,368.82,392.56,27.98,69.47,1,1,108
43.29,7.953,8.899,8.165,384.37,382.91,375.02,28.33,55.07,2,2,54
29.08,4.114,4.224,4.661,380.64,377.81,378.13,29.81,79.56,0,0,162
30.8,3.159,4.999,2.586,378.32,374.82,378.65,28.15,58.4,0,0,132
26.68,3.979,3.975,4.115,382.78,379.68,379.01,28.08,65.45,0,0,176
28.31,2.725,4.175,3.822,378.52,381.69,381.67,28.36,56.78,0,0,163
26.74,2.057,3.255,2.931,378.86,376.23,382.14,29.55,74.22,0,0,171
29.25,3.852,3.089,4.523,383.17,377.37,381.12,28.34,61.96,0,0,138
29.46,2.561,3.831,2.553,383.99,379.33,381.57,28.12,58.39,0,0,150
36.11,5.739,6.85,5.047,377.02,380.98,380.32,29.67,64.97,1,1,94
34.32,6.559,5.902,6.967,377.34,378.65,386.9,25.69,65.76,1,1,93
72.0,11.074,11.507,11.781,404.82,433.79,402.13,27.63,50.03,4,4,3
56.78,10.905,9.783,10.915,376.16,378.05,388.87,28.48,66.26,3,3,25
33.94,5.846,6.197,6.049,384.39,374.92,380.85,27.73,60.75,1,1,68
28.37,3.418,4.686,2.067,384.01,381.66,377.7,26.99,53.28,0,0,139
36.72,6.989,5.857,6.748,382.45,376.44,379.83,26.63,54.58,1,1,65
52.31,7.927,7.59,8.392,391.56,378.08,376.51,26.7,58.41,2,2,39
29.29,2.149,4.433,2.196,380.05,383.07,377.28,28.29,77.66,0,0,152
29.05,4.747,4.674,4.656,382.72,377.83,382.67,27.12,60.71,0,0,163
47.45,7.653,8.329,8.531,392.03,365.49,385.15,27.49,73.13,2,2,44
27.71,2.659,3.849,4.413,380.57,377.92,382.19,28.84,51.47,0,0,177
40.12,6.205,6.3,6.263,385.78,378.21,377.5,27.85,64.93,1,1,104
38.31,5.604,6.994,6.342,379.46,382.85,379.32,29.01,73.35,1,1,100
26.19,4.242,2.51,2.739,378.67,376.28,378.48,26.11,73.37,0,0,125
28.85,2.243,2.514,3.413,380.36,381.87,380.13,29.23,66.53,0,0,170
28.14,4.282,4.461,2.571,379.76,378.13,377.91,28.22,74.07,0,0,171
24.85,3.193,2.81,3.118,377.98,382.51,381.05,29.49,75.79,0,0,155
27.23,2.404,4.393,2.686,378.63,380.75,377.89,26.63,59.79,0,0,133
44.06,8.803,8.876,7.964,390.56,370.77,386.7,28.56,63.58,2,2,49
26.41,3.218,2.988,2.642,380.38,378.88,377.73,28.42,70.99,0,0,123
25.99,3.962,4.119,4.12,379.82,380.55,379.81,27.95,79.1,0,0,175
30.09,4.226,3.982,2.043,380.61,380.29,378.48,28.43,61.35,0,0,130
58.34,9.657,9.96,10.734,373.64,376.05,376.04,28.56,60.16,3,3,18
26.9,4.834,2.27,4.275,379.05,382.84,382.79,29.51,78.83,0,0,127
26.7,2.457,4.588,3.262,378.17,382.06,382.11,28.31,55.82,0,0,148
49.63,10.813,9.434,10.114,371.94,389.25,395.84,26.79,51.07,3,3,19
40.49,7.559,7.71,7.074,387.64,373.72,373.93,29.09,58.7,2,2,30
28.01,3.315,2.414,3.472,378.44,381.74,381.62,27.75,64.73,0,0,173
50.46,8.34,7.442,7.772,376.91,380.82,400.31,26.71,50.75,2,2,53
27.19,4.344,4.775,3.688,379.54,380.36,377.79,28.45,72.49,0,0,151
28.52,2.362,3.55,3.333,381.79,378.99,378.59,27.94,77.75,0,0,160
28.07,4.665,2.695,2.333,380.66,382.75,380.0,27.85,75.79,0,0,162
29.02,4.728,4.712,4.493,377.73,379.38,382.31,27.28,56.44,0,0,145
35.81,5.568,5.27,5.576,382.53,385.62,382.12,27.17,77.79,1,1,76
26.98,4.08,4.015,3.402,381.88,375.83,379.75,26.97,70.94,0,0,133
26.61,2.166,3.53,2.215,380.9,379.54,379.87,28.23,61.87,0,0,171
31.86,6.598,6.086,6.765,388.17,374.79,374.58,27.09,73.81,1,1,70
39.93,8.94,7.512,7.84,380.74,376.51,377.1,28.32,58.53,2,2,31
28.2,2.243,4.478,4.995,378.7,380.23,376.49,28.32,66.51,0,0,163
35.96,6.183,5.435,5.44,380.97,372.45,388.41,29.78,62.21,1,1,107
27.16,2.176,4.115,3.51,383.13,381.24,382.9,27.82,52.07,0,0,148
44.69,8.979,8.435,8.985,392.52,368.74,378.54,27.59,54.02,2,2,38
34.83,5.646,5.787,6.88,379.55,367.49,378.87,26.92,71.8,1,1,98
73.45,11.803,11.122,11.837,407.82,394.93,321.5,26.23,62.17,4,4,2
29.51,2.357,4.245,3.805,377.84,379.11,382.76,28.46,70.22,0,0,165
28.32,4.532,3.666,3.388,381.26,376.03,380.63,28.75,52.42,0,0,177
27.75,4.331,3.187,4.434,378.86,380.03,381.93,28.25,50.51,0,0,160
27.33,3.394,2.196,3.497,378.37,378.33,378.14,28.29,78.62,0,0,124
26.79,3.398,4.882,4.814,380.47,381.2,382.02,27.35,78.91,0,0,121
47.63,10.908,10.272,10.194,372.84,373.96,381.94,27.3,60.98,3,3,19
26.94,2.931,2.917,3.816,379.69,379.4,378.48,26.7,71.23,0,0,130
26.9,4.251,4.018,2.036,381.03,380.34,378.97,28.92,59.08,0,0,152
46.22,7.264,8.639,7.765,392.79,388.15,380.61,25.94,67.67,2,2,43
27.57,2.1,2.65,2.225,377.87,382.17,379.29,28.48,65.29,0,0,144
49.03,7.474,8.844,7.108,389.67,395.06,364.52,27.65,53.07,2,2,32
26.71,3.661,4.661,3.907,378.82,381.32,380.53,28.82,65.8,0,0,159
27.71,3.699,2.529,3.496,380.23,381.63,381.64,26.15,72.43,0,0,145
29.39,4.118,4.545,3.609,377.68,377.71,381.15,28.15,59.63,0,0,179
26.17,3.582,3.657,2.268,382.39,382.86,379.53,28.16,73.82,0,0,130
60.72,9.698,9.035,9.148,388.19,382.08,377.36,28.4,65.58,3,3,15
29.05,4.939,4.085,3.804,381.71,379.61,379.67,27.87,68.47,0,0,166
27.11,4.289,2.606,4.521,380.56,379.94,378.36,29.08,69.73,0,0,139
26.51,2.564,2.335,3.983,377.82,382.88,380.71,26.64,53.96,0,0,127
25.24,4.442,2.653,2.035,380.48,378.65,379.74,30.25,74.0,0,0,179
61.43,10.058,10.222,10.032,375.28,386.8,370.99,27.62,66.71,3,3,20
25.69,2.549,2.439,3.016,377.85,379.85,378.9,27.98,65.28,0,0,126
34.78,5.216,6.075,6.639,372.46,373.74,382.94,27.78,57.24,1,1,114
79.22,11.218,11.587,11.346,425.62,345.48,403.02,27.09,78.62,4,4,5
36.08,6.186,6.253,5.868,374.3,376.87,382.57,28.12,62.4,1,1,90
55.89,10.289,10.44,10.2,373.91,371.98,388.95,28.1,67.4,3,3,7
29.21,2.959,4.876,3.837,380.03,379.76,379.38,27.91,71.89,0,0,157
24.12,4.072,2.109,2.67,382.24,382.12,380.71,27.51,62.04,0,0,172
29.12,4.82,2.751,3.598,380.12,379.53,384.39,28.03,50.57,0,0,175
35.7,5.391,6.866,5.632,381.57,384.65,382.8,28.43,71.02,1,1,113
81.35,11.664,11.903,11.542,412.7,371.64,367.48,28.45,78.83,4,4,3
25.91,2.058,2.712,4.1,379.04,383.67,381.0,28.29,70.82,0,0,153
36.13,6.031,6.795,6.583,377.15,384.72,388.49,27.37,58.49,1,1,106
29.94,2.221,2.862,3.709,382.66,378.42,376.5,29.01,65.64,0,0,143
33.08,5.182,6.165,6.824,377.65,375.5,371.57,27.54,74.96,1,1,83
27.49,3.125,4.271,2.885,381.94,379.33,378.94,28.05,54.72,0,0,173
76.37,11.067,11.063,11.258,408.63,379.94,349.6,26.92,70.44,4,4,3
31.8,5.869,6.244,6.796,373.91,372.67,377.29,28.94,71.48,1,1,86
28.79,3.937,4.749,2.175,379.39,377.63,377.64,26.16,58.68,0,0,122
29.73,2.736,4.046,4.702,378.76,379.57,379.86,29.18,74.56,0,0,153
26.61,3.764,2.967,2.931,379.54,380.14,378.72,29.97,54.45,0,0,151
26.7,2.849,4.486,4.703,381.68,379.39,380.56,29.3,54.32,0,0,157
30.12,3.047,3.758,2.416,384.61,381.08,376.81,27.27,52.05,0,0,177
42.5,8.642,7.326,8.56,371.78,368.16,391.94,29.6,63.12,2,2,51
35.6,5.083,6.363,5.888,381.86,382.92,386.76,27.15,53.13,1,1,107
28.39,4.788,2.598,2.033,379.4,379.83,379.94,27.9,62.54,0,0,149
26.81,2.544,4.901,3.811,379.97,382.73,380.12,25.82,65.44,0,0,165
49.99,8.008,7.769,7.323,377.52,382.99,392.56,29.87,70.96,2,2,48
36.76,5.921,5.87,5.372,384.51,376.05,379.74,27.3,64.27,1,1,72
28.12,3.76,4.394,3.75,379.34,379.2,378.75,27.44,59.44,0,0,161
30.81,5.643,5.339,5.588,379.89,378.04,382.58,28.38,55.1,1,1,116
28.63,3.834,4.551,2.992,381.08,379.4,379.42,28.18,68.82,0,0,152
27.74,4.423,4.322,2.894,379.58,379.34,381.79,27.91,55.79,0,0,122
26.47,4.895,3.521,3.14,380.12,379.44,377.7,27.22,70.72,0,0,169
28.68,2.064,2.452,4.13,381.82,382.73,384.05,27.74,52.13,0,0,156
25.59,3.46,3.213,4.48,379.05,378.49,378.72,28.46,63.17,0,0,156
61.16,9.052,9.654,9.841,391.68,379.61,380.71,27.01,79.7,3,3,10
44.26,8.999,8.028,7.334,390.97,365.05,383.05,27.21,72.19,2,2,49
40.01,6.8,5.36,5.392,374.09,378.37,386.88,26.68,51.79,1,1,69
26.1,2.313,3.087,2.898,378.08,381.72,380.6,27.39,72.14,0,0,121
27.74,4.934,2.204,2.019,383.07,380.83,377.1,26.17,70.08,0,0,143
33.24,5.401,6.377,6.701,381.96,381.51,379.72,28.08,57.46,1,1,113
29.49,3.777,3.674,2.669,382.57,380.89,381.18,26.94,55.26,0,0,128
30.38,3.184,2.118,4.726,381.56,378.15,381.87,25.93,71.58,0,0,159
27.8,4.708,3.858,2.64,380.1,381.53,381.15,28.32,50.84,0,0,174
39.64,8.17,7.816,8.309,378.78,380.4,386.25,28.65,71.39,2,2,33
25.9,4.676,2.996,4.582,380.32,380.95,379.02,29.41,73.75,0,0,125
26.64,3.632,3.699,4.477,378.91,382.67,379.64,28.78,72.02,0,0,143
46.71,8.598,8.826,8.196,375.54,385.76,374.47,28.63,57.86,2,2,48
29.96,3.035,3.425,3.211,382.03,379.72,380.71,28.71,54.04,0,0,142
26.77,4.677,3.228,3.842,379.3,379.38,379.36,29.36,63.33,0,0,131
27.59,3.442,4.714,4.407,381.53,378.44,377.72,26.75,68.5,0,0,146
27.87,4.693,4.794,4.238,381.21,379.23,379.43,28.84,78.33,0,0,144
51.46,8.35,7.02,7.571,373.19,375.54,375.84,29.32,52.39,2,2,58
27.65,4.365,3.471,2.016,378.68,378.82,379.7,29.64,59.69,0,0,125
28.19,2.679,4.464,2.129,377.92,380.1,378.13,28.49,77.17,0,0,146
52.52,10.021,9.61,10.022,385.47,390.83,373.8,28.86,69.59,3,3,16
60.02,10.102,10.699,10.832,418.18,382.57,365.52,27.75,52.67,3,3,10
49.8,9.227,10.808,9.892,367.97,386.29,374.96,28.05,66.05,3,3,9
30.18,2.308,3.862,3.309,378.6,377.16,379.0,29.45,54.31,0,0,145
26.77,4.741,4.638,2.452,380.18,381.39,381.67,28.49,62.78,0,0,129
72.4,11.283,11.6,11.43,399.42,380.7,353.48,28.57,52.36,4,4,3
46.37,8.57,8.791,8.948,362.13,388.22,369.68,26.48,62.93,2,2,36
26.07,4.352,2.388,4.746,379.4,379.21,380.15,27.52,58.53,0,0,140
25.21,4.185,3.457,2.397,380.6,378.94,378.92,27.61,61.09,0,0,165
27.77,2.086,2.494,4.686,380.35,378.0,378.46,28.93,57.01,0,0,175
57.31,9.375,9.022,9.824,375.81,374.72,400.69,27.55,79.79,3,3,17
28.42,3.009,4.435,4.262,378.34,379.39,381.53,30.35,67.32,0,0,168
29.91,4.557,3.169,3.549,381.53,378.84,378.6,27.68,74.08,0,0,129
30.7,3.929,2.803,4.58,377.38,381.17,379.52,29.47,68.92,0,0,120
40.21,5.318,5.571,5.419,369.75,390.66,385.49,27.35,63.98,1,1,81
38.3,7.092,7.74,8.037,390.17,380.33,377.82,28.49,66.07,2,2,39
26.26,2.463,2.503,4.968,377.89,379.73,378.6,27.14,58.36,0,0,141
41.14,7.924,8.046,7.631,381.93,388.33,379.69,27.63,58.74,2,2,39
59.26,11.696,11.845,11.286,399.55,352.23,393.17,26.85,59.48,4,4,2
26.25,3.053,2.324,2.118,383.05,379.92,382.53,27.29,74.69,0,0,155
28.45,2.968,3.79,2.831,381.83,381.91,376.87,28.31,68.88,0,0,121
29.39,4.012,4.178,4.427,382.75,382.97,378.83,27.79,50.81,0,0,130
48.66,8.39,8.568,7.036,395.82,397.01,393.8,27.33,70.19,2,2,33
39.32,6.463,6.727,6.844,383.47,376.41,383.69,27.13,75.07,1,1,102
33.87,6.761,6.003,5.373,381.19,374.98,389.7,28.06,60.74,1,1,113
45.68,7.53,7.106,7.89,377.79,387.85,386.1,28.41,69.62,2,2,53
27.76,3.598,2.611,4.5,378.7,378.47,379.14,27.61,58.53,0,0,158
61.96,9.752,9.865,9.723,386.37,378.56,350.09,27.32,60.59,3,3,9
26.31,2.926,4.936,4.798,380.65,380.1,381.11,27.93,70.13,0,0,171
27.57,2.222,4.963,3.741,378.61,382.99,379.87,28.11,79.79,0,0,154
32.46,5.29,5.199,5.877,371.22,382.7,376.69,26.27,71.8,1,1,83
38.59,8.829,7.555,8.479,380.81,385.39,376.29,27.67,58.91,2,2,30
25.42,2.45,2.874,3.74,379.09,382.17,379.11,25.88,55.91,0,0,140
44.95,7.511,8.381,8.308,374.34,359.07,385.98,25.65,68.01,2,2,40
49.22,10.624,10.683,10.34,387.02,382.21,396.74,27.61,67.82,3,3,22
30.41,3.72,2.937,3.303,383.57,383.41,381.86,28.46,72.74,0,0,177
71.09,11.084,11.469,11.435,377.2,327.24,376.49,27.98,74.8,4,4,2
28.03,4.19,4.095,4.283,378.03,377.41,379.66,29.19,52.12,0,0,125
30.42,2.195,4.896,2.455,381.99,378.47,377.53,27.65,74.05,0,0,128
30.8,3.213,3.654,2.187,377.38,382.01,379.29,28.46,54.6,0,0,124
47.97,9.205,10.046,10.35,373.81,375.53,372.35,27.54,67.77,3,3,12
30.47,6.143,6.066,6.562,376.83,378.94,382.65,26.13,65.48,1,1,115
27.98,4.008,4.332,4.13,379.43,379.56,377.21,28.2,55.0,0,0,173
29.92,3.471,3.099,2.328,379.27,379.74,378.86,24.34,61.04,0,0,156
33.54,5.543,6.892,5.635,381.31,385.39,383.18,28.57,64.33,1,1,64
28.95,4.493,2.163,4.136,378.86,380.28,378.69,27.14,69.57,0,0,167
58.09,10.093,10.964,10.671,406.73,360.05,375.95,27.09,56.48,3,3,23
42.63,7.544,7.923,7.019,361.67,385.42,375.31,26.9,69.41,2,2,40
31.68,3.399,3.933,2.922,381.0,381.68,381.94,27.5,57.47,0,0,164
66.55,11.944,11.786,11.201,386.08,412.27,397.1,28.93,78.85,4,4,1
27.39,2.724,4.286,3.722,380.09,379.01,378.76,28.85,60.91,0,0,135
66.08,11.334,11.889,11.485,414.63,419.18,372.88,26.73,61.48,4,4,4
40.97,5.213,5.268,6.674,376.72,386.97,384.75,28.32,55.68,1,1,98
35.46,5.568,6.261,5.117,376.24,373.03,376.38,30.17,70.87,1,1,71
29.49,4.754,4.357,2.659,379.87,380.12,381.78,28.28,61.02,0,0,134
51.79,9.304,9.729,10.632,340.04,388.67,368.01,27.22,79.57,3,3,28
29.55,3.502,3.55,2.109,375.4,381.69,383.62,26.93,79.22,0,0,175
28.43,2.777,4.026,3.1,375.76,385.41,378.53,28.74,52.18,0,0,131
24.69,3.811,4.979,4.892,378.93,381.51,377.4,28.18,63.79,0,0,164
38.67,6.367,5.157,6.116,377.07,382.8,375.17,27.81,58.72,1,1,74
26.47,4.421,3.421,3.454,378.25,382.75,382.52,27.28,76.14,0,0,139
36.31,6.429,5.161,6.176,380.16,380.2,378.35,26.0,65.17,1,1,118
59.77,10.242,10.787,9.385,383.37,369.05,363.14,27.65,66.77,3,3,14
25.98,3.887,2.733,3.482,379.12,374.31,377.86,28.85,77.01,0,0,179
34.67,5.831,6.749,5.128,378.28,383.49,371.74,28.47,52.96,1,1,98
27.14,2.77,4.513,3.846,379.35,380.92,379.33,26.62,78.68,0,0,179
38.94,7.819,7.444,8.265,364.48,375.48,371.24,28.61,60.71,2,2,54
49.09,8.341,8.29,7.443,393.42,379.57,373.93,29.47,54.79,2,2,48
25.66,2.784,3.695,2.651,383.41,376.37,375.42,27.13,74.76,0,0,172
36.46,5.56,6.28,5.632,383.37,369.22,375.48,28.57,58.4,1,1,77
28.32,4.031,2.431,2.364,380.64,377.12,379.05,28.34,69.56,0,0,122
28.14,2.106,2.846,3.917,382.76,381.01,379.07,28.14,67.93,0,0,167
42.21,7.604,7.158,8.899,404.13,390.76,388.67,28.26,71.31,2,2,45
26.84,3.194,3.095,2.85,383.95,379.56,379.21,29.01,62.47,0,0,164
28.62,3.062,3.659,3.306,378.02,381.82,381.89,27.88,65.21,0,0,143
27.2,3.572,3.195,4.152,383.67,379.52,380.88,27.54,76.43,0,0,162
42.01,8.081,7.643,8.095,395.51,387.51,383.04,28.42,66.46,2,2,31
25.57,3.547,3.936,4.896,378.37,381.05,381.6,29.08,59.93,0,0,146
28.96,3.381,2.119,4.667,380.78,380.97,377.58,27.15,66.41,0,0,150
36.92,6.543,5.998,5.708,383.81,378.69,374.34,27.27,62.7,1,1,74
56.24,8.039,7.324,7.217,390.19,369.77,374.26,30.55,66.41,2,2,30
28.49,4.458,2.097,4.013,381.76,378.46,378.34,27.39,76.7,0,0,123
28.17,2.917,2.414,2.264,381.94,382.1,381.02,28.25,66.83,0,0,134
28.32,2.937,4.869,2.446,380.1,381.3,382.59,28.06,52.09,0,0,149
26.32,2.555,4.739,2.358,376.44,381.59,376.93,28.32,73.3,0,0,141
27.55,2.704,3.763,4.886,379.89,382.05,382.48,27.68,79.25,0,0,174
38.03,5.241,6.889,6.269,383.8,370.28,383.93,28.38,63.48,1,1,102
31.55,6.156,6.067,5.417,382.51,382.05,377.17,27.99,59.87,1,1,116
32.97,5.787,5.903,6.479,382.43,380.48,382.49,26.0,66.18,1,1,98
29.42,2.598,3.231,3.596,384.42,381.29,382.35,30.08,50.25,0,0,177
41.84,8.194,7.112,8.715,390.93,361.0,372.25,27.46,50.9,2,2,48
29.46,3.37,2.45,3.316,378.79,379.11,377.48,29.36,72.01,0,0,131
64.01,11.469,11.645,11.211,392.76,331.93,364.61,30.38,72.19,4,4,4
35.71,5.17,5.216,5.598,390.21,384.92,378.82,29.19,78.13,1,1,81
27.82,3.277,4.796,2.484,377.28,380.08,383.01,27.94,71.73,0,0,151
36.41,5.694,6.674,6.718,389.41,379.38,377.25,29.24,55.77,1,1,98
25.75,2.445,2.879,2.096,378.27,381.75,380.75,27.29,71.33,0,0,134
34.67,5.152,6.655,5.532,369.94,381.13,384.56,28.15,69.83,1,1,61
28.23,4.479,2.625,3.164,381.77,380.66,381.94,28.46,56.12,0,0,159
27.9,3.236,3.076,2.805,380.32,381.55,383.36,28.84,50.57,0,0,149
34.92,7.993,7.582,8.856,379.15,371.37,387.35,29.66,66.84,2,2,54
26.84,2.862,3.621,4.656,383.44,379.7,382.07,27.01,52.27,0,0,145
43.91,8.209,7.378,7.12,380.82,389.49,379.22,26.96,73.87,2,2,35
28.16,4.486,2.683,4.492,384.08,378.32,377.27,27.44,65.87,0,0,168
31.87,5.696,6.74,6.801,376.82,378.64,379.35,26.53,51.79,1,1,88
36.64,6.782,6.988,5.834,379.6,379.54,378.92,26.6,58.89,1,1,75
24.62,4.987,4.303,4.077,380.84,381.79,379.19,29.35,53.38,0,0,128
31.15,4.871,3.722,2.476,377.27,375.08,380.83,28.01,72.2,0,0,174
25.94,2.818,4.473,4.677,382.68,377.79,380.67,27.48,68.97,0,0,165
29.14,2.105,2.117,4.848,379.53,378.13,381.45,26.55,50.11,0,0,164
28.2,4.942,4.815,2.822,382.71,381.63,382.31,28.26,64.85,0,0,171
34.32,6.136,5.249,6.529,379.84,384.19,374.17,26.89,78.1,1,1,113
61.35,9.129,10.091,9.175,355.63,374.25,399.85,27.49,68.65,3,3,27
55.26,9.829,9.02,10.229,377.74,375.58,366.25,26.79,66.34,3,3,26
41.05,7.653,8.727,7.422,383.38,387.88,380.01,27.29,69.27,2,2,41
44.69,8.065,7.041,8.015,377.17,392.22,387.27,28.55,69.81,2,2,48
35.45,6.336,6.972,5.307,370.19,371.57,380.19,26.45,60.78,1,1,94
27.26,4.561,4.215,3.004,377.67,382.08,383.33,28.79,72.41,0,0,129
52.19,10.002,10.346,9.371,380.93,399.06,379.49,28.69,51.79,3,3,19
32.36,6.489,6.798,5.52,379.21,377.84,380.61,30.19,64.08,1,1,109
39.4,6.485,7.0,6.421,385.68,386.55,374.78,29.29,63.67,1,1,62
26.88,3.232,3.54,2.195,379.75,381.16,380.03,28.74,79.81,0,0,148
27.62,3.266,2.501,2.859,384.22,383.12,382.14,28.42,66.83,0,0,176
25.46,4.445,2.01,3.001,381.14,381.36,380.53,28.6,54.42,0,0,131
52.24,8.378,7.285,7.797,391.07,368.85,374.34,28.48,78.05,2,2,56
26.81,3.746,2.956,3.149,380.63,375.96,376.87,26.32,66.59,0,0,145
25.14,4.348,3.416,2.077,379.79,380.14,382.3,28.54,70.35,0,0,126
64.24,11.885,11.68,11.363,388.79,362.27,388.4,28.07,71.71,4,4,2
26.13,2.962,2.365,4.489,380.17,376.65,377.8,29.15,60.32,0,0,130
30.01,4.516,4.175,2.742,379.95,378.09,381.66,27.97,54.55,0,0,175
26.63,4.846,2.74,3.505,379.04,378.07,379.64,26.27,59.92,0,0,158
34.89,6.7,6.46,6.441,375.13,387.05,375.47,27.74,53.98,1,1,67
49.39,9.229,9.046,9.566,398.42,364.38,397.07,28.12,57.98,3,3,15
27.87,4.367,3.477,3.413,381.36,380.21,379.79,29.1,65.22,0,0,170
40.18,8.763,7.079,8.299,367.91,379.21,374.44,29.52,62.98,2,2,55
28.95,2.936,4.108,3.484,381.45,378.29,376.54,29.18,64.81,0,0,168
52.7,10.715,10.79,10.195,402.6,380.61,383.24,25.42,74.67,3,3,13
48.05,8.655,7.201,8.357,389.6,388.51,373.03,28.02,53.87,2,2,39
47.83,7.559,8.46,7.027,379.12,387.02,383.0,28.01,64.13,2,2,43
28.5,3.766,2.195,3.479,380.24,378.21,380.43,27.4,68.63,0,0,156
76.25,11.924,11.576,11.638,411.1,419.53,376.1,26.78,60.46,4,4,1
33.26,5.521,5.409,5.711,382.12,378.71,385.32,27.57,77.82,1,1,80
29.36,3.627,3.607,4.012,382.52,378.21,378.14,26.37,60.8,0,0,128
35.74,8.673,7.146,8.144,389.93,361.01,392.35,27.75,71.01,2,2,34
29.08,2.167,4.367,4.489,383.38,377.6,381.89,27.06,77.26,0,0,159
60.53,9.498,9.626,9.118,375.78,378.98,354.5,30.59,50.18,3,3,24
26.5,2.628,4.697,2.065,379.62,379.57,379.79,29.42,74.68,0,0,170
33.31,5.527,6.043,6.936,384.2,378.9,383.29,27.29,62.11,1,1,83
28.11,3.974,3.155,4.999,382.19,375.51,378.91,27.57,57.55,0,0,159
31.0,3.731,2.231,4.261,383.02,380.05,381.79,29.12,53.91,0,0,161
29.61,3.995,3.001,2.518,373.87,380.05,379.77,28.08,62.7,0,0,177
25.99,4.514,3.447,4.704,383.36,384.25,380.26,26.88,64.83,0,0,166
26.6,4.74,4.126,4.032,381.77,382.51,378.58,28.6,65.55,0,0,149
27.83,3.692,2.147,4.621,379.8,381.14,381.23,27.2,68.19,0,0,139
36.76,6.256,6.504,5.877,378.88,391.44,380.16,28.66,70.01,1,1,111
31.08,4.449,4.057,3.848,379.85,377.69,379.22,27.49,59.53,0,0,169
25.75,4.487,2.009,3.934,382.47,382.52,384.8,28.44,51.54,0,0,172
34.79,6.35,6.375,6.749,383.47,383.59,389.56,25.41,65.52,1,1,86
26.36,4.424,3.967,2.556,381.21,383.08,383.56,28.78,65.94,0,0,146
57.7,10.934,9.249,10.015,360.35,377.92,374.77,27.34,63.74,3,3,28
44.24,7.323,8.409,8.144,384.69,362.25,380.65,29.42,72.15,2,2,37
35.08,5.023,5.523,5.647,388.51,380.99,381.02,27.23,54.64,1,1,99
33.84,5.582,5.149,5.486,379.59,381.0,382.49,27.22,76.29,1,1,66
49.16,9.484,9.036,9.693,394.25,353.3,383.22,26.29,78.17,3,3,20
26.77,2.788,3.195,3.147,378.48,378.61,381.52,27.59,59.35,0,0,141
26.38,2.601,4.708,2.328,380.35,382.83,378.91,27.77,61.01,0,0,158
27.41,3.18,2.354,2.677,379.61,379.78,378.95,27.79,63.38,0,0,153
43.5,7.802,7.035,7.875,372.16,390.72,374.22,26.59,53.13,2,2,56
29.01,4.117,2.395,3.331,381.71,384.14,378.71,29.22,76.19,0,0,171
36.36,6.368,6.664,6.002,379.5,382.54,379.93,28.1,63.96,1,1,114
74.46,11.787,11.101,11.774,359.68,356.18,401.08,28.21,69.73,4,4,2
43.4,8.932,7.178,8.205,367.99,368.72,401.14,28.53,67.4,2,2,53
26.48,3.945,3.031,4.309,380.4,377.91,380.43,26.23,60.71,0,0,130
30.06,2.51,2.543,2.087,381.05,384.31,380.35,27.6,75.07,0,0,149
40.06,8.156,8.695,8.653,379.58,387.39,378.14,27.55,58.49,2,2,40
34.53,6.01,5.71,6.391,373.25,380.22,373.24,29.98,51.51,1,1,67
29.51,2.871,4.554,2.304,379.25,377.18,379.03,28.67,71.2,0,0,124
29.04,2.92,4.53,4.041,379.69,379.1,381.53,28.43,54.64,0,0,168
58.24,10.215,10.257,9.181,354.68,376.38,402.75,27.82,66.56,3,3,11
33.18,5.751,6.137,6.406,378.73,381.09,375.69,28.43,71.01,1,1,72
39.44,8.651,7.814,8.374,374.15,362.16,371.76,29.43,61.97,2,2,36
55.88,9.51,9.112,10.368,386.65,402.39,395.96,27.86,56.42,3,3,22
39.71,6.547,5.641,5.35,376.31,381.19,380.39,28.28,75.9,1,1,89
26.6,2.518,4.658,3.963,379.09,380.0,383.16,26.95,73.0,0,0,124
28.63,3.746,4.745,3.095,380.09,380.6,381.62,28.58,71.84,0,0,177
28.44,2.058,2.359,2.484,381.71,381.23,378.81,27.58,69.0,0,0,123
26.98,4.929,2.353,2.428,382.13,379.17,376.04,27.64,59.12,0,0,166
39.71,7.902,7.04,8.387,390.93,379.38,401.82,28.63,70.54,2,2,44
32.82,5.532,6.335,6.849,381.1,382.1,373.54,29.08,53.46,1,1,72
44.28,10.235,9.966,10.946,341.65,390.32,374.24,29.67,73.17,3,3,9
29.72,3.509,2.592,3.107,378.86,376.79,384.53,28.54,59.89,0,0,175
34.38,6.721,6.632,6.532,380.6,384.62,377.27,27.84,77.53,1,1,95
36.13,5.545,6.815,6.808,379.96,384.07,375.91,26.23,74.91,1,1,100
36.15,6.695,6.502,6.875,382.35,388.97,388.29,28.53,73.82,1,1,91
33.42,5.998,5.468,5.454,378.77,379.91,383.1,28.04,55.69,1,1,63
26.87,3.369,2.471,3.244,383.66,381.75,376.9,26.48,60.39,0,0,132
30.15,2.917,4.022,3.687,379.13,381.19,377.91,27.49,61.96,0,0,158
27.74,4.315,3.846,3.088,378.95,380.99,377.67,30.25,71.49,0,0,168
26.03,3.048,4.398,3.311,379.07,381.32,378.61,27.92,55.23,0,0,147
29.52,2.864,3.216,3.709,381.01,378.86,380.05,29.68,50.68,0,0,144
30.83,5.432,5.655,5.044,390.66,383.8,381.22,26.48,51.39,1,1,117
71.6,11.825,11.507,11.54,424.04,383.66,370.27,27.88,76.04,4,4,4
36.07,6.919,6.887,6.763,378.43,382.93,381.99,27.01,52.96,1,1,106
36.98,6.726,6.218,6.148,389.31,372.54,368.12,29.86,57.03,1,1,108
26.76,4.801,2.823,2.781,379.22,376.13,380.11,27.74,60.43,0,0,176
33.48,5.152,5.063,6.212,383.49,377.23,370.75,28.2,55.07,1,1,116
26.26,2.464,4.317,2.8,382.83,378.47,380.26,26.68,66.61,0,0,167
28.17,2.27,2.846,4.549,378.87,378.39,379.02,26.61,68.7,0,0,145
27.04,4.406,2.209,3.857,380.06,378.92,378.28,26.92,51.31,0,0,160
30.13,3.996,4.335,3.399,379.18,380.59,379.75,26.84,63.3,0,0,149
26.78,3.927,2.934,2.239,379.29,383.63,376.55,30.19,56.64,0,0,171
26.48,3.456,3.522,2.619,377.01,382.44,382.16,28.69,64.45,0,0,120
29.63,4.975,3.214,2.32,378.98,381.14,378.3,28.56,51.67,0,0,160
59.84,11.893,11.559,11.76,391.82,385.34,429.13,28.08,64.12,4,4,2
29.65,4.156,2.641,4.368,377.93,379.61,377.27,27.06,76.82,0,0,133
29.43,4.77,4.839,4.632,382.7,380.81,381.71,29.77,77.66,0,0,146
29.8,4.79,3.993,2.023,381.04,377.21,376.63,28.61,73.81,0,0,172
32.27,6.135,6.905,6.085,378.62,384.78,382.82,28.25,74.67,1,1,108
26.71,3.746,4.889,4.387,379.33,380.31,380.41,27.72,79.23,0,0,160
29.14,2.99,2.354,3.864,379.42,381.61,379.83,26.92,79.96,0,0,170
27.01,4.013,3.217,2.227,383.38,382.36,378.84,28.87,54.72,0,0,177
27.73,4.798,3.589,4.407,378.83,381.08,380.18,28.01,71.86,0,0,122
26.21,4.253,2.678,2.3,381.45,379.6,376.14,28.49,66.19,0,0,134
28.49,4.203,2.034,2.812,378.7,378.25,384.77,27.89,66.81,0,0,135
29.92,4.14,4.03,2.05,379.27,383.13,383.04,28.25,72.47,0,0,139
24.9,2.999,4.895,4.316,378.06,378.94,380.83,28.96,68.5,0,0,171
25.77,2.828,3.337,2.636,380.05,378.7,381.16,25.94,60.72,0,0,148
54.03,7.239,7.459,8.781,379.74,391.01,374.24,28.0,76.77,2,2,47
33.23,6.639,5.506,6.82,376.81,379.86,379.92,27.52,63.45,1,1,73
26.19,4.794,3.928,4.632,381.16,381.94,378.99,28.34,52.77,0,0,160
27.69,4.829,3.376,4.978,383.19,380.49,380.0,27.76,63.99,0,0,174
55.36,9.117,9.175,10.69,377.03,359.24,376.04,28.53,50.95,3,3,24
27.88,3.775,4.23,4.283,381.98,381.89,380.11,27.3,52.82,0,0,126
26.99,4.821,4.3,4.904,383.26,379.93,381.56,29.31,64.85,0,0,136
33.89,6.444,6.75,5.064,381.3,380.12,385.63,27.99,74.81,1,1,94
27.56,3.448,4.741,4.371,379.75,378.83,379.64,28.2,74.79,0,0,125
28.82,4.205,4.104,4.307,373.77,380.79,380.51,27.75,68.74,0,0,179
28.53,2.454,4.652,2.564,377.42,383.3,386.08,28.6,73.92,0,0,133
53.62,10.411,10.178,10.939,364.15,365.21,392.08,27.14,54.53,3,3,25
27.65,4.96,2.065,4.019,379.05,383.23,382.39,27.19,66.92,0,0,149
34.36,5.727,5.405,6.19,374.7,377.83,384.25,28.5,78.45,1,1,97
72.51,11.912,11.139,11.176,403.12,359.07,359.68,26.83,76.44,4,4,4
29.85,2.549,2.236,4.828,380.81,379.64,380.14,28.02,52.16,0,0,158
27.86,2.941,4.922,4.808,381.03,378.41,382.4,28.93,71.59,0,0,130
27.69,4.517,4.968,2.349,382.35,379.01,380.17,27.14,73.02,0,0,164
30.78,3.328,4.953,2.179,383.93,377.56,381.06,28.54,78.74,0,0,125
27.24,3.848,4.355,3.598,379.67,380.07,385.17,28.83,55.08,0,0,124
58.97,9.335,9.832,9.501,367.98,384.46,380.41,28.6,71.89,3,3,21
38.28,5.615,5.527,6.202,382.7,377.43,372.27,28.13,72.83,1,1,95
37.35,5.587,5.179,5.851,374.5,376.13,381.07,28.29,77.4,1,1,103
32.19,4.306,4.951,3.429,379.69,381.24,378.46,27.27,50.46,0,0,154
48.77,8.051,8.931,7.009,385.33,374.7,390.22,27.65,55.41,2,2,54
73.02,11.761,11.184,11.041,346.05,395.55,393.81,27.72,75.34,4,4,2
45.3,7.687,8.523,7.327,386.27,379.22,386.14,28.75,60.26,2,2,32
27.93,3.887,2.036,4.133,383.1,381.48,380.97,27.24,60.09,0,0,164
34.79,5.36,5.449,6.195,380.37,382.71,377.29,30.87,78.48,1,1,107
28.57,3.962,4.874,2.319,379.12,381.86,380.72,28.32,57.73,0,0,170
26.35,4.174,3.221,2.422,379.91,379.07,380.57,27.65,62.12,0,0,174
27.14,3.461,2.0,4.666,384.05,375.01,380.95,26.71,57.73,0,0,148
31.07,5.162,5.899,6.384,373.3,380.97,373.14,29.16,67.54,1,1,75
37.54,5.552,6.017,5.504,381.03,381.55,382.67,27.99,74.95,1,1,106
26.62,2.17,4.22,3.525,378.63,379.48,379.28,27.51,64.29,0,0,144
30.19,4.042,4.63,4.373,380.47,380.5,382.73,26.2,63.85,0,0,162
28.25,2.362,2.602,4.682,378.17,382.47,381.0,27.31,71.18,0,0,177
28.12,3.149,2.961,4.975,383.25,381.39,383.11,28.15,75.49,0,0,176
29.68,3.481,3.559,3.848,380.74,379.88,375.35,27.94,64.59,0,0,149
27.74,2.004,4.697,2.859,381.49,378.87,381.81,26.73,65.58,0,0,162
46.77,7.43,8.881,7.519,364.84,379.73,381.62,25.91,55.86,2,2,33
27.73,3.948,4.02,4.488,380.76,381.4,379.28,28.15,61.1,0,0,120
30.83,4.511,3.75,2.559,380.75,379.61,380.25,27.31,70.76,0,0,138
29.13,4.19,4.906,2.697,379.5,379.15,378.17,26.24,59.57,0,0,143
59.05,9.328,9.497,10.212,377.39,372.37,377.85,28.42,74.45,3,3,20
39.5,5.151,6.242,5.495,385.63,372.57,379.09,26.94,67.62,1,1,63
38.58,6.971,6.063,6.444,392.33,378.3,376.72,28.45,77.07,1,1,87
28.82,2.935,4.735,3.208,377.86,383.78,382.87,25.77,58.99,0,0,135
33.68,5.377,6.949,5.69,371.6,373.34,376.34,30.59,55.67,1,1,104
30.0,3.045,4.837,2.855,382.13,377.66,380.57,26.47,68.3,0,0,140
32.86,6.514,6.4,5.395,382.27,374.18,388.16,27.36,73.61,1,1,100
54.97,10.111,10.45,9.252,370.59,404.11,386.41,29.29,77.48,3,3,7
31.81,6.095,5.362,6.535,381.1,379.55,381.53,27.36,66.49,1,1,106
57.1,10.018,9.685,9.872,349.85,383.17,395.37,27.11,52.33,3,3,15
38.32,5.954,6.809,6.15,377.16,391.06,372.18,28.62,73.12,1,1,111
29.55,3.197,4.505,3.481,379.69,379.54,381.16,28.31,78.58,0,0,169
62.06,10.223,10.375,9.077,360.78,387.79,376.03,27.49,77.21,3,3,10
30.04,3.636,4.043,2.284,381.77,380.62,381.12,27.24,54.85,0,0,120
26.42,4.606,4.511,4.548,380.28,379.4,383.7,27.62,51.55,0,0,162
27.97,2.048,3.857,3.68,381.36,377.53,379.31,28.6,68.11,0,0,141
29.08,4.565,2.504,4.734,380.66,382.17,381.97,27.95,64.84,0,0,155
25.99,4.303,4.179,2.604,379.41,380.12,382.82,27.46,71.22,0,0,177
27.28,4.842,4.032,2.655,381.12,378.37,379.47,29.24,74.0,0,0,131
28.85,4.553,2.8,4.614,377.4,381.91,382.32,28.25,54.82,0,0,146
39.91,5.041,5.058,6.354,378.29,383.67,382.39,29.02,72.72,1,1,62
24.78,3.923,2.982,3.04,380.42,383.16,377.82,26.42,70.71,0,0,160
26.44,4.819,3.038,2.134,380.59,377.93,377.49,26.47,68.87,0,0,147
38.59,5.013,6.964,5.341,386.35,384.69,377.71,27.37,69.61,1,1,67
27.73,4.86,2.734,2.209,383.21,382.43,377.49,28.39,70.78,0,0,178
32.41,6.354,6.104,6.905,365.05,382.12,378.04,27.75,58.76,1,1,98
29.37,5.763,6.471,5.337,375.57,387.38,385.29,27.21,68.74,1,1,88
47.97,8.41,8.482,7.414,377.44,391.29,382.21,26.53,61.65,2,2,39
36.23,6.083,6.319,6.787,374.6,377.06,379.71,26.77,59.53,1,1,87
25.35,3.315,3.831,3.479,376.81,379.63,382.62,28.75,56.08,0,0,151
33.81,5.605,5.982,6.266,385.25,379.53,382.62,28.2,54.49,1,1,93
30.08,4.361,2.923,2.668,381.62,379.89,381.12,27.72,55.96,0,0,174
28.34,4.979,4.209,4.003,381.18,379.09,380.88,28.12,71.73,0,0,166
45.22,8.39,8.388,8.766,369.51,369.31,371.54,28.75,75.42,2,2,43
26.77,2.447,3.133,3.907,377.43,382.6,380.05,27.68,53.13,0,0,179
46.43,7.149,8.014,8.769,389.06,385.37,385.71,28.62,60.8,2,2,42
41.8,7.212,8.666,8.525,390.57,374.4,388.97,28.26,70.92,2,2,44
45.39,8.607,7.845,7.193,376.89,379.96,379.97,28.61,62.51,2,2,41
53.03,10.479,10.988,9.525,405.51,359.76,402.58,28.8,65.13,3,3,21
27.62,3.342,4.454,2.147,380.53,383.9,379.99,29.07,52.46,0,0,177
26.23,4.901,2.925,3.091,381.74,376.05,379.33,25.58,54.06,0,0,149
33.45,6.159,6.421,6.351,374.92,378.51,384.97,28.0,75.4,1,1,92
29.17,2.045,4.761,3.055,381.7,379.81,378.97,27.53,56.83,0,0,175
34.68,6.804,6.046,6.631,383.32,380.42,379.81,28.89,67.26,1,1,85
30.97,5.452,6.416,6.343,384.64,378.33,377.6,28.51,68.78,1,1,98
34.8,6.898,6.445,6.449,374.67,381.37,371.66,28.13,57.83,1,1,105
29.66,3.51,4.955,4.888,380.78,378.54,377.06,28.16,69.58,0,0,128
28.17,3.425,3.133,3.258,380.22,378.79,375.36,28.38,62.04,0,0,168
27.37,2.064,4.443,2.339,384.41,384.82,377.84,29.05,72.89,0,0,157
30.13,4.831,4.582,3.256,378.62,377.93,382.16,28.27,66.29,0,0,169
58.33,10.943,10.632,10.563,416.03,348.93,383.2,27.95,64.44,3,3,25
26.27,4.76,2.221,4.872,384.15,381.13,381.9,26.43,51.59,0,0,139
27.48,2.8,2.147,2.26,376.35,379.08,378.73,28.59,52.76,0,0,155
26.5,4.604,2.27,2.709,383.92,380.5,381.35,29.0,71.68,0,0,126
31.2,6.585,6.896,5.02,389.12,385.18,381.24,28.01,73.39,1,1,73
37.98,5.374,6.095,6.272,374.84,379.87,383.62,28.5,71.29,1,1,87
27.14,2.933,4.313,4.632,379.45,379.56,381.49,28.33,54.4,0,0,162
27.1,2.183,2.399,4.853,378.78,379.84,377.35,28.37,63.58,0,0,155
29.07,4.973,3.642,3.941,376.94,379.58,381.4,29.42,73.78,0,0,123
28.23,4.094,4.658,2.598,380.97,378.95,380.27,25.98,54.26,0,0,157
32.19,6.794,5.633,5.654,383.25,378.32,373.43,28.28,79.43,1,1,63
40.25,5.486,6.914,6.03,379.7,379.69,385.7,28.37,53.57,1,1,81
26.79,3.278,2.536,4.337,379.34,379.43,381.94,27.41,57.48,0,0,173
28.87,2.672,2.155,2.582,377.43,376.56,380.3,26.04,78.62,0,0,169
72.1,11.192,11.247,11.779,359.08,344.26,368.73,26.18,79.6,4,4,5
27.64,2.75,4.6,2.949,381.56,382.44,375.97,29.5,52.2,0,0,126
33.91,5.177,5.405,5.205,381.81,381.51,380.07,27.51,62.63,1,1,113
26.33,3.003,4.395,4.176,380.59,380.39,383.39,29.41,59.14,0,0,175
29.33,2.404,4.228,2.867,378.89,379.63,381.96,28.39,70.14,0,0,132
28.77,3.155,2.33,3.452,380.0,378.05,378.84,27.4,64.5,0,0,122
27.6,2.41,4.545,4.909,382.25,377.96,377.83,29.36,64.36,0,0,124
70.5,11.545,11.842,11.431,381.1,358.79,389.94,30.68,77.38,4,4,5
26.96,3.831,2.079,4.125,380.95,381.69,381.37,28.67,76.26,0,0,138
29.53,3.211,3.642,4.216,377.94,381.57,380.29,27.68,79.66,0,0,138
28.73,3.598,2.883,2.532,378.46,380.57,379.49,27.15,59.77,0,0,143
27.66,3.246,2.819,3.587,378.74,379.38,377.08,29.02,67.35,0,0,151
29.56,2.306,2.566,4.404,378.36,380.91,377.7,27.2,57.89,0,0,167
28.81,3.628,2.375,4.356,378.67,381.95,379.86,27.96,79.07,0,0,176
44.61,7.611,7.847,7.035,394.56,374.67,382.91,27.09,70.03,2,2,38
25.59,4.683,2.536,3.544,379.29,378.77,378.96,28.23,79.47,0,0,159
27.24,4.735,2.933,2.209,381.29,379.9,379.99,26.06,58.47,0,0,122
52.2,10.083,9.967,9.964,399.91,378.85,372.01,28.95,50.67,3,3,12
24.24,4.905,2.54,3.884,378.82,380.46,377.19,27.46,59.75,0,0,153
70.92,11.372,11.481,11.169,339.61,428.74,428.81,28.89,74.93,4,4,1
27.06,3.998,4.082,4.29,380.76,381.57,377.34,27.94,62.52,0,0,167
58.44,9.535,10.783,10.691,373.96,378.75,360.48,27.78,68.11,3,3,10
27.04,6.522,6.939,5.955,376.32,385.14,382.41,28.1,52.98,1,1,98
45.94,7.177,8.463,7.431,384.06,379.55,383.55,28.33,78.3,2,2,53
66.82,11.309,11.175,11.62,376.49,381.8,417.91,27.84,63.28,4,4,3
26.04,4.619,4.898,2.765,380.39,378.88,385.69,28.12,74.96,0,0,126
68.91,11.758,11.479,11.737,420.56,408.17,376.44,28.13,50.3,4,4,5
28.43,4.462,4.647,4.943,379.61,382.42,379.69,29.97,74.46,0,0,126
28.12,3.101,4.046,3.771,382.65,377.07,382.41,26.2,60.62,0,0,133
28.48,3.839,3.058,3.615,378.25,377.43,381.37,29.66,61.75,0,0,123
30.63,4.859,4.739,2.172,381.08,382.99,381.66,27.85,79.95,0,0,135
29.73,2.001,2.328,2.905,380.84,379.85,377.59,29.82,62.68,0,0,130
43.44,6.542,6.036,6.211,387.29,377.99,381.27,29.63,77.27,1,1,111
26.96,4.522,3.533,4.042,383.58,377.9,379.14,26.4,74.39,0,0,142
51.27,8.499,8.812,7.842,397.73,371.28,376.23,29.32,53.92,2,2,52
40.12,7.472,8.071,8.906,378.92,361.56,388.65,27.78,56.49,2,2,50
30.8,2.571,4.319,2.992,377.95,380.04,381.52,28.76,62.5,0,0,145
28.85,4.15,4.749,4.762,381.88,382.8,377.33,28.13,52.58,0,0,160
27.29,2.239,3.273,2.902,382.54,378.53,384.92,26.7,51.57,0,0,167
26.55,3.906,3.957,2.526,379.84,376.86,375.85,27.43,53.28,0,0,147
25.62,3.406,4.584,2.655,376.26,380.49,378.34,27.05,51.14,0,0,133
26.27,4.739,4.701,2.323,377.17,384.96,381.82,29.62,70.85,0,0,170
27.09,4.246,4.497,2.724,381.7,381.34,378.64,27.77,55.75,0,0,168
65.26,11.338,11.027,11.127,403.37,377.34,304.91,27.4,67.01,4,4,2
37.25,6.905,6.0,5.506,367.33,376.27,385.94,28.12,61.37,1,1,71
27.27,3.503,3.585,4.313,384.21,382.58,378.37,27.64,68.72,0,0,133
36.66,5.334,6.341,5.783,385.77,384.07,379.64,29.39,62.84,1,1,67
27.69,4.592,2.0,3.815,378.79,377.32,382.11,27.64,62.37,0,0,143
27.76,2.664,4.539,4.71,380.41,379.54,379.2,27.8,59.24,0,0,166
31.99,5.79,6.404,5.175,380.4,380.45,369.73,28.2,60.29,1,1,70
26.15,3.334,3.213,2.157,381.33,382.79,383.01,27.81,56.23,0,0,175
27.78,3.821,4.197,3.981,378.68,379.93,381.25,28.26,64.19,0,0,147
75.25,11.842,11.899,11.174,356.98,347.41,412.93,29.27,64.87,4,4,4
48.03,9.23,9.175,10.563,375.34,375.11,385.76,29.13,50.38,3,3,13
33.09,6.242,5.679,6.466,378.94,366.73,377.76,27.02,60.94,1,1,78
35.37,5.357,5.663,6.903,378.71,389.04,387.01,28.08,72.64,1,1,75
36.76,6.236,5.777,6.428,381.48,387.34,387.49,28.25,70.69,1,1,71
28.83,3.717,4.068,4.946,383.0,378.38,381.94,27.62,55.27,0,0,127
28.2,2.769,2.426,2.073,380.1,377.45,378.92,28.69,55.33,0,0,133
27.33,3.102,3.867,3.816,382.0,380.53,380.27,29.09,77.15,0,0,171
28.79,4.167,2.319,2.988,378.69,379.06,378.97,27.77,52.44,0,0,159
30.95,2.424,4.237,2.986,383.17,380.09,378.64,28.51,77.86,0,0,139
26.17,4.135,3.748,3.042,382.65,381.3,382.21,27.15,57.17,0,0,158
66.16,11.494,11.583,11.123,386.66,401.62,383.87,28.03,58.59,4,4,2
55.51,10.017,9.453,10.399,355.82,408.48,373.55,28.51,55.96,3,3,18
37.21,6.877,6.367,6.897,381.77,378.58,383.04,29.95,68.99,1,1,97
26.23,4.451,3.951,4.533,381.63,377.32,377.63,29.62,66.84,0,0,170
48.42,8.565,8.952,8.088,390.7,377.53,393.69,28.37,56.39,2,2,51
29.12,2.344,4.236,4.107,379.55,380.79,378.46,28.99,58.61,0,0,171
46.77,8.274,8.181,8.245,374.71,372.13,387.46,26.44,69.98,2,2,36
28.31,4.748,2.747,3.086,378.64,381.31,378.9,27.14,60.5,0,0,165
42.11,8.61,8.294,8.572,364.52,385.3,385.22,28.42,79.52,2,2,56
25.19,4.385,4.196,2.556,382.28,379.05,380.13,27.34,58.63,0,0,159
53.12,10.457,9.483,10.671,350.09,374.85,404.59,27.31,64.3,3,3,14
51.4,10.16,10.78,9.046,387.88,388.63,409.03,28.33,65.87,3,3,23
28.35,3.06,2.18,4.047,379.73,379.86,379.64,30.09,66.65,0,0,145
24.66,3.988,2.285,3.866,380.29,379.21,379.39,27.2,50.64,0,0,172
61.74,11.663,11.366,11.714,416.69,411.09,393.61,29.22,73.38,4,4,4
26.82,4.588,3.767,3.436,381.62,379.92,379.68,27.83,77.31,0,0,138
43.5,7.06,8.532,8.813,387.54,388.36,384.53,28.94,55.52,2,2,44
30.62,6.392,6.09,5.035,380.49,376.19,382.99,28.77,53.1,1,1,80
28.35,4.877,4.903,4.789,375.49,378.56,377.95,29.16,78.52,0,0,131
27.53,2.76,2.216,4.917,378.89,378.78,382.63,30.35,74.72,0,0,164
24.18,3.454,4.702,4.525,379.03,380.33,380.96,25.71,50.44,0,0,168
40.64,7.367,7.961,8.734,379.4,408.21,370.6,27.96,74.5,2,2,56
26.42,3.717,2.398,2.516,380.17,382.24,378.21,29.45,53.96,0,0,162
31.89,2.128,4.862,4.42,383.47,378.51,379.21,27.53,77.34,0,0,139
27.07,2.866,4.457,2.858,379.04,378.88,384.69,26.77,51.9,0,0,120
36.26,6.249,5.329,6.523,372.99,377.95,383.5,29.46,65.64,1,1,70
49.35,8.379,7.647,7.298,368.12,387.67,374.14,24.94,67.95,2,2,48
67.12,11.191,11.08,11.672,421.79,352.98,361.72,29.62,52.07,4,4,1
28.88,4.647,2.831,3.144,381.92,379.08,382.67,29.31,71.75,0,0,169
43.1,7.436,8.517,8.507,385.25,378.28,375.74,26.31,63.58,2,2,50
50.26,8.919,8.11,7.299,364.98,376.86,384.15,27.29,60.53,2,2,37
33.88,6.504,5.796,5.302,389.63,383.14,379.73,28.68,58.88,1,1,75
79.96,11.077,11.618,11.488,367.5,416.75,379.1,28.17,76.13,4,4,3
29.47,2.082,4.078,2.216,379.45,380.91,378.4,27.84,53.76,0,0,139
28.05,2.71,4.034,3.73,381.61,381.73,379.29,29.02,54.02,0,0,130
43.71,7.422,8.013,7.328,378.8,383.32,386.15,26.01,57.9,2,2,32
28.03,2.262,3.475,2.15,376.65,380.05,374.88,27.26,70.53,0,0,175
46.86,7.182,8.391,7.818,367.36,386.7,390.07,29.19,50.54,2,2,41
55.07,9.857,9.822,10.895,372.66,374.97,380.97,26.85,61.19,3,3,12
30.07,3.874,3.544,2.9,381.71,381.43,380.5,28.93,56.28,0,0,144
51.3,9.464,9.1,9.376,359.42,355.17,370.0,25.39,58.95,3,3,7
26.98,2.594,3.006,4.388,379.59,378.97,377.87,26.33,63.33,0,0,164
30.65,2.817,2.862,4.097,382.24,379.48,380.04,27.51,67.68,0,0,153
32.46,6.01,6.679,5.297,387.1,369.72,383.07,27.39,79.53,1,1,106
56.5,9.152,10.309,9.221,376.03,390.73,360.07,28.05,59.7,3,3,10
26.9,4.83,4.415,4.808,377.65,380.66,377.02,27.75,53.72,0,0,178
27.41,3.056,4.813,2.361,380.29,382.65,377.83,28.44,78.37,0,0,159
40.47,5.374,6.308,6.764,382.16,375.71,377.51,28.87,59.16,1,1,69
33.9,5.68,6.121,5.206,379.77,378.76,378.97,29.11,59.55,1,1,69
31.68,6.199,5.959,5.426,373.25,373.68,386.11,27.57,52.3,1,1,98
27.27,4.227,2.231,3.152,381.68,381.98,383.38,29.84,71.34,0,0,177
26.87,4.46,4.051,3.357,379.51,378.74,379.09,26.25,57.66,0,0,149
29.58,4.164,2.984,2.408,382.58,379.86,380.3,28.15,65.44,0,0,125
54.99,8.219,8.563,8.646,380.3,386.96,389.86,27.93,74.55,2,2,42
27.17,4.802,2.688,3.738,381.24,381.49,379.64,28.04,73.73,0,0,127
27.96,4.21,4.57,2.664,380.71,381.71,384.32,29.1,59.86,0,0,147
82.94,11.251,11.512,11.578,384.77,377.12,410.21,30.61,71.48,4,4,4
25.82,4.587,3.267,2.588,378.2,378.42,382.4,28.2,73.68,0,0,137
61.01,11.432,11.204,11.088,358.5,425.72,389.21,27.21,69.09,4,4,4
28.39,6.297,6.169,6.813,381.44,381.02,392.76,27.3,68.83,1,1,94
43.68,8.832,7.905,8.252,366.05,397.89,365.69,28.68,69.61,2,2,36
27.96,4.197,3.7,2.615,381.26,379.42,377.31,25.97,77.31,0,0,173
27.3,2.407,4.162,4.071,380.83,380.36,378.14,29.07,53.92,0,0,166
32.9,5.077,5.758,6.221,376.21,378.7,378.58,27.06,72.37,1,1,75
49.31,7.687,8.806,7.327,379.87,360.02,387.3,28.81,53.69,2,2,57
41.24,5.297,5.994,5.915,379.74,384.64,382.02,26.5,62.35,1,1,78
29.15,3.096,2.517,3.432,377.67,379.18,375.63,26.6,73.78,0,0,144
43.31,7.515,8.197,8.758,391.79,377.83,397.62,28.56,57.91,2,2,58
46.03,7.239,7.94,7.722,395.71,378.28,388.45,28.23,65.98,2,2,47
31.21,5.903,6.99,5.61,380.74,377.11,378.26,27.35,78.6,1,1,95
44.04,8.235,7.672,7.551,371.3,378.81,380.28,29.0,76.16,2,2,44
42.45,8.26,7.015,7.792,388.6,397.19,369.44,26.58,67.74,2,2,47
35.5,6.006,6.018,5.719,371.88,377.93,377.86,28.54,54.16,1,1,108
28.39,4.757,2.979,2.97,377.15,376.07,381.76,29.37,75.45,0,0,169
27.97,4.502,3.813,4.982,379.13,379.15,382.45,27.29,65.57,0,0,134
28.95,2.048,4.389,2.069,378.31,378.43,378.21,26.93,62.02,0,0,170
28.2,3.055,4.269,3.923,381.82,381.52,382.96,28.97,79.66,0,0,164
28.82,3.941,2.257,3.621,380.23,380.81,379.14,27.29,55.36,0,0,150
27.58,3.097,4.877,2.823,378.77,380.38,378.05,27.33,65.24,0,0,161
26.7,4.247,3.315,2.515,382.6,380.53,378.98,26.14,65.07,0,0,125
27.24,3.605,2.94,3.62,379.51,379.29,378.52,28.57,52.92,0,0,151
42.58,8.928,8.306,8.566,362.76,371.33,375.74,29.11,65.77,2,2,34
51.89,10.151,10.121,9.798,369.46,366.1,375.92,29.13,75.94,3,3,20
27.1,4.063,4.281,4.564,379.74,380.65,380.38,30.13,51.53,0,0,146
74.56,11.004,11.882,11.115,393.97,382.58,351.41,28.04,50.77,4,4,3
28.52,4.004,4.758,3.338,379.6,379.88,381.45,28.91,62.53,0,0,152
28.37,3.471,3.217,4.167,381.67,381.88,381.83,26.6,59.71,0,0,158
29.34,2.575,3.167,2.938,382.51,380.36,378.3,27.7,52.15,0,0,163
28.57,2.317,3.677,3.803,377.71,377.92,376.19,28.31,73.69,0,0,162
44.83,8.839,7.975,7.127,372.28,384.22,365.46,27.09,64.65,2,2,30
38.25,6.31,6.087,6.324,380.81,379.69,370.22,27.55,52.11,1,1,63
28.38,2.191,3.81,3.782,380.46,380.11,380.95,29.11,66.02,0,0,163
28.47,3.615,3.688,4.989,380.03,379.96,378.34,26.64,74.72,0,0,147
27.38,2.544,2.263,4.564,379.08,376.87,381.02,27.14,62.04,0,0,135
25.12,2.774,4.973,4.432,379.92,379.39,378.98,28.08,75.79,0,0,168
25.73,3.041,3.247,3.135,377.82,378.42,380.25,26.46,54.1,0,0,158
28.35,4.957,2.052,4.8,381.29,377.69,381.55,27.57,63.06,0,0,127
52.67,7.361,8.866,8.058,382.42,382.62,378.65,28.36,72.36,2,2,33
51.21,10.028,9.158,9.069,398.6,372.38,384.09,27.46,73.88,3,3,18
30.08,2.465,3.615,4.3,380.6,379.21,381.14,27.54,69.05,0,0,165
44.68,9.32,10.786,10.119,380.79,377.06,407.87,27.66,66.39,3,3,21
27.22,2.402,3.23,3.771,378.52,381.53,379.04,27.71,54.21,0,0,143
27.19,2.412,2.224,2.954,377.75,375.16,382.09,25.34,55.99,0,0,128
27.74,4.514,2.944,3.13,376.0,378.62,379.21,25.77,78.91,0,0,154
36.38,6.587,5.244,6.855,388.43,381.48,381.42,29.8,59.51,1,1,73
69.29,11.609,11.119,11.631,358.46,372.31,398.62,28.32,53.16,4,4,5
36.97,5.816,6.348,6.149,385.62,389.92,376.89,29.03,71.26,1,1,76
31.27,2.76,2.547,2.731,380.52,381.02,379.25,28.45,69.31,0,0,165
37.03,6.056,5.531,6.411,380.17,374.36,380.11,26.59,55.95,1,1,113
26.67,3.48,2.982,3.521,381.93,382.61,377.07,28.79,54.59,0,0,144
44.86,9.256,10.323,10.308,368.79,369.08,372.23,28.33,76.08,3,3,18
28.54,3.25,4.043,3.885,378.76,380.11,377.49,28.82,77.24,0,0,143
26.66,4.358,4.022,2.863,376.88,380.56,379.08,28.1,79.86,0,0,164
34.3,6.536,6.91,6.783,374.34,378.35,379.02,27.44,54.69,1,1,68
36.78,5.89,6.239,6.701,379.4,372.14,376.28,30.02,62.29,1,1,94
28.11,3.529,2.648,3.777,382.28,381.1,380.75,28.43,74.08,0,0,164
33.72,5.68,6.336,6.014,377.76,382.13,373.84,27.57,70.35,1,1,81
30.76,3.919,4.329,2.718,380.89,377.71,379.53,28.39,72.79,0,0,150
31.94,5.285,5.35,5.024,391.99,389.0,370.0,28.0,77.19,1,1,105
37.04,7.86,7.647,8.308,371.15,389.22,381.41,27.19,66.64,2,2,37
50.63,7.057,7.924,7.485,408.24,397.89,382.54,29.62,72.52,2,2,49
36.45,6.442,6.612,6.979,377.81,380.31,385.6,27.21,77.11,1,1,106
28.66,4.312,3.807,2.942,379.25,384.45,380.47,27.89,65.53,0,0,177
28.55,2.555,2.908,3.491,381.17,382.76,380.87,26.8,68.2,0,0,163
51.6,8.103,7.877,7.469,384.82,382.58,375.68,28.31,70.39,2,2,49
28.22,4.688,3.666,3.811,378.49,380.98,378.13,29.72,78.85,0,0,155
27.42,3.61,4.437,3.393,378.54,379.15,379.18,27.21,74.83,0,0,121
26.4,3.27,4.102,2.13,378.49,377.03,377.56,29.29,72.07,0,0,127
26.34,3.068,2.02,2.021,384.61,383.41,383.43,28.43,54.98,0,0,170
35.54,5.149,5.981,6.466,380.22,377.85,385.71,28.69,53.22,1,1,112
27.02,2.888,3.688,3.739,380.75,380.07,379.98,27.69,68.5,0,0,153
37.73,6.081,5.847,6.346,373.62,386.18,378.38,28.37,54.04,1,1,94
24.03,3.51,2.621,4.806,380.28,379.97,382.09,27.84,53.28,0,0,136
28.74,3.225,4.289,2.375,377.67,380.51,377.32,29.59,61.62,0,0,174
27.5,3.99,4.113,3.935,382.55,380.8,381.99,28.47,75.66,0,0,141
27.53,2.476,2.319,3.945,378.0,379.92,380.58,28.29,57.84,0,0,173
27.05,2.324,2.986,2.763,379.85,379.19,378.7,29.03,50.7,0,0,152
36.55,5.384,5.431,5.525,386.27,386.98,391.05,28.11,61.7,1,1,89
27.9,3.63,4.573,4.5,381.65,380.59,377.74,26.34,59.99,0,0,129
49.01,7.389,8.097,8.566,374.67,384.97,389.83,26.48,78.68,2,2,48
26.56,3.766,2.757,4.95,383.17,377.59,378.87,29.63,59.14,0,0,177
29.77,4.026,4.84,3.102,381.98,380.99,378.3,27.82,67.22,0,0,174
36.03,6.11,6.139,6.435,388.07,375.17,376.58,28.94,63.46,1,1,98
25.43,4.957,2.165,3.076,380.41,378.28,376.94,27.42,78.63,0,0,150
26.77,2.56,2.51,4.414,379.24,379.53,380.74,27.74,55.59,0,0,148
29.71,3.16,4.137,4.961,377.0,378.64,375.54,29.08,55.45,0,0,144
24.59,2.833,4.351,3.252,378.63,379.81,381.1,27.22,65.66,0,0,158
40.54,7.25,7.094,8.702,380.47,371.17,369.29,27.52,62.78,2,2,34
28.19,3.51,4.72,3.423,379.12,378.51,378.52,28.33,72.71,0,0,155
45.7,8.074,8.519,8.634,394.82,390.82,374.16,27.83,66.13,2,2,37
53.97,10.431,10.326,10.149,383.78,376.56,365.19,26.77,55.28,3,3,27
26.43,4.227,2.461,2.547,378.4,380.73,381.35,27.46,62.5,0,0,178
57.09,10.456,9.542,9.628,364.48,388.32,391.38,28.63,75.03,3,3,23
28.76,4.742,3.654,3.335,379.97,381.38,380.21,27.37,73.76,0,0,153
72.3,11.371,11.712,11.926,397.57,385.02,398.18,27.85,73.66,4,4,4
28.0,3.013,3.94,4.749,381.34,379.28,377.59,29.85,72.5,0,0,121
32.12,6.875,6.409,6.088,384.2,378.64,381.81,29.86,60.7,1,1,90
29.74,2.586,4.818,4.383,380.01,379.13,382.45,28.07,77.66,0,0,173
29.83,2.614,2.307,3.875,378.22,382.89,379.93,27.81,74.52,0,0,155
33.85,6.892,5.593,5.412,392.22,374.32,385.3,27.55,72.84,1,1,98
33.31,6.054,5.591,5.944,380.84,381.37,381.85,27.96,62.48,1,1,60
26.99,2.65,2.301,2.446,376.02,379.13,379.04,25.69,73.6,0,0,157
29.14,3.695,3.906,2.187,376.64,381.45,376.94,27.96,54.84,0,0,134
34.68,6.189,6.119,5.204,369.75,383.82,379.29,27.28,55.88,1,1,108
37.2,5.578,6.399,5.51,374.4,380.03,391.06,27.31,74.46,1,1,113
66.09,11.677,11.307,11.862,407.16,403.89,369.53,27.56,73.39,4,4,1
43.43,7.781,8.899,8.886,380.06,399.49,382.32,27.82,53.97,2,2,51
69.4,11.91,11.294,11.126,397.74,399.23,339.74,27.77,73.99,4,4,4
33.94,5.309,5.651,5.722,386.76,382.07,376.49,27.36,78.61,1,1,104
29.36,2.723,2.222,4.406,381.88,383.73,381.22,27.47,76.91,0,0,136
29.6,4.661,2.425,3.481,377.04,379.88,377.25,29.21,79.95,0,0,153
45.83,7.349,8.679,8.828,373.83,391.97,376.36,27.44,75.83,2,2,34
37.07,6.73,6.654,5.683,379.54,373.77,378.75,26.22,65.3,1,1,75
28.7,2.52,2.06,3.343,379.35,377.09,379.85,27.15,61.0,0,0,158
30.89,2.256,3.072,3.806,380.26,379.42,377.21,26.62,76.29,0,0,151
81.0,11.496,11.453,11.848,383.42,380.51,380.6,28.56,52.36,4,4,2
26.5,3.271,2.258,3.794,380.15,379.46,379.7,30.05,53.65,0,0,142
26.08,2.826,4.108,2.745,380.71,381.38,379.67,28.76,52.62,0,0,147
27.64,3.234,3.396,3.323,377.79,380.84,380.31,29.09,55.11,0,0,172
26.53,2.302,3.449,3.539,378.11,383.7,381.66,26.42,64.52,0,0,170
28.19,3.379,4.074,2.008,383.52,382.89,380.97,28.31,63.71,0,0,134
29.19,4.432,2.194,4.86,376.76,377.67,383.33,27.64,68.65,0,0,150
28.88,2.776,2.675,2.064,377.75,380.5,382.23,26.77,75.76,0,0,152
48.98,7.713,7.753,8.691,393.89,389.7,392.16,28.76,79.11,2,2,54
26.61,4.446,2.106,2.95,379.59,379.22,378.36,26.38,64.87,0,0,174
49.87,7.055,8.875,8.544,392.02,382.46,381.58,26.55,77.13,2,2,33
42.32,7.617,8.397,7.694,364.84,376.28,388.3,28.88,79.92,2,2,49
26.86,2.065,2.554,2.561,379.32,379.77,380.24,29.68,50.9,0,0,167
34.5,6.185,6.113,6.682,383.8,381.77,378.9,28.93,55.45,1,1,106
26.77,3.691,2.335,2.568,378.88,378.96,380.44,29.04,52.43,0,0,178
56.46,9.211,10.729,10.007,394.05,366.61,384.75,28.66,75.66,3,3,21
29.13,4.795,3.734,3.536,382.6,379.66,379.63,29.07,54.48,0,0,145
31.39,5.444,6.758,6.349,372.6,379.97,384.35,26.15,64.51,1,1,102
35.46,5.124,6.235,5.194,383.37,378.53,378.28,27.65,59.41,1,1,93
27.0,3.787,3.74,4.771,380.9,380.73,380.27,28.18,66.59,0,0,132
26.99,4.205,3.535,2.518,380.01,382.33,382.16,27.43,76.67,0,0,139
39.74,5.703,6.268,6.269,377.08,375.71,379.59,26.7,58.77,1,1,93
39.21,6.446,6.575,5.76,379.88,386.12,382.62,26.76,54.38,1,1,79
26.52,2.987,3.11,4.245,380.79,381.17,382.47,28.68,73.56,0,0,155
31.19,5.088,5.438,6.803,375.42,378.51,381.54,28.6,67.7,1,1,109
28.27,2.722,2.647,3.668,382.76,381.07,377.24,27.18,75.11,0,0,162
41.1,6.551,5.183,5.601,383.27,380.22,373.58,28.76,62.17,1,1,83
26.67,4.709,3.88,4.93,380.36,379.78,382.57,26.49,77.79,0,0,165
63.52,9.62,10.375,9.876,393.91,375.31,395.56,27.89,66.39,3,3,11
28.89,3.731,3.953,2.007,379.02,381.44,382.45,27.9,55.6,0,0,154
28.04,4.978,4.758,4.05,379.88,379.03,381.36,28.14,79.1,0,0,178
27.54,4.582,3.603,4.366,378.66,381.71,381.13,27.18,64.22,0,0,157
26.4,4.863,4.587,4.45,378.21,378.79,378.89,27.88,57.9,0,0,145
27.39,2.45,3.169,3.065,381.32,383.07,380.11,27.3,56.32,0,0,142
28.24,4.201,4.02,3.042,382.33,381.24,380.93,26.81,73.36,0,0,121
45.07,7.549,7.196,7.47,376.8,379.02,375.82,27.15,73.49,2,2,55
28.28,4.485,3.622,3.592,381.27,380.04,381.91,26.84,52.24,0,0,137
29.5,3.467,2.474,4.211,381.38,380.97,379.55,26.31,53.89,0,0,179
29.87,3.744,2.273,2.997,379.33,380.07,380.77,27.97,71.07,0,0,163
26.5,2.261,4.377,2.666,381.42,380.01,376.35,29.71,71.52,0,0,176
28.76,4.958,3.006,3.773,379.61,379.13,380.63,25.94,60.11,0,0,131
31.78,4.726,3.352,3.585,378.91,380.39,380.13,29.51,73.16,0,0,131
27.58,4.434,2.777,3.981,381.92,379.43,378.73,27.24,72.57,0,0,137
27.79,4.287,2.813,4.748,378.46,382.1,379.29,26.46,71.63,0,0,158
28.6,3.163,4.703,3.026,379.41,380.02,379.48,29.64,79.61,0,0,148
34.45,5.239,5.545,6.365,379.19,375.23,382.13,27.94,77.34,1,1,88
27.9,4.008,3.125,3.87,379.85,380.12,375.57,26.69,60.16,0,0,170
29.03,4.506,4.319,3.477,378.49,380.41,380.2,29.6,57.99,0,0,158
66.37,11.538,11.291,11.147,360.16,400.51,387.07,28.75,63.66,4,4,1
27.13,3.929,4.673,4.313,379.37,377.42,380.48,28.25,71.56,0,0,122
33.84,6.612,6.224,6.651,373.56,384.26,375.82,27.06,57.23,1,1,70
26.28,4.225,4.92,2.599,380.08,377.92,379.42,27.57,56.93,0,0,154
47.48,7.769,7.342,8.775,367.61,374.13,378.55,27.45,78.98,2,2,41
42.26,7.951,8.021,8.414,380.3,399.98,367.31,26.8,67.52,2,2,41
28.97,3.835,4.029,2.017,379.48,374.37,379.91,28.32,50.04,0,0,140
74.49,11.327,11.34,11.706,371.66,426.65,370.78,28.89,68.86,4,4,2
29.54,2.882,4.511,3.655,383.06,380.64,379.99,29.97,53.76,0,0,162
28.46,3.063,4.405,2.71,384.63,379.76,382.4,28.9,79.79,0,0,174
46.37,8.446,8.046,7.845,389.29,371.15,362.45,26.84,62.24,2,2,34
47.63,7.868,8.467,8.237,377.46,374.53,397.11,27.81,57.51,2,2,35
30.12,2.973,4.652,2.899,377.8,379.64,379.61,28.84,75.88,0,0,161
29.2,4.855,3.337,3.25,384.09,378.99,380.91,28.34,77.87,0,0,122
29.54,3.929,3.778,2.543,378.49,379.97,378.93,28.29,61.21,0,0,172
26.19,3.387,2.588,4.304,377.8,377.41,379.16,26.42,69.86,0,0,154
44.93,7.032,7.782,7.109,370.22,383.03,386.96,29.11,78.28,2,2,51
27.46,3.251,3.382,3.77,377.56,379.51,378.5,28.7,56.05,0,0,157
28.12,2.016,4.129,3.384,377.85,376.59,380.46,27.91,78.26,0,0,139
27.69,4.95,4.475,2.228,375.9,382.52,379.9,26.59,54.36,0,0,173
30.47,3.361,4.16,4.603,382.47,378.56,381.54,28.59,77.25,0,0,138
27.79,3.398,2.426,2.534,377.49,378.94,380.49,27.41,53.4,0,0,153
36.44,5.558,5.238,5.546,381.57,373.35,386.53,27.57,64.56,1,1,106
81.15,11.736,11.614,11.08,375.5,369.96,338.55,27.49,51.0,4,4,4
41.64,8.956,7.024,7.705,375.46,390.32,367.07,29.47,51.56,2,2,46
30.57,4.245,3.435,4.164,380.21,382.76,378.7,27.57,55.04,0,0,176
47.77,9.919,10.106,9.549,386.1,362.94,370.79,27.41,63.91,3,3,8
43.4,8.437,7.338,7.26,366.54,385.72,373.47,27.97,58.5,2,2,34
45.6,8.217,7.734,7.121,390.52,378.59,372.49,28.48,77.56,2,2,42
30.13,2.506,4.06,4.889,377.57,383.02,380.26,27.9,73.25,0,0,133
28.41,4.707,2.205,4.717,376.16,381.79,381.52,28.11,65.35,0,0,148
30.49,3.708,4.485,4.227,380.05,382.33,382.02,28.35,69.37,0,0,128
24.72,2.971,3.441,4.642,377.17,381.38,382.87,28.35,56.57,0,0,141
29.43,3.085,4.37,4.217,377.79,380.48,378.77,28.97,59.06,0,0,142
27.62,2.519,4.417,3.613,376.26,379.27,380.57,28.47,52.35,0,0,136
25.85,2.36,3.963,3.46,379.13,383.03,380.11,25.32,54.94,0,0,158
35.34,6.27,5.855,6.629,383.76,386.52,380.34,28.99,72.73,1,1,93
30.27,3.683,2.478,2.958,379.31,380.08,383.11,27.62,78.4,0,0,138
29.82,2.537,3.5,3.707,380.88,377.11,378.75,28.28,65.27,0,0,124
68.57,11.557,11.883,11.016,381.45,375.68,349.55,28.56,54.37,4,4,4
55.47,10.171,9.645,9.866,383.32,389.74,400.47,26.54,64.02,3,3,25
45.74,8.187,8.732,8.667,398.85,370.61,389.36,26.58,53.22,2,2,54
75.62,11.954,11.861,11.678,386.7,383.18,367.15,27.56,69.01,4,4,2
26.0,2.077,4.968,2.888,377.1,381.66,382.02,25.81,73.25,0,0,142
73.92,11.208,11.688,11.989,380.19,366.85,385.04,26.88,64.49,4,4,4
26.71,4.285,3.317,4.855,378.62,378.62,381.73,28.23,56.58,0,0,137
30.05,4.958,3.063,2.167,376.81,381.95,381.34,28.74,53.29,0,0,121
27.89,4.236,3.177,2.072,378.88,382.65,381.19,28.74,51.5,0,0,144
29.42,2.772,3.416,2.054,379.0,380.37,378.55,27.7,54.63,0,0,146
27.12,3.607,3.311,4.679,378.2,381.33,380.95,28.82,57.48,0,0,145
40.36,5.387,5.953,5.234,379.79,392.5,385.22,28.03,64.43,1,1,84
48.2,8.992,7.768,8.708,376.16,385.21,403.94,27.98,59.0,2,2,49
36.0,6.558,5.822,5.184,388.2,385.01,390.41,28.79,51.27,1,1,109
27.76,4.407,2.411,2.53,375.14,378.95,381.43,27.98,60.31,0,0,162
46.1,8.406,8.103,8.112,401.83,357.26,381.84,30.04,56.2,2,2,33
38.0,6.652,6.231,6.291,384.47,379.98,375.38,29.52,54.37,1,1,63
29.64,3.359,3.817,4.483,380.26,383.39,380.7,28.19,77.58,0,0,145
32.55,6.899,6.692,6.712,374.1,383.21,371.5,28.18,73.67,1,1,107
29.12,3.641,4.175,3.461,377.72,382.05,379.84,27.02,64.7,0,0,134
26.03,4.924,4.291,4.555,386.69,381.45,381.32,27.12,62.55,0,0,157
59.44,9.634,10.593,10.984,381.68,361.91,380.82,27.56,67.82,3,3,26
26.97,4.258,2.823,4.612,379.63,379.5,380.67,28.64,57.56,0,0,158
30.59,3.522,4.2,3.262,382.03,382.03,379.1,28.97,69.88,0,0,129
63.79,10.011,10.635,10.093,379.57,392.61,373.6,29.34,59.85,3,3,22
34.89,6.161,5.938,5.091,367.24,377.49,379.1,27.76,73.97,1,1,102
29.11,2.095,2.697,3.037,377.58,382.3,378.51,27.45,68.0,0,0,179
32.49,3.956,3.131,4.347,380.83,380.3,381.7,28.99,67.53,0,0,162
24.66,2.744,4.381,3.49,378.71,381.54,379.65,28.55,59.42,0,0,177
34.0,6.953,5.815,5.698,373.01,381.46,377.74,25.6,68.89,1,1,62
27.65,2.582,2.78,4.576,381.1,381.18,379.54,29.53,63.48,0,0,165
26.04,3.678,3.968,3.322,382.18,380.13,377.64,29.11,78.52,0,0,145
76.05,11.372,11.305,11.172,380.35,336.52,367.34,28.79,65.23,4,4,4
27.5,2.975,2.247,3.082,378.81,374.37,379.84,28.77,65.26,0,0,137
28.28,2.009,2.657,4.767,379.91,379.58,381.03,28.44,67.77,0,0,173
28.17,2.276,4.243,3.129,380.57,379.57,380.85,29.89,73.43,0,0,131
34.75,6.327,6.253,6.331,376.27,372.75,376.86,28.17,65.21,1,1,99
27.27,2.488,2.271,4.247,375.33,381.49,378.74,27.62,57.6,0,0,156
29.27,3.631,2.236,3.595,378.19,376.96,381.24,29.11,57.98,0,0,147
49.77,8.719,8.879,7.577,377.34,375.22,381.99,28.45,66.38,2,2,53
27.28,3.025,3.825,4.22,379.0,375.72,380.29,27.34,68.24,0,0,125
27.98,4.123,3.388,2.926,381.88,380.14,377.48,27.77,70.68,0,0,163
26.32,3.319,4.677,4.152,378.75,380.39,379.45,26.75,56.59,0,0,178
26.72,4.945,3.622,2.576,381.87,379.16,381.67,27.93,59.37,0,0,169
27.44,3.713,2.028,4.133,383.81,379.72,377.4,25.37,74.39,0,0,172
29.63,3.395,2.303,4.539,378.94,384.42,382.06,28.22,74.05,0,0,145
27.79,2.421,2.14,2.28,381.8,378.81,378.02,27.44,74.71,0,0,174
29.22,4.333,4.145,3.62,376.22,377.26,376.55,27.79,62.45,0,0,147
43.05,7.433,7.054,7.439,372.06,378.78,384.23,29.75,57.61,2,2,34
74.4,11.061,11.761,11.127,356.05,387.85,427.45,28.0,77.59,4,4,2
42.02,8.215,7.991,8.486,368.78,374.63,375.8,30.3,54.24,2,2,54
46.23,8.702,7.134,7.212,371.48,365.59,383.35,29.31,78.33,2,2,55
27.22,3.679,3.558,3.515,377.28,382.99,378.72,27.4,57.81,0,0,126
66.06,11.93,11.271,11.336,383.17,399.67,421.82,28.94,71.91,4,4,5
28.73,2.959,3.352,2.361,380.29,376.62,380.32,27.1,50.79,0,0,178
82.52,11.733,11.991,11.26,380.77,351.3,347.92,28.66,68.95,4,4,5
66.6,11.224,11.742,11.141,392.48,393.66,373.3,28.69,72.94,4,4,4
29.64,6.815,6.719,5.115,370.35,374.54,390.07,27.64,69.24,1,1,101
69.2,11.437,11.412,11.145,328.96,351.09,347.46,27.46,65.43,4,4,3
34.9,5.002,6.725,5.025,372.43,376.18,376.87,26.69,66.96,1,1,77
25.81,4.428,2.401,2.118,381.19,382.34,378.49,27.38,76.34,0,0,142
27.17,2.907,4.475,4.069,377.46,379.25,382.19,27.1,72.6,0,0,145
37.86,5.49,6.351,5.237,374.7,383.9,373.83,28.27,59.17,1,1,60
28.08,4.911,2.482,2.752,377.55,384.29,378.85,28.39,69.82,0,0,132
35.14,5.748,5.292,5.306,386.92,375.56,379.76,28.17,71.01,1,1,68
72.95,11.9,11.244,11.122,354.11,397.5,357.46,27.91,69.14,4,4,5
30.41,4.894,3.414,3.255,380.04,380.4,377.57,27.27,66.89,0,0,162
46.31,7.654,8.563,7.998,392.74,375.08,370.95,29.37,75.6,2,2,55
55.81,9.885,9.718,9.911,361.29,401.53,383.75,28.17,54.28,3,3,24
61.94,9.547,10.688,10.539,386.21,364.41,379.43,27.77,78.89,3,3,10
75.19,11.583,11.138,11.546,380.43,383.27,399.0,26.93,54.08,4,4,4
30.7,3.81,4.564,3.169,379.28,378.73,379.6,27.94,72.39,0,0,141
67.13,11.892,11.585,11.723,378.42,322.97,403.24,28.94,71.21,4,4,2
50.9,8.274,7.66,8.973,369.21,393.19,365.72,26.61,68.04,2,2,36
26.59,2.663,3.668,2.467,383.66,382.86,376.33,26.72,63.37,0,0,123
27.63,2.045,2.222,2.488,376.2,377.46,381.13,26.66,50.38,0,0,132
36.34,5.718,6.924,6.38,379.72,380.64,368.61,27.13,58.11,1,1,88
27.09,3.918,4.847,4.111,377.61,378.59,382.04,28.52,62.47,0,0,178
32.96,6.827,6.288,6.129,380.75,378.59,385.26,29.4,66.9,1,1,114
32.9,5.294,5.189,5.225,386.15,375.85,384.96,28.01,60.07,1,1,80
27.8,3.282,3.301,3.961,378.46,380.4,377.93,28.92,65.02,0,0,165
30.38,6.032,5.963,5.417,380.46,381.68,383.51,28.0,73.03,1,1,89
42.51,8.923,7.535,7.243,374.01,378.69,391.69,26.62,68.33,2,2,35
28.2,4.2,3.36,3.572,381.87,381.88,381.17,28.23,52.92,0,0,147
29.9,4.863,4.58,4.524,377.91,375.71,378.05,28.64,60.54,0,0,151
28.57,4.864,2.684,4.616,383.17,378.07,378.35,27.61,51.67,0,0,138
26.65,3.221,2.712,3.715,379.86,383.01,378.16,27.56,76.57,0,0,153
53.1,9.963,10.77,10.428,381.52,385.72,392.17,28.05,57.75,3,3,28
27.89,3.138,3.643,4.984,379.22,379.39,382.16,28.29,60.43,0,0,168
37.04,6.522,5.515,5.301,383.05,382.96,380.35,28.82,76.59,1,1,104
28.24,4.783,2.665,4.153,382.95,381.38,381.78,26.92,55.61,0,0,139
28.31,2.975,3.439,4.833,382.36,377.96,382.79,27.58,66.67,0,0,162
47.29,8.658,8.746,7.575,377.6,376.45,379.44,28.67,55.06,2,2,47
38.65,5.754,5.154,6.248,381.07,376.16,385.02,28.68,59.89,1,1,102
27.95,3.975,3.766,2.449,380.19,379.89,381.15,27.07,70.06,0,0,163
29.16,3.96,3.435,3.937,381.41,379.35,379.19,26.87,56.96,0,0,146
26.04,2.427,3.46,4.503,380.84,380.84,378.24,27.75,69.67,0,0,168
27.98,3.186,2.742,4.951,380.76,375.3,380.48,28.41,76.2,0,0,166
39.73,5.632,6.19,6.322,376.36,372.31,378.44,28.06,67.32,1,1,80
26.95,3.864,4.22,4.219,378.26,374.32,377.79,27.8,71.1,0,0,172
27.56,3.726,3.002,2.784,380.26,379.46,379.37,26.69,55.31,0,0,134
28.33,4.218,2.171,2.827,378.19,377.8,383.24,29.22,53.88,0,0,128
53.45,9.258,9.449,10.104,380.32,354.9,380.91,26.08,79.4,3,3,25
78.47,11.701,11.491,11.239,378.73,430.27,382.98,29.48,56.4,4,4,2
28.47,2.889,2.154,4.832,378.52,379.96,380.52,29.23,55.43,0,0,159
42.73,7.729,7.697,7.264,363.98,383.57,379.55,28.49,75.55,2,2,33
27.18,2.634,4.141,3.845,381.61,381.37,380.69,28.12,62.44,0,0,138
28.23,4.248,3.763,2.115,382.09,377.5,379.39,27.57,79.58,0,0,144
46.96,8.833,8.209,8.32,356.76,387.17,387.87,27.7,66.77,2,2,32
56.01,10.005,9.951,9.921,357.95,376.57,374.64,27.52,59.03,3,3,26
65.54,11.066,11.153,11.856,336.12,404.77,337.44,28.19,60.34,4,4,3
36.26,5.641,6.081,5.92,379.03,386.63,383.24,27.57,71.39,1,1,98
25.75,2.898,3.344,3.011,380.48,379.18,382.7,27.83,79.54,0,0,147
42.98,8.155,7.133,7.494,385.14,375.01,370.05,26.83,58.53,2,2,52
30.24,4.757,2.381,3.296,378.88,380.85,380.09,28.75,56.12,0,0,120
30.46,6.235,5.266,5.144,377.55,378.59,386.14,28.26,66.34,1,1,83
28.35,4.811,2.091,2.03,381.32,379.77,382.33,29.28,54.24,0,0,141
36.28,5.406,6.168,6.515,382.99,380.95,371.63,25.94,58.74,1,1,72
28.61,3.789,3.339,4.199,383.63,381.33,380.05,28.1,64.0,0,0,170
29.28,4.795,2.476,3.397,378.28,377.86,377.24,29.14,51.43,0,0,169
55.43,10.527,10.334,9.408,379.6,406.12,345.53,25.42,55.27,3,3,15
25.24,3.3,2.752,4.896,378.93,382.08,377.37,27.31,67.99,0,0,153
28.97,3.599,3.721,4.165,381.42,382.52,378.72,29.76,53.24,0,0,169
28.41,2.946,3.976,3.636,378.98,377.69,381.73,25.56,76.59,0,0,125
25.47,3.616,4.13,2.984,383.36,380.91,382.09,26.87,63.03,0,0,125
26.51,4.144,3.653,2.737,382.3,381.53,380.67,27.52,64.18,0,0,172
28.0,4.697,4.246,4.832,380.35,376.93,379.86,25.99,55.12,0,0,139
45.23,7.373,7.723,8.501,364.9,385.52,385.75,26.54,78.03,2,2,36
28.66,4.267,2.82,2.018,379.32,382.69,377.28,28.91,57.89,0,0,124
65.8,11.972,11.411,11.316,382.09,361.49,381.07,27.47,72.35,4,4,5
31.88,6.32,5.541,5.244,378.4,372.26,376.63,28.77,57.32,1,1,62
30.33,2.286,2.621,4.976,381.08,377.49,378.11,27.64,65.16,0,0,175
33.14,6.739,6.937,6.275,386.7,374.83,385.72,26.51,62.46,1,1,95
28.49,4.668,3.784,2.648,381.67,377.49,380.6,31.35,74.14,0,0,120
40.69,7.533,7.139,7.628,389.58,377.33,371.08,28.73,72.93,2,2,49
27.07,2.577,4.942,4.085,381.24,377.73,381.98,27.06,73.26,0,0,125
27.42,2.713,2.205,3.305,377.65,379.21,379.47,28.85,68.52,0,0,142
60.73,10.372,9.684,9.623,395.24,399.8,375.4,26.9,52.3,3,3,18
56.84,9.389,9.841,10.776,404.74,383.18,368.35,26.91,70.36,3,3,18
55.83,9.126,9.636,9.793,378.73,379.03,380.4,28.38,66.34,3,3,19
26.09,2.266,3.921,4.301,381.98,377.74,381.26,27.26,63.26,0,0,166
42.73,7.5,7.002,8.301,365.6,389.17,392.31,27.02,64.25,2,2,50
27.66,3.372,3.26,3.135,378.41,379.99,378.71,27.13,70.71,0,0,149
27.24,2.082,3.553,2.955,381.05,381.38,380.57,28.6,57.02,0,0,148
28.68,3.203,2.308,4.822,381.42,376.83,380.75,27.57,75.95,0,0,170
34.61,5.2,6.55,5.625,377.54,380.41,374.99,30.17,66.72,1,1,75
28.78,3.678,4.227,4.707,381.5,375.44,379.82,28.97,66.89,0,0,157
26.0,4.35,2.608,4.896,381.51,380.02,379.83,28.88,56.34,0,0,155
46.34,7.621,7.812,7.449,387.73,376.62,378.28,26.89,79.18,2,2,56
25.93,3.82,3.028,4.028,381.73,381.52,380.16,27.61,72.51,0,0,121
30.13,2.683,4.498,3.704,380.02,379.53,379.29,27.85,72.4,0,0,144
25.16,4.912,3.482,3.972,383.35,380.58,380.87,28.76,67.69,0,0,156
50.45,9.102,10.799,10.996,365.3,391.43,365.53,28.13,51.3,3,3,11
26.61,2.284,3.647,3.75,376.73,378.26,380.54,27.78,55.19,0,0,150
30.08,2.564,4.699,2.709,378.13,381.85,379.21,28.21,76.56,0,0,156
47.05,8.347,7.97,7.454,395.9,380.88,390.26,27.55,61.88,2,2,34
45.34,8.875,7.577,8.999,381.34,371.83,363.15,28.11,75.19,2,2,49
27.15,3.234,4.926,2.518,380.14,381.26,377.89,27.91,58.15,0,0,174
34.62,6.238,6.491,6.504,381.54,391.44,386.17,27.5,51.98,1,1,115
50.48,8.112,7.559,7.528,383.46,363.64,370.99,29.51,57.36,2,2,48
37.05,5.733,5.212,6.975,385.58,379.69,386.2,27.33,69.16,1,1,68
27.64,2.958,2.946,2.328,380.62,378.69,380.83,28.79,74.18,0,0,120
49.28,9.692,10.03,10.784,369.13,377.0,378.32,27.43,75.89,3,3,14
27.29,2.048,2.396,2.792,378.99,379.61,383.58,27.21,74.36,0,0,123
28.26,4.728,3.886,4.065,378.86,378.39,379.24,29.53,75.58,0,0,160
27.98,3.535,2.236,3.149,380.36,380.71,379.8,29.24,57.83,0,0,127
30.0,4.429,4.753,2.948,381.05,379.5,380.92,27.64,77.68,0,0,160
25.8,3.997,3.551,2.68,379.79,379.04,384.55,29.4,76.44,0,0,130
48.59,8.082,7.787,7.718,384.75,387.36,382.79,26.12,58.03,2,2,54
30.2,4.979,4.713,3.562,378.01,380.71,383.97,27.38,76.91,0,0,140
31.48,3.559,4.829,3.06,376.39,382.08,382.61,27.41,72.78,0,0,133
29.49,4.28,4.297,4.993,378.79,379.37,377.96,27.45,50.52,0,0,163
29.68,3.45,4.99,3.047,381.09,378.41,383.19,28.01,51.96,0,0,175
75.01,11.511,11.211,11.344,386.8,361.93,327.84,29.09,59.7,4,4,1
26.87,2.717,3.946,2.139,379.34,377.63,377.29,26.72,56.72,0,0,167
29.89,3.534,3.935,3.998,380.65,381.1,381.88,28.85,71.23,0,0,134
27.5,4.269,4.046,2.317,381.41,378.78,383.39,27.16,61.55,0,0,139
26.9,3.462,4.507,3.911,382.35,377.52,379.69,28.04,75.87,0,0,143
29.83,3.988,3.526,2.938,377.78,379.21,380.86,27.77,57.85,0,0,155
34.76,5.85,5.13,5.641,377.73,379.14,381.43,28.78,67.78,1,1,102
70.37,11.85,11.841,11.919,383.39,362.52,356.37,24.84,59.03,4,4,4
27.07,4.861,4.222,4.673,379.33,379.49,375.52,27.57,60.44,0,0,174
37.9,6.873,5.052,6.161,386.68,382.26,379.3,28.44,51.49,1,1,82
35.09,6.677,6.109,5.627,385.6,379.1,374.72,28.45,76.57,1,1,62
40.53,8.266,8.328,7.208,374.47,399.96,366.73,29.16,78.62,2,2,51
24.78,4.889,3.615,2.048,381.06,379.77,379.99,26.55,73.5,0,0,151
29.54,3.491,2.58,4.242,379.6,379.54,381.56,28.75,57.32,0,0,159
29.01,2.92,4.808,2.633,382.52,380.92,381.64,26.89,72.07,0,0,125
38.38,6.101,6.119,5.735,378.69,378.23,376.18,28.9,75.02,1,1,94
44.74,8.39,8.518,8.776,365.23,370.66,372.64,28.62,78.58,2,2,33
26.35,4.69,3.33,3.913,375.76,380.8,380.67,27.61,75.3,0,0,164
26.6,4.022,4.688,3.314,379.79,381.37,378.89,28.34,61.11,0,0,146
64.39,10.351,10.107,9.015,373.34,395.04,400.23,27.52,56.51,3,3,15
51.42,7.024,7.553,8.65,383.51,354.04,381.99,27.12,73.19,2,2,43
75.55,11.041,11.608,11.318,392.1,368.05,418.53,26.11,60.37,4,4,3
44.57,7.786,8.943,8.98,368.76,369.01,377.2,27.54,62.07,2,2,56
29.28,2.299,2.443,2.826,376.51,377.35,382.26,27.16,68.94,0,0,171
33.6,6.01,6.129,5.905,378.76,391.53,374.6,27.37,76.34,1,1,84
40.34,6.811,5.099,5.239,380.35,377.98,382.63,27.57,74.07,1,1,93
28.46,4.533,3.037,3.03,380.92,375.78,381.53,27.67,73.02,0,0,155
29.73,4.736,3.397,3.578,379.18,379.69,378.34,28.33,79.63,0,0,141
42.53,6.672,5.986,5.813,385.58,387.85,385.71,27.78,52.41,1,1,92
26.26,3.281,3.02,3.015,382.35,381.4,377.38,27.21,79.0,0,0,158
42.69,8.119,7.554,7.739,381.46,395.18,377.77,26.75,57.41,2,2,32
34.97,6.423,5.277,6.852,383.42,371.23,378.76,25.99,74.42,1,1,64
61.3,11.13,11.628,11.51,364.58,352.07,398.88,28.08,71.33,4,4,5
26.61,3.839,3.272,2.744,378.98,377.45,379.44,27.22,65.76,0,0,124
28.89,4.098,4.13,4.29,383.18,379.72,378.62,28.37,77.95,0,0,128
40.19,5.532,5.119,6.088,370.22,381.12,372.0,28.46,75.82,1,1,103
28.75,3.501,2.82,4.632,381.55,381.14,380.93,26.49,63.44,0,0,130
33.3,6.973,6.146,6.662,386.62,382.43,375.92,27.81,76.27,1,1,93
45.3,7.462,8.029,8.367,361.06,381.08,380.21,28.03,79.9,2,2,57
28.87,2.975,3.579,2.347,383.07,384.77,377.5,27.11,71.26,0,0,157
30.59,2.768,4.499,3.349,381.59,377.68,379.13,26.79,63.15,0,0,131
27.19,3.331,4.426,4.607,382.44,382.87,380.36,27.06,56.94,0,0,176
27.98,4.364,2.938,3.517,384.2,380.29,379.84,27.45,52.49,0,0,178
51.08,9.056,10.052,9.674,370.37,395.38,387.68,29.19,79.74,3,3,21
41.51,7.13,8.333,8.315,382.05,375.34,382.96,27.15,57.24,2,2,49
35.0,6.425,6.478,6.459,375.24,366.93,385.45,27.75,57.2,1,1,113
39.94,6.403,5.42,6.673,371.35,381.99,385.09,27.94,60.05,1,1,113
27.55,4.031,3.485,3.197,381.24,378.98,376.33,28.65,64.84,0,0,153
60.54,9.626,10.046,9.017,384.59,365.21,389.1,29.58,71.06,3,3,18
28.22,6.144,5.915,6.531,380.48,381.04,378.71,28.92,79.67,1,1,104
32.35,5.915,5.936,6.605,381.71,374.3,374.74,27.07,56.63,1,1,69
44.36,8.575,7.99,7.746,382.84,377.56,380.43,28.92,62.39,2,2,44
26.24,2.552,3.395,3.028,380.34,376.92,375.34,26.88,52.43,0,0,147
42.34,8.565,8.638,8.083,375.15,372.96,380.76,27.33,59.43,2,2,41
29.03,3.083,3.256,4.283,379.55,379.68,383.77,26.86,53.83,0,0,158
24.19,2.07,2.415,4.572,381.49,381.27,378.15,27.22,76.21,0,0,152
28.02,3.076,2.395,2.863,376.66,379.96,380.12,26.12,69.65,0,0,122
68.79,11.212,11.908,11.854,345.8,376.12,350.25,27.99,56.19,4,4,2
44.18,7.024,7.924,8.046,369.78,371.89,382.47,28.86,60.93,2,2,48
39.11,6.57,6.257,6.181,377.2,383.51,377.12,26.64,59.55,1,1,88
34.11,6.063,5.066,6.97,383.49,382.27,385.48,27.41,66.34,1,1,78
35.99,6.922,6.333,6.641,384.03,376.79,378.9,25.81,74.92,1,1,109
56.97,10.886,9.664,9.733,370.68,383.46,369.83,25.95,76.28,3,3,21
30.96,3.196,3.966,3.846,378.54,379.55,379.89,27.64,52.48,0,0,132
27.02,3.704,3.958,2.443,380.27,381.09,379.97,27.33,53.32,0,0,149
29.09,4.847,3.867,2.18,380.32,378.77,378.5,28.07,62.18,0,0,173
43.01,8.04,7.07,7.952,368.02,377.53,382.67,27.46,67.54,2,2,56
34.68,5.967,6.333,6.085,387.46,376.8,380.19,27.57,60.54,1,1,114
28.42,4.077,4.553,2.39,382.15,380.14,381.29,29.43,63.35,0,0,170
27.79,3.692,2.96,2.478,382.11,380.46,378.65,26.87,62.11,0,0,141
45.08,7.335,7.096,8.367,405.36,396.41,375.99,29.43,68.84,2,2,41
27.9,2.314,4.663,4.752,382.06,376.89,381.4,27.99,56.47,0,0,150
30.39,6.117,6.819,6.136,379.27,388.31,380.33,27.35,64.01,1,1,65
80.74,11.406,11.62,11.407,376.73,356.38,364.86,26.48,71.51,4,4,2
26.39,4.814,4.325,2.804,383.6,382.09,379.81,28.88,61.14,0,0,130
26.15,2.657,3.226,4.29,376.22,379.54,376.04,26.95,68.51,0,0,143
37.29,5.073,5.977,6.322,379.39,380.76,386.2,25.72,55.25,1,1,78
42.1,8.017,7.919,8.248,372.02,373.06,385.84,28.91,64.79,2,2,58
29.25,3.492,2.647,3.565,379.67,377.06,379.03,27.97,62.32,0,0,173
73.57,11.666,11.417,11.042,355.64,404.46,378.25,28.12,78.52,4,4,3
26.77,3.656,2.265,2.285,379.87,379.08,381.53,29.42,57.15,0,0,143
29.47,2.438,4.657,3.24,380.86,377.48,379.97,29.64,78.16,0,0,139
39.35,6.804,6.102,6.724,383.16,391.43,384.8,28.16,62.62,1,1,102
39.54,8.408,8.721,7.614,382.81,385.49,386.79,27.99,58.07,2,2,39
27.6,2.876,3.353,2.792,378.67,381.36,379.47,28.38,60.5,0,0,144
37.16,7.353,8.11,7.097,370.82,397.03,358.47,27.92,73.93,2,2,56
35.68,5.59,6.865,6.248,386.24,385.33,379.29,27.41,73.75,1,1,69
29.03,2.876,2.338,2.405,381.39,377.87,381.16,26.57,70.24,0,0,123
28.32,2.02,4.727,3.469,378.26,378.72,377.08,28.15,52.02,0,0,127
48.95,7.953,7.421,7.884,389.12,392.2,378.73,29.51,77.12,2,2,56
30.24,2.929,2.477,4.171,376.94,379.58,377.73,27.88,69.58,0,0,138
28.03,2.919,3.54,3.593,382.42,380.69,377.91,27.14,64.39,0,0,175
25.79,4.558,3.686,3.988,382.64,377.43,382.81,28.26,63.15,0,0,123
61.77,9.994,10.606,10.281,387.13,360.82,370.38,27.86,56.83,3,3,11
39.18,6.795,5.671,6.213,375.03,373.91,377.41,28.39,65.17,1,1,112
39.39,7.7,7.178,7.467,385.8,372.55,386.87,28.69,56.33,2,2,44
27.56,4.975,4.463,3.878,379.43,378.72,377.75,28.1,59.16,0,0,175
34.22,6.349,6.827,5.998,383.8,379.23,385.9,27.27,58.64,1,1,73
34.12,6.734,5.614,5.94,377.3,373.39,380.41,26.98,76.53,1,1,78
43.19,8.977,7.1,8.108,387.27,374.78,392.98,27.07,75.2,2,2,50
54.34,9.577,9.541,9.307,383.88,401.32,374.81,27.73,67.17,3,3,25
29.13,4.3,4.695,4.615,381.79,379.85,381.8,27.87,62.71,0,0,146
33.83,6.031,5.788,6.547,380.13,382.58,384.61,27.94,75.33,1,1,91
28.26,4.113,3.812,4.056,379.65,378.36,381.98,28.29,58.81,0,0,124
27.9,2.21,4.86,3.718,376.76,378.36,377.99,28.55,53.77,0,0,151
25.47,2.696,4.426,3.216,379.95,384.11,379.87,25.86,78.32,0,0,139
27.39,2.509,2.286,2.536,379.61,383.12,378.91,29.45,51.31,0,0,124
27.36,4.236,4.04,2.194,377.18,381.9,379.17,26.84,67.92,0,0,150
33.03,6.465,5.938,6.446,380.79,377.41,384.79,25.72,57.06,1,1,78
26.28,2.22,2.542,3.092,380.88,376.93,382.41,29.96,51.89,0,0,132
35.28,6.814,5.819,6.674,378.73,381.29,381.72,29.01,55.25,1,1,94
27.07,4.269,3.501,2.246,381.06,376.88,381.85,28.94,62.32,0,0,137
26.72,2.106,2.892,4.821,379.32,378.13,379.22,27.92,56.93,0,0,131
50.08,7.738,7.57,8.112,386.01,377.96,380.82,30.36,62.46,2,2,31
28.41,3.049,3.932,3.266,377.21,379.42,382.62,27.83,72.59,0,0,145
29.43,4.914,3.898,4.075,380.05,381.38,381.09,27.77,65.77,0,0,141
35.31,6.661,6.029,5.5,382.27,382.42,381.11,28.17,67.65,1,1,83
26.19,4.124,3.812,2.291,377.26,376.37,379.81,27.24,58.16,0,0,150
29.39,4.785,4.474,4.181,377.92,383.0,378.45,27.9,68.95,0,0,148
26.01,3.559,3.351,4.92,380.3,381.18,383.13,27.63,58.29,0,0,150
48.49,9.692,10.785,10.159,396.5,375.38,370.31,26.85,69.57,3,3,22
34.9,5.141,6.947,6.517,379.83,380.68,380.08,27.65,60.5,1,1,113
38.07,5.638,5.156,5.362,377.38,381.45,372.53,27.2,77.77,1,1,65
29.35,5.881,5.596,5.119,389.88,376.36,384.63,27.02,64.68,1,1,74
27.12,3.607,2.043,3.331,379.48,379.09,377.77,27.67,78.12,0,0,156
26.55,3.412,3.606,4.243,378.9,380.91,379.72,28.06,54.31,0,0,126
46.6,8.152,7.872,7.934,403.0,373.12,386.84,27.9,60.13,2,2,56
26.11,4.866,3.457,2.069,379.28,377.11,381.31,29.87,62.34,0,0,146
26.84,4.512,4.835,2.709,381.22,382.21,381.67,26.04,73.87,0,0,135
28.5,3.335,3.426,2.194,378.39,379.76,378.56,27.61,72.12,0,0,161
27.99,2.977,2.091,4.327,379.31,375.83,380.32,27.93,78.33,0,0,125
69.96,11.256,11.831,11.816,377.6,348.88,377.13,27.64,67.19,4,4,4
29.85,4.465,3.433,4.036,381.55,377.22,383.43,28.37,60.8,0,0,171
25.82,4.886,3.321,4.879,381.53,381.88,374.18,27.57,62.34,0,0,174
26.83,4.491,4.388,3.369,380.27,380.68,378.39,28.33,54.36,0,0,178
72.16,11.602,11.692,11.568,341.1,382.01,398.99,27.25,66.65,4,4,3
28.08,2.916,2.662,4.676,381.5,380.09,383.6,27.38,62.59,0,0,133
29.19,3.664,4.724,2.416,380.36,379.77,380.21,27.68,51.28,0,0,171
36.58,5.148,6.406,6.627,370.19,382.54,376.33,27.25,54.86,1,1,93
31.93,6.856,5.796,5.899,380.3,387.07,379.18,26.99,66.15,1,1,61
27.29,3.07,4.089,4.964,383.46,379.68,378.31,28.69,54.66,0,0,148
31.11,3.645,4.923,3.893,382.53,379.61,379.18,26.63,60.51,0,0,163
27.54,3.142,4.29,3.547,379.89,381.42,383.94,30.16,79.12,0,0,151
25.97,4.454,2.507,4.41,380.97,381.73,378.53,29.96,77.82,0,0,129
29.68,3.549,4.609,3.239,380.67,380.18,383.6,27.06,59.81,0,0,121
29.0,3.257,4.383,3.481,374.41,379.42,381.35,26.18,52.23,0,0,146
27.43,3.848,2.932,2.779,372.44,384.24,379.57,29.58,71.04,0,0,126
27.97,2.754,4.353,4.542,381.41,380.32,380.92,29.36,60.51,0,0,159
34.74,5.077,6.008,5.802,378.47,370.86,380.84,28.91,58.28,1,1,64
71.99,11.637,11.714,11.383,422.33,415.38,435.47,28.58,70.38,4,4,2
28.58,6.894,5.144,6.553,375.7,385.66,378.03,29.47,58.82,1,1,117
24.99,2.627,2.421,3.058,380.21,378.85,379.14,26.87,68.26,0,0,127
26.19,2.874,4.812,3.449,378.32,383.69,376.35,27.07,67.86,0,0,169
67.2,11.492,11.062,11.522,425.08,394.49,359.87,28.02,51.84,4,4,4
28.04,4.992,4.636,2.93,379.18,377.0,376.96,28.9,64.35,0,0,126
28.65,2.061,4.971,2.176,382.43,383.65,379.52,28.45,70.79,0,0,168
29.38,6.519,5.011,6.358,372.57,368.23,378.97,27.01,53.77,1,1,76
33.02,5.048,5.163,5.512,376.12,382.4,371.85,28.15,52.38,1,1,80
35.43,6.921,6.494,5.984,375.94,375.97,375.28,29.81,74.1,1,1,93
28.57,4.766,3.078,4.798,377.08,383.1,380.39,28.95,52.62,0,0,179
26.29,4.614,3.794,4.546,382.39,380.14,373.32,27.3,58.26,0,0,129
74.68,11.058,11.119,11.522,411.88,387.76,375.67,27.47,55.22,4,4,4
30.1,4.721,4.996,3.535,378.83,378.29,377.14,28.35,67.98,0,0,147
33.45,6.177,6.869,6.912,383.61,377.0,373.42,29.75,77.4,1,1,109
32.95,6.614,5.266,5.262,386.61,379.83,384.08,27.32,68.98,1,1,69
34.95,6.883,5.804,6.789,377.91,381.94,380.43,29.48,76.65,1,1,80
28.16,3.93,2.885,4.977,379.08,378.09,378.59,27.59,71.26,0,0,175
27.55,2.068,3.105,2.433,380.16,378.61,378.17,27.39,77.73,0,0,162
32.7,5.05,6.457,6.93,389.36,369.59,378.07,29.68,77.49,1,1,80
43.75,8.36,7.419,8.64,378.88,385.64,381.76,29.91,67.67,2,2,56
59.64,10.6,10.997,9.515,372.35,378.64,369.54,27.72,77.23,3,3,21
27.48,3.638,3.863,3.367,377.92,378.34,378.4,30.46,54.71,0,0,142
29.45,3.284,3.908,4.785,378.08,379.67,382.38,28.2,75.65,0,0,174
57.24,10.221,10.858,10.036,385.35,383.04,374.01,27.93,79.16,3,3,19
34.86,6.922,5.371,5.222,385.39,371.81,387.05,26.16,54.17,1,1,82
61.05,9.405,10.562,9.323,363.07,365.24,379.21,27.37,50.66,3,3,9
28.5,3.781,4.146,2.69,378.82,379.81,382.81,26.59,58.6,0,0,126
32.42,6.601,5.513,5.444,374.61,385.02,385.39,27.24,66.02,1,1,97
30.68,6.742,5.049,6.114,383.63,387.2,371.95,27.76,71.8,1,1,73
33.59,6.769,5.092,5.371,372.1,373.63,375.08,27.19,62.31,1,1,65
27.32,4.158,3.513,4.715,380.99,379.97,380.94,29.04,52.42,0,0,159
26.35,4.722,2.362,4.196,377.99,377.63,380.76,27.07,78.0,0,0,126
37.67,5.884,6.309,5.669,377.5,370.63,380.73,27.95,57.07,1,1,85
29.69,4.51,4.998,3.131,383.08,378.51,383.25,28.59,74.06,0,0,165
26.44,3.941,2.699,2.796,382.7,382.02,378.73,28.35,69.09,0,0,177
73.15,11.587,11.131,11.501,387.92,346.55,427.55,27.44,53.45,4,4,2
26.78,4.24,3.878,2.553,377.88,383.19,381.5,28.25,50.97,0,0,120
48.41,8.503,7.322,8.886,400.1,368.67,377.95,26.2,71.31,2,2,52
28.71,3.385,2.101,2.703,378.56,379.92,379.12,27.91,60.1,0,0,165
32.88,6.902,6.348,5.92,383.91,383.57,375.96,27.96,66.75,1,1,92
71.42,11.921,11.162,11.471,366.92,357.76,404.91,28.56,52.48,4,4,2
28.46,2.215,4.141,3.196,384.91,379.14,379.92,27.62,51.13,0,0,143
23.46,4.289,4.597,3.063,384.52,377.04,374.95,28.09,58.93,0,0,173
29.67,4.117,3.169,4.334,380.04,379.3,377.59,27.22,69.58,0,0,142
27.95,2.928,3.146,3.494,379.64,382.96,383.56,27.72,50.16,0,0,157
35.74,5.617,5.977,6.464,373.63,385.48,390.38,28.58,76.34,1,1,79
60.74,9.386,9.716,10.446,402.04,369.21,397.41,27.65,71.22,3,3,24
26.53,4.451,4.587,3.591,382.39,379.83,383.95,29.58,63.94,0,0,171
27.44,4.011,4.932,3.137,379.61,378.93,379.47,28.81,73.64,0,0,142
28.27,4.527,4.577,4.762,379.51,376.88,376.98,26.53,72.29,0,0,177
33.88,6.322,6.604,6.399,384.72,379.95,384.11,27.95,57.27,1,1,81
29.91,4.022,4.18,3.393,380.64,376.98,377.13,28.89,75.44,0,0,140
37.57,6.138,5.952,5.611,379.25,390.61,387.7,27.66,68.25,1,1,95
32.26,5.045,6.74,6.221,374.81,374.38,371.85,27.78,70.38,1,1,110
31.5,5.406,6.202,5.329,377.15,373.38,377.63,27.79,63.09,1,1,115
28.06,2.867,2.958,2.012,380.04,381.08,383.69,28.81,74.76,0,0,121
37.98,6.804,6.138,5.244,382.95,386.23,377.15,28.04,69.36,1,1,78
29.16,2.535,2.793,2.363,379.89,376.54,380.25,29.26,72.0,0,0,123
26.47,4.464,3.657,2.616,378.24,376.07,377.37,30.12,54.0,0,0,176
47.22,9.914,9.074,9.082,385.95,382.08,377.47,29.52,73.91,3,3,12
35.64,6.593,6.16,5.988,373.65,380.43,371.81,28.16,57.39,1,1,113
29.64,2.627,4.259,2.038,382.61,383.26,378.33,30.55,65.95,0,0,137
29.78,3.955,4.755,3.764,378.41,382.78,381.88,28.84,78.07,0,0,166
27.57,4.765,4.455,4.065,380.49,380.94,380.21,28.8,57.35,0,0,128
28.52,3.461,4.15,4.195,380.5,382.02,380.37,26.98,63.51,0,0,128
25.84,4.548,2.042,2.356,380.12,380.05,377.37,28.79,64.99,0,0,127
26.56,3.358,4.483,3.269,377.96,379.48,382.35,27.88,72.92,0,0,137
26.44,4.884,3.253,4.065,377.45,383.24,381.32,29.58,78.33,0,0,156
32.79,5.464,5.12,6.984,377.09,380.31,385.47,26.72,65.27,1,1,117
33.11,5.533,5.784,6.431,375.23,384.91,374.15,29.01,78.76,1,1,90
44.56,6.449,5.915,5.38,381.05,384.26,384.43,27.9,64.92,1,1,111
28.26,4.574,3.462,3.446,382.68,381.19,382.27,29.49,51.75,0,0,140
66.93,11.928,11.242,11.365,345.46,357.43,406.7,26.66,72.02,4,4,3
43.8,7.054,7.585,7.712,399.44,375.48,403.11,27.01,58.86,2,2,52
42.12,7.961,8.396,7.143,390.3,388.7,372.14,28.57,77.51,2,2,42
40.68,7.496,8.869,7.777,384.48,375.78,374.1,27.34,57.04,2,2,31
55.84,10.451,9.975,9.379,350.89,370.15,385.37,28.65,73.87,3,3,11
28.51,3.469,2.809,2.04,373.59,382.49,381.84,26.16,74.47,0,0,148
25.98,2.828,3.5,2.622,382.15,380.54,380.71,27.22,58.6,0,0,129
34.13,5.363,5.981,6.899,385.15,372.1,381.38,28.83,73.13,1,1,102
39.47,5.963,6.851,6.601,379.02,377.68,372.0,27.8,53.51,1,1,109
35.84,5.728,6.185,6.734,374.74,381.46,380.81,27.28,65.67,1,1,114
24.79,4.088,2.637,4.557,380.21,379.28,377.4,25.78,60.4,0,0,125
27.3,3.785,3.592,3.97,377.79,380.46,381.37,27.51,77.57,0,0,141
27.18,3.125,3.943,4.839,378.15,382.14,380.56,28.47,53.76,0,0,137
58.99,10.289,9.303,10.31,375.32,364.46,370.84,28.09,71.89,3,3,27
40.62,5.214,5.869,6.045,393.2,387.62,379.17,28.84,65.15,1,1,91
26.88,2.259,3.881,3.708,379.18,377.4,380.69,26.66,75.82,0,0,150
29.2,3.885,3.166,2.476,378.51,382.29,378.32,27.87,78.73,0,0,169
25.37,4.891,4.231,3.168,380.49,381.43,379.76,26.11,77.21,0,0,154
54.36,10.326,9.482,10.006,395.63,378.43,376.95,28.52,53.26,3,3,14
30.17,6.35,5.966,6.005,387.97,385.58,387.95,27.99,75.7,1,1,70
41.48,8.663,7.653,7.824,373.42,385.53,391.98,26.22,73.24,2,2,44
26.4,3.53,4.818,2.839,382.29,379.35,378.05,27.14,79.18,0,0,132
36.32,5.215,5.705,6.464,376.05,373.43,374.58,27.75,52.35,1,1,100
27.79,2.643,3.901,4.453,378.27,379.46,379.21,28.29,55.92,0,0,158
34.4,6.516,6.336,6.03,365.0,376.58,383.28,28.4,60.28,1,1,92
27.8,4.825,4.19,4.7,381.18,383.49,376.27,28.08,50.24,0,0,173
27.26,3.987,2.746,3.35,379.39,378.12,379.23,27.95,73.21,0,0,136
38.9,5.302,5.265,6.782,379.6,384.73,381.88,28.83,59.87,1,1,73
56.84,10.971,10.093,10.312,372.68,367.7,390.98,27.47,65.6,3,3,12
26.34,2.613,4.923,2.231,380.56,378.75,377.48,28.11,79.41,0,0,141
45.28,8.545,8.322,7.576,386.01,389.26,382.08,27.07,70.41,2,2,32
28.24,2.024,2.044,4.331,379.57,379.07,380.43,26.8,61.21,0,0,175
24.99,2.353,2.906,4.011,379.42,379.73,378.95,27.5,57.27,0,0,140
27.18,2.766,3.367,3.529,381.18,379.45,382.88,28.27,79.98,0,0,164
26.86,4.592,2.279,2.523,379.77,383.52,378.35,28.42,54.64,0,0,157
30.16,3.546,2.783,2.757,379.19,382.24,382.4,27.83,59.71,0,0,122
26.55,4.359,2.429,4.457,379.48,379.9,378.04,29.07,59.01,0,0,122
28.68,3.906,2.324,4.91,379.81,378.66,382.9,28.18,60.72,0,0,147
56.72,9.744,10.376,10.27,382.9,369.54,378.12,26.52,62.82,3,3,21
29.7,4.909,4.644,3.391,380.59,381.29,378.61,26.08,60.61,0,0,152
34.45,8.451,7.436,7.777,376.75,388.61,390.28,26.5,73.18,2,2,50
27.7,2.182,4.116,3.137,385.04,379.38,381.7,29.27,70.82,0,0,140
35.84,6.871,6.832,5.055,381.11,379.71,381.15,28.69,55.19,1,1,61
26.33,4.34,4.769,4.891,379.31,380.4,383.36,27.29,57.07,0,0,174
29.59,3.932,2.194,3.027,378.08,379.87,378.9,29.05,74.43,0,0,172
27.93,4.893,3.854,2.77,381.06,380.43,381.55,27.63,70.51,0,0,171
26.66,2.918,2.597,3.804,381.09,380.28,385.66,26.73,57.16,0,0,151
29.13,2.173,2.232,4.745,379.93,378.15,381.62,28.46,74.46,0,0,152
32.46,6.811,6.056,5.742,388.59,372.77,382.31,28.08,76.04,1,1,62
57.26,9.391,10.62,9.83,388.16,369.93,372.57,28.39,65.46,3,3,25
47.18,7.199,7.749,7.5,387.88,377.88,385.43,28.42,57.14,2,2,40
35.35,6.09,5.818,6.083,379.91,371.22,376.48,28.21,58.2,1,1,97
28.1,2.893,3.278,2.935,380.12,378.05,380.61,28.01,57.17,0,0,146
28.12,4.733,4.769,4.564,378.43,380.16,379.64,29.02,63.76,0,0,163
30.84,3.177,2.407,2.816,380.66,380.58,377.21,30.03,73.29,0,0,154
29.68,4.417,2.84,3.624,379.05,381.64,378.31,28.16,72.0,0,0,155
28.58,2.044,2.373,3.27,380.86,380.65,378.93,27.57,67.02,0,0,156
28.13,2.922,4.661,3.6,381.22,380.24,379.29,29.52,63.47,0,0,125
27.76,3.189,2.123,3.96,380.04,382.49,381.15,28.99,70.65,0,0,128
30.34,2.966,4.703,3.355,381.31,380.04,380.12,28.67,74.21,0,0,150
37.16,8.176,8.2,8.363,377.07,361.09,392.14,29.13,74.31,2,2,30
46.58,8.864,7.772,8.11,377.69,349.19,362.54,27.45,59.32,2,2,54
28.35,4.099,4.798,4.715,380.36,381.76,380.22,27.26,52.02,0,0,141
59.04,10.394,9.606,9.443,393.2,397.3,390.42,27.97,60.62,3,3,22
71.26,11.072,11.875,11.309,381.0,421.98,374.03,29.51,66.6,4,4,4
28.17,2.011,3.505,3.797,378.34,378.69,381.56,26.57,69.47,0,0,166
31.03,4.265,3.218,2.984,382.65,379.7,381.97,27.83,72.1,0,0,162
27.6,4.514,4.585,2.81,377.66,381.4,381.74,28.28,55.05,0,0,174
60.29,10.505,10.635,9.615,391.19,353.69,377.85,29.44,77.29,3,3,25
56.73,9.487,10.159,9.963,371.2,399.76,368.88,29.6,53.21,3,3,14
31.02,2.38,3.836,3.793,380.77,379.41,377.84,29.04,53.34,0,0,174
26.24,4.639,3.444,3.718,378.84,380.32,375.17,28.44,78.37,0,0,164
29.09,6.814,5.237,5.079,374.87,375.19,387.74,27.73,63.98,1,1,71
28.83,2.273,3.145,3.271,380.48,377.33,378.16,29.02,77.93,0,0,121
27.44,4.243,4.444,4.634,380.65,380.03,381.61,28.03,64.2,0,0,154
44.27,8.925,8.803,8.595,378.65,373.91,384.18,27.71,71.75,2,2,38
31.61,6.801,6.369,5.747,374.09,377.11,385.06,29.33,77.53,1,1,116
44.12,7.715,7.924,8.797,358.34,371.97,358.56,26.6,76.87,2,2,46
43.31,8.513,8.211,8.461,372.22,377.48,360.87,26.59,57.5,2,2,34
38.51,5.419,5.803,5.387,378.25,375.31,374.73,28.32,64.1,1,1,114
26.34,3.744,3.881,4.646,379.29,377.88,377.77,24.48,62.3,0,0,126
32.54,6.059,5.464,5.23,383.58,380.58,382.11,27.25,64.37,1,1,65
27.7,2.628,2.758,3.357,379.36,380.18,378.59,28.45,55.14,0,0,158
35.44,5.834,6.151,5.901,373.24,388.49,375.78,28.79,67.17,1,1,107
27.08,4.942,4.868,4.321,380.02,379.8,378.72,26.84,66.36,0,0,146
33.64,5.956,5.633,6.034,373.2,373.75,381.46,26.3,55.89,1,1,110
27.88,2.675,3.261,2.988,378.89,383.5,380.59,27.63,51.35,0,0,151
25.9,2.983,4.661,2.27,380.37,380.34,381.92,27.5,63.81,0,0,146
27.64,4.985,2.056,4.088,381.88,380.15,381.69,29.18,78.64,0,0,122
26.48,3.526,3.523,2.352,382.1,379.35,378.3,29.8,52.7,0,0,131
34.69,5.722,6.222,5.204,388.01,386.38,378.24,28.42,63.2,1,1,97
39.93,6.894,6.781,6.319,380.6,383.93,378.34,29.2,58.4,1,1,62
27.92,2.116,3.073,2.449,380.58,378.82,379.43,28.89,55.29,0,0,169
28.5,3.025,2.506,4.72,379.19,376.63,380.25,28.95,74.73,0,0,120
27.2,2.323,3.631,2.306,380.75,378.91,381.44,27.34,66.8,0,0,129
27.53,2.734,2.445,2.68,380.05,376.66,378.61,27.81,66.18,0,0,132
28.74,3.505,4.004,4.945,377.69,381.34,377.75,26.81,68.96,0,0,164
49.08,9.09,10.178,10.449,361.95,370.83,379.37,26.51,57.09,3,3,27
28.85,4.681,2.201,2.629,378.65,381.28,381.11,30.35,76.89,0,0,130
29.46,4.828,4.18,3.044,384.82,379.57,380.97,29.01,74.44,0,0,139
29.17,2.874,4.288,2.369,381.47,380.39,378.17,29.69,62.67,0,0,146
26.83,3.636,3.783,2.454,379.2,379.85,380.08,26.81,63.68,0,0,176
28.88,4.645,4.192,4.857,382.0,376.89,377.03,27.57,50.88,0,0,165
32.19,6.005,6.793,6.591,373.23,378.96,376.01,29.14,54.84,1,1,66
26.64,4.357,3.412,3.341,379.94,374.23,379.31,26.04,71.57,0,0,169
26.71,4.146,2.116,2.348,380.11,380.15,377.75,27.63,74.68,0,0,170
25.77,3.647,3.787,3.772,375.82,378.76,378.18,27.73,70.98,0,0,143
27.55,3.769,3.367,2.79,379.85,380.22,379.64,27.91,72.43,0,0,135
29.81,3.883,2.011,3.141,378.59,378.09,378.58,28.39,78.6,0,0,130
74.52,11.166,11.461,11.743,396.77,353.98,315.36,27.02,54.66,4,4,3
38.06,5.095,6.974,6.394,383.15,375.6,377.75,29.02,78.66,1,1,84
36.35,6.747,6.977,5.951,377.88,370.34,380.56,30.23,76.6,1,1,90
28.58,2.177,4.96,4.903,380.0,381.23,379.35,25.76,77.08,0,0,128
26.42,3.417,3.254,3.919,381.31,375.54,379.34,27.97,65.79,0,0,175
28.58,3.56,2.085,3.198,378.09,380.56,382.9,28.37,57.57,0,0,163
31.56,6.269,5.634,5.696,377.53,372.4,377.57,27.09,73.65,1,1,105
32.53,5.651,6.42,5.477,383.82,383.34,375.21,29.24,53.72,1,1,66
26.48,3.711,4.081,2.006,382.19,383.38,377.62,28.29,52.83,0,0,133
25.24,4.002,3.648,4.78,380.72,379.93,378.9,26.05,56.85,0,0,177
29.55,4.545,2.164,3.402,385.21,378.17,380.65,27.74,60.61,0,0,140
51.55,10.628,9.811,9.98,377.05,381.27,354.01,27.25,79.02,3,3,8
32.81,6.286,5.334,5.976,382.03,373.95,374.56,27.43,73.75,1,1,82
28.31,4.532,4.716,3.631,379.41,382.02,381.57,28.5,75.6,0,0,164
27.62,2.39,4.79,2.031,378.88,381.64,379.56,26.66,68.58,0,0,169
35.22,5.429,6.942,5.614,380.72,379.57,365.64,27.44,71.37,1,1,69
29.25,4.486,3.124,4.087,380.57,379.93,381.36,27.54,79.16,0,0,124
27.72,3.994,4.353,2.073,382.35,380.48,380.09,27.92,57.85,0,0,132
29.96,2.884,2.13,4.373,378.78,385.2,379.64,29.15,50.4,0,0,154
30.57,6.518,5.716,6.913,373.8,394.49,382.21,28.26,58.38,1,1,101
28.17,2.528,3.13,2.794,382.85,381.32,378.39,27.81,51.24,0,0,147
24.49,3.64,4.214,2.848,377.12,382.78,379.36,26.9,56.38,0,0,121
61.9,10.733,9.636,9.089,367.67,371.48,394.75,26.44,78.52,3,3,10
26.83,4.698,2.259,2.781,378.85,384.11,377.37,29.04,52.95,0,0,155
30.26,3.998,3.343,4.121,378.46,380.58,378.07,27.5,74.66,0,0,158
23.61,4.683,2.03,3.96,380.57,377.61,383.09,27.22,77.13,0,0,165
30.5,3.77,4.239,3.295,378.55,379.77,379.06,28.27,62.97,0,0,147
45.01,8.104,8.05,7.632,388.0,370.18,390.17,28.13,52.91,2,2,45
29.19,4.399,2.768,3.658,376.79,380.12,379.52,27.68,59.18,0,0,129
27.25,2.861,2.392,2.318,379.95,376.66,378.97,29.04,51.29,0,0,131
35.09,6.014,5.102,5.914,386.81,383.59,379.13,27.81,74.06,1,1,92
33.75,6.917,5.603,6.781,384.68,387.87,370.03,30.37,51.62,1,1,89
33.42,6.78,5.488,6.34,380.95,387.07,378.25,26.91,69.27,1,1,76
27.41,3.47,2.428,2.356,381.82,380.67,381.9,29.71,56.9,0,0,132
29.8,3.12,2.152,3.763,383.16,379.51,379.4,26.6,68.42,0,0,150
36.33,6.888,6.943,6.544,382.9,375.29,376.42,26.2,55.17,1,1,73
29.96,4.351,3.527,2.442,384.76,381.04,379.03,30.37,60.52,0,0,177
41.02,8.103,7.105,8.558,367.04,383.39,366.69,29.76,79.06,2,2,41
49.03,8.506,7.353,7.934,370.39,385.28,382.94,28.07,68.17,2,2,57
46.87,8.659,8.858,8.459,352.85,372.29,391.15,25.37,79.38,2,2,50
27.59,4.837,3.178,4.383,377.4,381.38,379.78,28.2,53.22,0,0,157
27.77,3.085,4.021,3.897,378.88,380.07,371.07,29.4,75.0,0,0,158
45.18,8.234,8.744,7.807,381.67,375.46,386.43,29.25,77.68,2,2,39
27.26,4.879,4.086,3.197,381.52,378.11,378.44,27.08,78.0,0,0,155
27.51,3.759,4.964,2.522,378.05,380.23,381.98,28.06,61.3,0,0,141
41.01,8.317,7.218,8.907,372.07,369.59,369.54,26.95,55.93,2,2,30
60.27,10.9,10.108,9.69,385.05,417.84,389.76,28.5,53.03,3,3,14
28.39,4.939,4.389,2.987,382.84,377.0,379.19,28.81,60.26,0,0,172
30.27,4.47,2.315,2.428,383.24,378.46,378.03,29.43,57.26,0,0,143
28.67,2.594,4.148,4.126,381.54,379.68,382.18,29.08,77.15,0,0,170
45.03,8.029,7.102,8.195,369.06,373.81,382.43,26.7,67.82,2,2,36
51.43,10.882,9.243,10.348,373.35,385.46,358.88,30.73,78.5,3,3,23
29.58,2.162,4.281,2.698,378.51,379.54,382.73,27.76,77.0,0,0,178
27.68,4.991,2.265,4.136,377.37,377.06,382.94,26.66,75.58,0,0,177
47.89,10.458,10.409,9.559,384.27,397.94,396.34,27.84,75.51,3,3,8
25.95,3.644,4.832,3.955,382.0,381.18,379.65,28.04,66.94,0,0,169
29.4,2.252,3.096,2.469,385.25,382.68,381.33,28.37,57.06,0,0,178
71.35,11.105,11.565,11.709,430.22,358.07,385.45,27.54,69.82,4,4,2
23.37,2.704,2.842,4.053,379.35,380.05,382.16,29.53,78.76,0,0,163
36.64,5.534,6.742,6.781,373.07,385.58,373.17,27.69,51.86,1,1,111
28.5,4.136,4.168,2.531,377.56,381.86,378.29,26.84,79.2,0,0,173
27.43,3.361,4.95,4.771,381.62,379.89,380.77,28.31,66.77,0,0,162
44.01,7.092,8.782,7.698,392.41,366.33,367.74,29.35,55.18,2,2,31
26.28,4.334,2.758,2.929,375.42,377.76,381.76,27.77,66.91,0,0,144
66.41,11.506,11.655,11.298,366.67,416.34,389.2,27.43,60.93,4,4,2
40.07,6.663,5.396,6.14,384.03,376.01,383.19,27.78,56.38,1,1,97
31.2,2.086,2.797,3.372,380.94,380.77,382.67,27.61,52.38,0,0,169
30.21,4.313,3.958,3.193,377.43,386.9,376.4,30.05,56.61,0,0,128
31.17,2.353,3.631,2.36,377.85,378.95,381.4,28.39,77.37,0,0,155
29.52,4.837,4.577,3.209,380.34,378.88,384.36,28.04,61.73,0,0,137
25.45,3.918,3.543,2.55,379.75,382.74,379.45,27.71,60.27,0,0,170
27.83,2.792,4.748,2.804,382.64,376.74,380.28,27.0,64.45,0,0,164
28.66,4.097,2.925,4.007,376.96,384.03,380.62,28.64,65.4,0,0,145
30.94,5.289,6.584,5.256,377.63,372.65,371.42,27.54,68.91,1,1,77
38.38,5.998,6.039,6.476,373.21,383.45,374.43,27.03,78.18,1,1,116
34.55,5.02,6.105,6.827,382.31,381.19,375.06,27.98,58.82,1,1,63
28.66,4.309,2.541,2.73,378.71,380.81,381.19,29.05,50.72,0,0,145
27.96,3.08,3.676,2.198,378.91,378.65,380.27,26.24,75.99,0,0,177
30.26,6.516,5.115,5.134,369.26,387.6,384.38,27.33,65.4,1,1,87
29.01,2.711,2.076,4.335,381.99,380.53,378.01,28.15,74.2,0,0,169
28.84,2.363,2.806,2.976,380.03,381.14,376.11,27.5,68.02,0,0,173
49.99,8.704,7.573,7.157,365.66,377.14,366.09,27.2,78.43,2,2,38
37.44,7.848,7.007,8.876,376.66,360.04,357.67,29.15,57.49,2,2,48
26.69,3.634,2.573,2.438,382.17,380.16,381.45,26.39,63.93,0,0,151
28.71,3.874,4.608,2.009,379.66,379.76,381.97,28.41,53.66,0,0,123
42.67,8.614,8.956,8.253,382.49,381.54,372.49,29.07,59.96,2,2,54
30.39,6.585,5.95,5.679,375.81,379.18,372.4,27.88,78.28,1,1,90
50.7,7.398,7.221,8.102,365.47,359.26,388.69,29.23,60.73,2,2,57
42.91,8.843,7.226,8.863,369.29,393.04,372.73,27.87,58.21,2,2,35
45.63,8.139,8.56,8.626,383.82,369.8,364.56,28.45,61.09,2,2,41
26.86,3.627,3.814,4.51,379.93,378.32,379.38,28.72,75.72,0,0,145
27.13,4.406,2.164,4.803,380.16,379.88,377.04,26.43,65.25,0,0,161
32.99,5.534,5.205,6.598,377.48,381.23,383.26,28.69,69.69,1,1,97
39.87,6.758,5.592,6.498,386.34,376.37,380.84,26.93,52.19,1,1,64
31.2,6.429,5.862,5.409,392.44,379.81,378.5,27.7,53.66,1,1,79
26.63,4.17,4.497,2.764,381.8,379.25,379.35,28.5,67.29,0,0,133
28.49,4.69,2.079,2.761,379.34,382.65,381.46,27.36,64.02,0,0,153
47.89,9.134,10.479,10.641,408.29,378.23,373.46,29.38,70.79,3,3,17
40.57,6.934,5.781,6.113,383.82,388.23,387.71,26.59,66.87,1,1,64
58.4,9.603,10.495,10.212,385.71,392.56,380.08,29.4,78.8,3,3,18
41.47,8.836,8.961,7.19,359.81,363.04,368.4,27.58,55.31,2,2,53
34.37,6.868,5.329,6.447,378.79,374.12,371.08,28.14,58.24,1,1,111
34.03,6.93,6.211,6.29,378.4,378.7,383.99,28.05,68.49,1,1,81
60.3,9.632,10.751,10.54,399.39,417.43,383.7,27.24,79.69,3,3,7
33.59,6.128,5.749,5.429,380.7,382.48,380.7,28.29,59.86,1,1,106
36.56,5.158,6.103,6.008,378.83,375.12,378.43,28.42,54.22,1,1,78
28.7,4.004,4.237,2.154,380.26,378.31,382.93,27.07,71.97,0,0,147
26.69,3.645,4.696,4.065,379.11,379.95,381.76,27.18,64.96,0,0,141
34.39,5.381,5.711,5.641,395.93,370.5,384.87,28.27,78.62,1,1,62
25.27,2.728,2.588,3.975,383.09,379.37,382.18,27.81,69.09,0,0,144
27.62,3.406,4.596,2.855,380.92,375.55,384.43,26.15,50.89,0,0,127
27.09,4.776,4.389,4.652,378.28,382.55,379.53,28.63,79.9,0,0,149
28.9,2.723,2.181,2.849,381.13,378.28,377.67,26.66,62.4,0,0,139
27.61,2.438,3.933,3.687,380.05,378.76,378.53,27.29,54.0,0,0,163
27.72,2.035,4.996,4.359,381.31,381.69,378.24,27.97,66.24,0,0,120
60.83,9.082,10.409,10.311,372.06,375.15,377.31,28.83,56.86,3,3,9
27.32,3.136,3.878,3.689,382.74,381.8,381.86,28.89,59.88,0,0,133
26.83,4.866,2.255,4.314,379.75,378.58,380.13,27.6,57.24,0,0,168
26.76,3.109,2.429,4.258,379.92,382.43,379.76,27.84,63.58,0,0,120
33.61,5.451,5.952,5.1,378.45,380.78,384.98,29.13,61.98,1,1,111
28.54,4.194,2.414,2.53,378.27,383.95,378.58,27.08,79.73,0,0,176
46.15,8.668,7.941,8.577,389.8,377.83,380.67,29.47,74.71,2,2,45
35.98,5.147,6.406,5.798,382.03,385.95,391.73,27.89,79.65,1,1,75
43.51,7.954,8.541,8.084,381.6,370.39,372.81,28.23,71.89,2,2,56
29.42,4.862,4.552,3.976,376.84,385.29,381.44,28.6,64.0,0,0,165
36.66,5.401,6.642,6.899,381.27,375.68,378.59,28.11,75.52,1,1,93
28.5,2.387,4.27,3.806,378.43,379.17,377.99,25.94,68.58,0,0,139
59.61,10.325,10.678,10.537,367.9,364.51,386.33,29.76,79.4,3,3,12
32.6,6.988,5.144,6.107,375.89,382.97,379.36,29.31,64.11,1,1,100
28.38,2.399,3.559,3.91,381.26,379.41,381.07,29.26,77.74,0,0,157
28.9,3.907,3.262,3.266,382.44,384.76,380.11,30.25,52.66,0,0,149
29.38,3.627,3.77,3.843,381.58,380.61,378.56,28.53,67.07,0,0,176
36.56,6.923,6.464,5.662,384.41,391.15,386.3,28.32,70.11,1,1,95
28.0,3.939,2.518,3.104,383.44,379.26,377.79,29.36,54.18,0,0,179
33.63,5.505,5.247,5.853,387.91,374.0,381.62,28.85,71.33,1,1,87
27.21,4.723,2.24,3.508,380.24,382.51,380.1,27.81,60.65,0,0,162
39.31,6.632,5.861,6.826,382.52,378.53,375.17,26.98,61.77,1,1,107
40.05,7.182,8.765,8.385,368.59,393.83,396.03,27.27,78.02,2,2,42
47.28,7.796,8.245,8.637,381.69,366.86,380.59,26.4,70.73,2,2,50
47.08,7.08,7.863,8.261,372.85,379.01,372.51,28.74,57.8,2,2,41
25.51,2.27,2.617,4.741,381.02,380.46,379.87,29.16,56.81,0,0,151
29.88,3.795,2.568,4.376,383.62,377.86,374.85,28.11,62.89,0,0,177
35.47,6.681,5.543,6.341,376.43,382.36,379.7,27.74,76.91,1,1,62
26.74,2.989,3.882,3.444,380.38,382.38,381.46,28.38,63.62,0,0,156
27.97,4.799,4.932,3.162,379.0,378.48,377.35,27.87,64.44,0,0,145
28.74,2.308,4.778,2.26,379.62,377.24,381.31,29.36,67.07,0,0,152
25.68,2.181,2.186,2.915,377.64,380.87,379.8,28.64,51.14,0,0,165
30.16,3.423,4.621,4.501,379.41,377.23,378.36,27.59,56.54,0,0,178
65.78,9.087,10.078,9.253,387.38,371.76,365.13,27.18,60.36,3,3,27
29.4,2.327,4.348,3.319,383.34,378.46,380.06,27.88,65.11,0,0,158
31.62,5.61,5.329,6.423,384.01,372.84,380.36,25.97,64.67,1,1,96
28.99,4.441,3.271,3.42,379.18,378.19,377.98,27.65,65.33,0,0,165
36.53,5.542,6.561,6.554,379.67,382.85,378.66,28.4,52.77,1,1,115
30.35,3.058,4.098,4.646,376.83,381.3,382.47,27.7,58.79,0,0,152
46.8,10.868,10.815,9.312,388.32,393.23,379.49,28.44,60.53,3,3,20
43.24,10.288,9.714,10.431,360.98,379.96,393.79,28.16,64.86,3,3,12
28.92,4.004,4.108,2.516,381.67,381.87,382.29,28.99,64.82,0,0,127
58.83,9.32,10.578,9.097,376.34,364.1,395.56,26.69,75.66,3,3,26
64.66,11.769,11.523,11.664,378.99,384.78,419.76,30.42,69.91,4,4,3
49.59,7.883,7.26,7.682,377.36,367.54,379.2,27.01,66.42,2,2,48
40.16,8.81,8.676,7.464,401.17,382.58,382.91,27.98,75.97,2,2,53
26.94,4.794,4.605,3.878,382.0,379.54,382.89,27.56,75.06,0,0,122
28.56,5.202,6.263,6.355,383.55,380.47,388.3,29.26,58.76,1,1,73
26.47,3.043,2.119,3.645,380.24,381.73,379.29,27.58,76.46,0,0,124
26.99,4.567,2.192,2.868,379.44,380.82,378.92,29.56,56.83,0,0,144
61.89,11.489,11.19,11.594,378.38,379.7,339.39,27.48,58.18,4,4,2
28.66,2.236,2.407,2.752,378.81,378.75,378.49,26.98,73.99,0,0,129
32.59,5.187,5.685,6.948,372.48,379.78,380.31,28.97,75.99,1,1,78
45.95,7.115,7.722,8.342,374.43,371.83,378.29,29.58,58.91,2,2,43
45.76,7.763,7.823,7.702,382.07,385.81,376.56,27.75,52.57,2,2,44
73.33,11.466,11.076,11.085,438.72,306.14,425.51,28.93,53.66,4,4,2
29.47,4.445,3.877,2.542,381.56,380.29,380.21,28.97,67.1,0,0,131
28.21,2.57,4.924,4.656,376.77,379.64,381.3,27.41,79.75,0,0,141
27.95,4.577,3.591,3.358,380.03,381.55,381.46,30.34,62.38,0,0,176
28.69,2.449,4.994,3.595,382.5,378.09,377.34,28.6,54.63,0,0,129
27.74,3.691,2.454,2.838,379.53,381.41,379.41,28.75,52.5,0,0,149
28.08,2.326,4.983,4.914,379.82,383.11,376.6,28.04,65.16,0,0,125
36.57,7.214,7.837,8.972,376.15,372.33,399.6,29.5,56.08,2,2,46
29.3,5.787,6.372,5.824,381.12,383.94,379.78,26.79,69.7,1,1,94
29.49,3.23,3.72,2.456,375.34,380.16,377.92,28.36,62.46,0,0,133
39.12,6.293,5.287,6.446,380.7,389.61,384.39,27.35,71.87,1,1,97
28.52,4.561,2.734,3.386,382.04,383.73,382.25,26.7,55.87,0,0,146
29.36,2.82,2.879,4.219,380.75,379.02,375.29,28.48,59.89,0,0,152
46.66,8.418,7.277,7.508,370.45,384.69,373.46,29.8,70.33,2,2,53
34.4,6.132,6.992,5.435,374.88,378.92,382.87,27.14,60.23,1,1,96
46.87,8.147,8.924,8.817,373.51,372.6,381.09,27.79,55.54,2,2,49
27.23,4.359,4.159,3.494,383.57,379.19,379.64,27.38,77.79,0,0,132
38.15,7.414,7.503,8.975,389.13,369.36,400.65,29.03,66.0,2,2,42
33.6,5.318,6.228,6.359,378.76,377.21,385.78,26.54,73.05,1,1,76
37.98,6.388,6.709,6.614,387.2,389.8,376.01,28.03,50.9,1,1,63
30.88,5.567,6.214,5.709,375.96,387.71,383.27,27.23,78.67,1,1,89
47.49,7.774,7.596,7.265,381.71,386.46,376.69,26.86,77.64,2,2,49
34.6,6.936,6.465,6.699,378.99,376.35,383.61,26.12,52.04,1,1,106
36.21,5.566,5.549,6.806,384.76,382.36,383.06,27.5,62.82,1,1,68
71.95,11.745,11.574,11.554,371.25,370.61,370.98,28.06,67.77,4,4,5
51.96,8.944,7.864,7.919,381.64,380.79,376.44,28.47,68.34,2,2,40
27.55,4.875,3.019,3.205,381.17,383.29,385.07,28.94,63.75,0,0,122
36.65,5.55,5.974,5.215,365.76,381.32,382.53,28.15,55.71,1,1,113
27.21,3.542,2.309,4.483,378.93,382.63,380.39,29.33,52.53,0,0,173
28.32,3.821,2.711,3.488,379.61,379.82,381.77,27.8,66.59,0,0,172
36.18,5.97,6.336,6.956,380.03,381.66,378.66,27.34,76.1,1,1,90
50.77,10.395,9.377,9.182,370.8,382.95,375.57,26.75,62.94,3,3,25
50.45,10.495,9.019,10.99,402.91,365.62,371.39,27.58,58.01,3,3,10
29.3,3.953,2.619,2.648,377.18,380.09,380.15,27.04,70.97,0,0,151
26.56,2.13,4.462,3.958,379.07,381.18,379.65,29.18,68.24,0,0,139
27.25,3.089,4.756,3.5,380.13,378.12,381.85,27.31,60.16,0,0,151
72.49,11.606,11.877,11.636,355.46,404.21,355.14,28.59,54.57,4,4,2
67.76,11.264,11.439,11.604,354.34,363.61,377.66,27.18,70.64,4,4,4
34.63,5.997,6.682,5.293,377.03,390.55,387.86,26.04,56.98,1,1,79
40.31,7.594,7.771,7.555,379.54,358.41,370.69,28.2,65.41,2,2,46
35.63,5.934,5.14,5.395,380.31,384.81,380.17,28.18,55.67,1,1,98
36.64,6.424,6.062,6.003,375.82,378.6,373.65,27.16,61.79,1,1,114
27.87,2.968,3.174,3.463,379.52,377.37,382.37,27.45,76.41,0,0,130
30.35,2.135,2.282,3.863,380.87,378.01,381.26,27.62,55.2,0,0,176
25.88,6.255,6.616,6.674,387.69,379.5,382.48,28.13,57.94,1,1,117
29.19,6.794,6.937,5.82,380.53,381.03,377.29,28.36,72.76,1,1,113
26.97,3.413,2.832,2.929,377.69,378.64,382.99,27.44,64.66,0,0,121
46.27,10.561,10.485,10.908,381.4,425.33,386.59,26.55,57.72,3,3,9
27.24,4.298,4.788,2.217,377.04,378.5,378.93,26.92,73.02,0,0,169
25.35,2.518,4.803,2.677,378.15,378.14,377.56,28.24,62.65,0,0,165
38.05,5.164,6.15,5.787,391.47,378.56,381.86,28.11,76.11,1,1,89
30.72,6.979,6.368,5.75,381.74,380.48,378.81,28.92,52.97,1,1,111
37.91,5.3,6.576,6.118,377.74,382.31,386.61,25.31,77.15,1,1,117
28.3,4.11,3.482,2.44,381.59,377.17,382.55,25.79,74.87,0,0,161
26.94,4.513,2.352,4.437,380.32,385.72,380.5,27.58,73.56,0,0,125
39.18,6.378,6.035,6.475,377.64,381.26,381.63,28.43,63.74,1,1,111
29.52,6.132,6.144,6.404,380.9,378.47,393.03,28.6,63.48,1,1,98
25.94,4.986,4.005,2.222,378.7,381.26,381.52,27.46,51.44,0,0,134
36.35,6.212,5.821,6.818,374.76,371.19,387.18,28.13,63.98,1,1,107
29.43,4.291,3.711,3.442,377.28,378.72,378.95,27.41,55.77,0,0,156
36.17,5.253,5.013,6.324,376.48,377.7,379.95,25.98,74.0,1,1,61
36.67,7.867,7.66,7.883,386.52,373.0,391.51,26.38,51.77,2,2,34
24.37,4.772,4.541,3.194,378.48,382.15,380.25,29.75,67.83,0,0,126
28.69,3.032,4.722,2.838,379.48,378.02,380.56,27.88,68.22,0,0,125
45.88,8.448,7.453,7.815,385.88,370.76,368.18,29.32,64.93,2,2,43
32.39,5.272,5.819,6.073,380.07,379.72,373.04,28.11,64.12,1,1,110
33.88,5.55,6.941,5.11,373.85,370.85,375.67,28.7,79.24,1,1,90
43.63,7.135,8.471,8.194,371.6,391.54,381.09,27.98,62.15,2,2,56
48.09,8.301,8.874,7.098,377.5,374.75,382.74,26.48,67.47,2,2,40
76.09,11.522,11.827,11.544,382.9,327.74,358.48,29.17,73.55,4,4,5
28.08,2.471,2.736,4.015,379.86,380.53,380.96,27.65,70.74,0,0,154
27.88,3.838,3.158,2.782,379.15,378.73,381.91,26.09,72.57,0,0,152
28.5,4.412,2.198,2.578,379.61,381.83,377.45,27.91,55.56,0,0,169
28.82,4.511,3.307,3.369,381.48,379.97,375.68,27.79,65.93,0,0,174
39.33,5.511,6.568,6.587,384.47,380.58,381.23,27.67,64.37,1,1,75
26.58,2.192,4.933,3.927,379.6,383.13,379.43,28.87,74.09,0,0,122
47.11,9.266,10.304,9.065,384.43,372.1,377.1,26.82,72.61,3,3,11
31.24,6.774,5.497,5.188,382.57,379.19,370.44,27.41,54.11,1,1,66
32.64,5.763,6.973,5.322,382.35,385.12,372.38,28.01,51.7,1,1,64
27.63,2.041,3.425,2.348,381.2,381.98,378.67,26.87,53.0,0,0,150
25.8,2.004,3.726,2.905,377.59,380.62,379.2,28.59,59.9,0,0,168
29.76,2.31,2.414,4.147,380.14,379.54,378.69,27.78,50.98,0,0,134
29.36,3.67,2.624,2.705,380.96,378.76,380.22,27.15,68.21,0,0,122
27.79,3.746,2.966,3.839,377.62,382.12,380.77,27.78,56.67,0,0,137
34.29,5.522,6.129,5.655,382.75,378.1,386.28,30.23,60.06,1,1,107
54.17,9.922,10.53,10.005,360.81,356.73,376.8,26.64,60.63,3,3,8
54.48,9.031,9.333,9.671,364.04,382.34,393.55,28.46,54.87,3,3,25
32.76,6.716,5.96,6.82,381.85,373.21,384.49,27.91,78.88,1,1,70
30.03,5.0,4.402,2.775,378.48,378.34,380.74,29.21,74.95,0,0,121
48.44,7.837,8.668,7.189,387.98,381.34,379.85,27.7,78.64,2,2,57
50.59,10.903,10.119,10.271,390.87,367.5,397.87,28.82,62.63,3,3,25
31.24,4.289,4.481,3.272,383.03,380.74,380.44,26.68,78.94,0,0,160
37.28,6.649,5.219,6.497,386.36,376.27,377.83,28.38,65.0,1,1,118
25.82,4.947,2.596,3.7,379.82,381.76,378.22,28.82,78.11,0,0,133
41.98,8.813,8.769,8.573,375.18,377.6,373.2,27.98,60.75,2,2,56
65.19,11.237,11.673,11.83,374.41,398.86,365.92,27.27,66.9,4,4,2
28.74,4.195,3.54,3.664,378.13,384.85,381.82,26.61,59.78,0,0,159
52.2,10.637,9.591,10.876,406.22,351.83,394.36,28.37,77.81,3,3,10
37.32,6.791,5.761,6.714,374.09,381.09,378.28,28.07,63.55,1,1,70
69.0,11.343,11.861,11.795,348.95,380.33,385.62,28.53,55.46,4,4,4
28.17,3.211,4.862,4.25,379.75,378.52,379.95,28.28,57.25,0,0,179
47.48,7.088,7.926,7.003,370.3,363.74,403.32,25.9,53.11,2,2,56
27.85,4.649,2.411,2.864,381.76,382.06,382.27,28.85,53.83,0,0,160
27.4,3.651,3.146,2.749,379.91,379.92,380.54,29.16,60.4,0,0,135
26.76,2.277,4.31,3.948,384.08,380.33,380.66,28.49,66.32,0,0,177
63.38,11.103,11.041,11.091,396.96,401.29,390.8,29.77,78.23,4,4,1
47.02,8.708,7.482,8.814,390.08,367.27,383.05,28.92,71.33,2,2,57
37.35,8.758,8.395,7.447,384.49,393.3,387.39,27.61,59.29,2,2,58
54.58,10.137,10.862,10.981,354.38,352.65,379.91,26.76,52.14,3,3,9
25.45,4.809,4.213,3.699,379.6,380.79,384.07,29.62,65.55,0,0,154
28.17,2.739,3.923,2.464,380.56,376.95,382.88,27.35,51.77,0,0,121
29.4,2.924,4.462,2.17,374.7,380.82,381.34,28.46,70.1,0,0,120
29.08,3.489,3.408,3.382,380.38,377.73,381.96,26.47,77.79,0,0,130
28.74,3.383,4.933,4.551,383.07,378.19,383.04,26.31,72.78,0,0,162
27.89,4.779,2.639,4.397,377.81,380.97,383.14,29.5,51.99,0,0,170
28.17,2.999,2.705,2.359,383.89,379.26,376.34,26.1,75.5,0,0,167
26.03,2.004,4.557,2.544,378.33,377.28,378.55,29.93,51.78,0,0,142
26.27,3.971,3.346,4.332,377.69,377.37,378.91,27.42,64.29,0,0,163
27.68,3.713,3.834,2.221,384.28,379.54,379.11,28.18,78.88,0,0,153
66.77,11.7,11.987,11.825,357.05,359.06,382.71,27.74,57.76,4,4,5
42.75,7.777,8.675,7.301,369.18,371.22,370.52,26.61,79.99,2,2,42
71.46,11.189,11.118,11.839,412.49,375.19,416.57,28.89,61.83,4,4,4
29.01,4.067,3.167,2.492,382.33,375.79,380.23,27.66,61.84,0,0,122
28.16,4.432,3.607,3.195,381.08,380.82,379.31,28.31,61.77,0,0,126
46.29,7.659,8.477,7.052,378.34,391.15,399.15,27.34,79.95,2,2,53
27.63,4.653,3.355,2.82,380.53,377.57,381.2,27.57,77.89,0,0,138
27.58,2.639,4.247,2.612,379.74,378.36,382.26,28.55,77.34,0,0,127
29.0,3.986,3.679,4.608,378.98,377.76,382.55,27.2,62.2,0,0,165
29.94,4.718,4.258,2.069,377.18,381.64,382.62,29.03,70.2,0,0,125
28.16,3.493,4.837,2.397,378.4,378.94,378.6,29.07,58.16,0,0,136
27.42,4.582,2.024,4.804,378.92,383.04,381.41,28.13,61.79,0,0,146
35.54,6.675,6.241,5.633,382.8,375.67,383.8,25.66,66.58,1,1,101
27.21,2.494,4.914,4.515,379.69,380.76,378.27,28.27,64.37,0,0,123
28.2,2.412,3.166,3.863,381.9,378.12,379.79,29.57,56.26,0,0,141
51.1,7.873,8.38,7.619,384.19,369.35,381.82,27.23,61.83,2,2,38
26.4,2.716,3.761,4.94,381.17,380.4,378.24,27.29,50.84,0,0,163
27.89,2.143,4.267,3.335,379.05,381.68,377.21,29.35,77.88,0,0,151
46.93,7.636,7.181,8.604,382.14,384.74,392.15,28.79,59.17,2,2,30
26.72,4.299,2.376,3.009,379.97,378.39,378.21,29.49,67.07,0,0,161
27.82,2.207,3.38,3.375,376.24,380.03,379.03,27.55,71.27,0,0,178
29.86,4.263,2.617,4.581,379.32,379.94,382.76,29.12,75.68,0,0,171
26.62,4.531,4.877,2.052,377.43,379.23,378.25,28.86,50.27,0,0,140
29.04,5.643,6.537,6.002,383.38,384.9,381.7,26.34,57.66,1,1,68
58.41,8.399,7.661,7.587,372.09,372.23,395.88,26.04,66.66,2,2,40
26.83,4.136,2.12,3.489,379.72,382.23,376.34,30.94,77.28,0,0,167
32.14,5.271,5.789,6.653,377.09,376.93,376.99,28.67,51.17,1,1,65
28.15,2.873,2.155,3.709,379.89,377.95,378.43,28.51,66.7,0,0,138
28.13,3.607,2.273,4.241,379.76,379.91,380.7,27.01,66.73,0,0,141
36.3,6.745,5.139,5.167,384.34,373.54,382.24,27.54,60.56,1,1,110
28.36,2.362,3.211,4.39,382.25,380.31,381.19,27.14,77.8,0,0,140
27.74,4.531,2.93,4.26,378.48,381.47,377.15,28.66,58.09,0,0,163
27.35,2.718,3.67,2.867,382.42,383.2,378.28,26.67,52.71,0,0,148
29.29,3.086,2.058,3.394,380.31,384.25,379.96,29.12,56.65,0,0,170
25.26,3.985,4.867,2.447,380.54,381.54,380.26,28.52,72.05,0,0,133
42.46,8.685,7.925,8.785,371.91,385.38,385.69,27.47,53.65,2,2,54
27.44,4.423,3.827,4.196,380.5,383.3,380.06,28.31,74.54,0,0,137
26.54,3.806,4.997,3.521,378.97,380.41,380.93,29.17,50.36,0,0,125
29.1,3.693,2.625,4.634,381.59,377.41,379.8,27.23,54.4,0,0,174
41.52,5.301,6.442,6.323,378.15,371.8,375.37,27.44,62.87,1,1,69
31.25,5.933,6.009,5.864,381.8,379.01,371.47,28.75,55.34,1,1,93
35.33,6.393,5.921,5.289,379.82,375.98,376.06,27.18,52.57,1,1,106
45.48,8.372,7.179,8.746,358.75,383.89,383.24,27.72,71.14,2,2,55
48.06,8.48,7.397,7.316,382.74,374.46,371.48,28.1,55.96,2,2,38
27.2,3.71,3.08,4.493,379.31,378.27,381.89,27.26,72.16,0,0,131
26.85,2.745,3.188,3.632,376.05,380.25,378.81,27.87,62.74,0,0,148
49.86,7.046,7.911,7.667,392.35,389.04,400.72,27.48,54.68,2,2,36
73.55,11.733,11.778,11.844,378.71,407.99,416.46,27.42,53.81,4,4,2
56.02,9.677,10.702,9.989,358.05,391.4,384.98,28.77,62.47,3,3,26
26.51,4.808,4.197,3.483,375.8,378.24,383.2,28.93,61.91,0,0,125
27.15,2.461,3.283,3.151,381.23,379.93,380.76,28.08,73.44,0,0,146
26.59,2.753,3.505,2.22,379.11,382.01,376.33,29.24,72.33,0,0,139
35.68,6.59,6.376,5.114,369.8,370.18,385.46,28.1,55.83,1,1,74
28.35,2.362,3.562,3.996,380.7,377.71,380.82,28.66,73.68,0,0,144
27.81,2.114,2.435,4.74,379.66,381.34,377.71,29.26,59.71,0,0,125
48.12,8.733,8.801,7.154,376.09,373.97,371.04,28.58,61.46,2,2,38
28.43,4.352,3.675,2.148,380.13,377.11,380.16,28.09,79.69,0,0,151
38.88,7.586,8.235,8.388,384.23,366.32,388.38,27.56,60.2,2,2,53
25.7,3.33,2.062,2.223,382.07,379.2,380.66,28.22,71.82,0,0,134
26.28,3.605,4.711,2.467,377.49,379.95,376.76,27.17,71.67,0,0,173
28.29,2.265,4.565,4.827,378.59,381.44,381.85,28.57,51.43,0,0,155
43.97,7.959,7.917,7.292,395.23,372.81,365.65,27.0,57.87,2,2,46
27.48,4.309,3.243,4.531,379.56,378.83,381.24,26.79,73.99,0,0,146
27.72,3.069,2.552,2.769,382.05,380.52,384.22,27.14,60.7,0,0,135
63.6,11.643,11.218,11.978,412.99,380.25,359.68,28.22,62.74,4,4,3
27.4,4.174,3.082,2.351,381.65,382.87,382.12,26.69,55.53,0,0,122
37.63,5.661,6.113,5.587,382.76,379.11,376.28,28.69,64.56,1,1,79
34.25,5.635,5.559,6.878,376.4,386.2,375.99,27.32,53.33,1,1,65
27.13,2.035,3.854,2.265,379.96,383.92,380.95,28.83,57.92,0,0,157
34.82,6.084,5.823,5.672,388.2,390.04,384.92,27.61,52.56,1,1,110
28.64,3.26,3.888,2.278,382.52,380.5,383.19,29.25,70.84,0,0,135
37.35,5.877,6.836,6.664,376.52,389.67,373.5,27.85,56.63,1,1,99
25.88,4.453,4.64,4.11,380.7,378.19,378.79,28.3,73.89,0,0,144
28.0,5.633,5.052,6.436,373.37,373.92,383.25,27.39,75.09,1,1,113
30.28,3.152,4.369,4.049,383.4,376.11,379.21,27.69,55.47,0,0,168
34.64,6.383,6.98,5.653,381.74,381.43,382.67,27.96,66.86,1,1,117
29.79,4.352,4.153,2.64,381.33,376.39,380.75,27.64,69.19,0,0,156
26.13,4.933,2.912,3.191,376.71,379.49,380.61,29.85,61.23,0,0,130
28.83,2.105,2.165,3.966,374.14,378.28,379.76,26.9,66.93,0,0,178
31.03,3.371,4.717,3.374,380.43,378.24,382.66,28.62,51.72,0,0,177
40.9,8.404,7.725,8.54,387.08,364.58,379.02,26.35,58.36,2,2,34
26.11,2.691,4.247,2.884,378.19,382.85,379.03,28.44,72.42,0,0,140
51.22,10.314,9.7,9.808,379.13,378.12,381.75,27.43,78.64,3,3,13
75.48,11.568,11.072,11.703,439.88,410.75,366.5,30.05,64.44,4,4,5
36.7,5.911,6.912,6.069,377.29,379.26,385.13,29.0,78.63,1,1,60
30.62,2.896,3.117,4.003,377.8,378.32,380.07,28.03,61.52,0,0,122
26.84,3.019,3.41,4.019,379.33,380.95,379.43,29.07,78.52,0,0,139
42.89,7.808,7.099,7.479,377.12,372.62,382.86,30.2,70.74,2,2,43
28.73,2.96,3.72,2.795,381.19,376.54,383.57,28.07,62.67,0,0,179
26.14,4.975,4.893,2.381,377.79,377.28,381.5,27.55,77.31,0,0,161
31.78,5.557,6.962,6.969,378.42,373.3,379.41,27.83,64.3,1,1,63
43.05,7.62,7.62,7.352,380.52,364.39,370.07,28.39,65.0,2,2,51
45.37,7.89,7.976,8.565,390.58,386.2,383.45,28.0,58.1,2,2,35
29.97,3.862,4.871,3.803,381.2,380.36,380.33,28.01,71.93,0,0,120
31.34,5.402,6.179,5.258,381.38,375.56,383.46,27.43,62.5,1,1,111
28.95,2.048,2.315,4.689,380.58,380.58,377.86,27.74,68.17,0,0,164
26.51,2.303,4.323,2.827,377.65,381.56,379.93,28.84,54.23,0,0,138
47.59,10.642,10.053,10.65,374.03,375.34,374.48,28.16,58.27,3,3,7
27.92,2.578,4.314,4.669,379.91,380.54,382.64,28.88,68.16,0,0,132
29.24,4.191,4.574,3.636,380.25,380.58,374.96,27.1,77.64,0,0,141
28.07,4.313,4.507,3.977,380.23,378.15,379.09,28.27,73.7,0,0,136
48.08,10.625,10.302,10.567,418.65,358.82,379.71,29.05,73.91,3,3,28
49.74,8.371,7.274,8.646,365.36,361.69,387.68,29.12,67.47,2,2,49
38.26,6.944,5.831,5.834,380.41,384.37,386.66,27.11,64.44,1,1,62
42.91,8.704,7.984,7.053,392.89,379.9,384.64,28.95,61.25,2,2,46
29.35,4.62,3.632,3.316,378.81,381.44,380.24,29.13,79.72,0,0,129
27.36,3.355,2.075,3.583,381.74,381.55,380.17,27.29,58.74,0,0,149
29.4,4.326,2.386,4.469,381.38,384.42,381.42,27.33,74.61,0,0,148
29.04,3.658,2.462,2.862,377.11,381.78,377.06,27.35,78.99,0,0,176
26.03,2.282,3.571,3.52,376.76,382.04,379.66,28.32,57.86,0,0,144
56.67,9.772,9.017,10.442,376.91,403.18,381.44,27.19,72.21,3,3,20
28.77,2.424,4.497,4.043,376.87,377.47,379.85,26.97,68.96,0,0,174
31.81,2.567,2.166,3.068,377.35,381.8,379.85,27.84,66.61,0,0,159
27.65,4.261,4.634,4.381,380.65,379.11,378.13,30.47,69.84,0,0,151
26.59,3.523,2.607,2.379,377.59,380.89,381.12,28.11,74.28,0,0,175
56.84,9.264,10.365,10.862,359.82,382.58,407.81,28.24,65.71,3,3,16
26.88,4.435,3.044,2.937,381.78,379.78,381.86,28.82,79.47,0,0,162
27.99,2.615,2.456,3.06,382.75,379.68,379.62,29.11,63.39,0,0,164
47.12,8.675,8.549,8.454,381.04,382.64,384.14,27.22,63.83,2,2,57
27.6,4.774,3.749,2.554,379.02,384.24,381.99,29.16,51.88,0,0,139
30.33,2.825,2.404,3.12,380.53,378.68,381.92,27.11,77.81,0,0,133
28.08,3.777,2.792,4.062,380.13,375.98,381.62,27.66,71.97,0,0,154
31.49,6.173,6.601,6.474,381.83,376.5,385.34,28.91,51.05,1,1,82
69.5,11.729,11.652,11.65,373.71,378.88,402.72,28.52,70.92,4,4,3
49.91,7.774,7.056,8.803,395.96,382.35,393.06,27.79,50.14,2,2,46
30.16,2.646,4.997,3.216,381.57,380.47,377.98,27.03,64.45,0,0,136
42.92,7.553,7.73,7.216,370.9,391.31,358.64,28.4,58.6,2,2,33
28.56,2.814,3.68,3.254,378.66,380.03,381.08,27.03,79.2,0,0,123
28.23,3.085,2.964,3.718,381.93,379.7,383.59,26.66,54.04,0,0,132
28.87,4.637,3.902,2.182,380.03,380.07,382.05,27.8,52.92,0,0,160
30.67,3.925,3.619,3.473,381.89,377.79,380.08,28.57,69.17,0,0,172
27.58,4.759,4.734,2.19,380.17,381.57,383.62,28.28,55.81,0,0,178
37.87,5.806,6.907,5.153,381.65,387.03,382.2,29.34,78.23,1,1,99
57.78,9.529,10.894,10.922,382.58,382.12,379.09,28.03,70.76,3,3,27
27.12,4.521,3.835,4.463,381.11,381.98,382.09,28.25,53.38,0,0,150
25.04,3.435,3.336,2.696,378.73,378.49,377.12,29.78,50.31,0,0,155
29.5,2.83,2.163,3.554,381.13,379.81,378.95,26.61,52.63,0,0,140
30.82,4.177,2.213,4.107,381.02,376.61,379.2,26.94,69.24,0,0,149
34.24,6.672,5.276,6.239,370.13,380.43,376.56,27.83,68.48,1,1,78
27.19,2.047,2.731,4.235,378.65,379.53,377.28,28.69,56.84,0,0,134
45.78,8.042,8.033,7.218,372.2,368.04,379.79,27.07,74.98,2,2,33
29.74,2.716,3.903,4.869,382.7,380.67,381.26,28.4,53.8,0,0,170
25.32,3.307,4.738,3.616,382.85,382.3,381.68,26.26,58.55,0,0,143
27.54,4.194,3.878,3.755,382.38,381.32,379.1,28.28,66.68,0,0,164
25.91,2.116,2.408,4.123,377.22,379.01,376.47,28.58,68.53,0,0,140
28.33,4.138,4.377,2.667,376.55,381.46,378.51,27.39,52.63,0,0,159
35.34,6.677,5.93,6.653,383.16,379.63,377.62,28.04,53.35,1,1,108
30.83,2.498,4.706,2.682,381.78,383.28,381.0,28.0,64.98,0,0,148
38.92,5.802,5.421,6.486,381.9,384.37,381.01,28.69,70.69,1,1,99
28.91,4.248,4.086,3.651,377.36,380.57,378.94,28.92,55.11,0,0,152
27.94,2.535,2.858,4.982,382.67,376.46,383.02,26.94,78.34,0,0,151
25.41,3.277,3.759,4.767,376.67,380.25,377.01,26.57,70.88,0,0,154
50.21,7.86,7.149,8.96,390.62,385.87,373.28,26.8,77.74,2,2,37
30.62,3.199,2.922,4.657,380.23,377.65,380.26,27.51,70.83,0,0,125
45.2,8.093,8.885,7.085,356.32,381.54,390.86,28.17,70.96,2,2,47
28.16,3.027,2.369,4.788,375.01,379.5,378.16,28.18,53.76,0,0,133
43.49,8.673,7.125,8.539,390.79,379.36,371.53,26.91,67.21,2,2,34
26.96,4.683,3.443,4.32,384.47,379.63,382.4,27.16,64.96,0,0,165
36.12,6.646,5.564,5.067,380.87,375.53,379.7,28.08,69.23,1,1,81
36.6,6.564,6.136,6.197,383.69,382.34,386.15,25.79,51.83,1,1,93
54.34,10.842,10.063,9.865,362.07,365.45,383.88,26.67,63.46,3,3,15
25.33,2.682,4.55,3.284,383.04,383.0,382.3,30.08,77.79,0,0,129
29.52,4.814,3.717,3.925,381.39,382.79,380.77,28.69,68.06,0,0,175
29.39,2.116,4.324,2.397,378.27,382.73,380.28,29.73,75.53,0,0,156
42.96,8.382,8.126,7.655,376.45,375.85,381.75,28.04,61.33,2,2,35
28.23,3.712,2.535,2.742,381.69,378.25,378.59,27.55,78.93,0,0,141
41.45,7.677,7.126,8.747,373.3,381.93,386.23,28.88,56.46,2,2,37
27.24,3.477,2.099,4.684,378.88,378.25,376.49,27.84,64.21,0,0,133
28.73,2.339,2.054,2.432,379.39,380.28,377.52,28.49,52.95,0,0,171
26.52,2.38,2.728,4.129,380.64,381.33,380.86,25.37,60.32,0,0,129
70.04,11.536,11.429,11.111,368.14,400.08,407.07,27.52,56.26,4,4,3
37.5,5.668,5.862,6.642,383.99,375.29,379.09,28.65,70.09,1,1,117
57.21,9.769,10.536,10.797,392.2,377.31,379.88,28.7,52.52,3,3,14
29.19,2.368,2.885,3.064,377.58,381.34,378.31,27.46,55.83,0,0,138
32.85,5.232,6.626,6.891,379.6,373.62,377.34,28.5,78.69,1,1,81
39.74,6.489,5.607,5.394,382.64,383.68,380.31,25.97,72.91,1,1,105
28.63,4.744,3.659,3.896,379.57,377.48,381.6,27.21,56.39,0,0,140
49.97,8.05,8.35,7.43,372.65,362.35,385.62,28.37,70.07,2,2,45
59.37,10.657,10.097,10.023,380.5,382.3,388.67,27.18,64.81,3,3,9
53.75,10.008,10.101,10.365,387.0,386.77,373.54,27.0,53.44,3,3,19
35.7,5.741,6.448,5.809,377.33,379.37,378.31,27.49,78.5,1,1,108
29.9,2.996,4.549,4.445,379.66,376.39,381.8,27.92,63.22,0,0,156
25.28,3.525,2.452,4.014,379.8,380.68,378.29,28.47,54.98,0,0,165
71.42,11.941,11.61,11.124,390.94,363.18,387.95,26.55,76.86,4,4,5
30.24,4.738,2.885,2.611,383.85,379.27,377.46,27.98,75.39,0,0,151
34.85,6.305,5.892,5.877,370.37,378.27,380.91,29.01,67.1,1,1,89
35.16,5.827,6.8,5.15,386.06,388.83,390.05,27.72,60.45,1,1,71
33.45,6.669,5.54,5.063,382.19,381.67,370.82,27.93,62.23,1,1,67
70.17,11.888,11.579,11.377,399.68,350.36,383.32,27.1,64.5,4,4,3
25.47,4.157,2.41,2.907,384.69,382.03,375.2,29.36,70.38,0,0,177
27.4,3.255,3.858,4.389,380.93,378.46,380.49,29.14,69.53,0,0,149
29.46,2.532,3.501,4.379,380.59,380.41,379.46,28.45,58.64,0,0,159
25.48,2.58,4.427,2.187,383.7,378.97,381.54,28.88,57.53,0,0,147
30.57,3.975,4.837,2.49,379.91,380.58,380.09,28.16,64.31,0,0,129
29.22,4.536,4.895,3.697,378.38,378.78,383.87,27.84,55.69,0,0,120
52.25,8.033,8.423,8.708,381.22,359.61,393.07,29.77,53.24,2,2,36
47.74,10.785,10.417,9.016,375.52,360.15,383.05,27.59,64.01,3,3,28
27.6,4.058,2.585,2.549,378.23,377.87,379.62,26.37,64.27,0,0,132
27.4,3.037,4.619,4.595,382.08,380.38,381.99,27.9,63.92,0,0,171
57.13,10.604,10.966,9.743,380.95,364.37,387.5,28.1,68.01,3,3,21
29.48,3.563,3.914,2.834,378.68,380.92,382.33,28.04,74.62,0,0,170
29.46,3.354,4.975,3.92,380.41,380.95,380.58,27.53,67.5,0,0,177
26.04,3.011,4.795,4.922,380.97,382.11,377.26,29.22,65.04,0,0,168
33.36,6.699,6.257,6.258,379.88,382.09,376.49,26.38,59.73,1,1,87
26.47,2.425,3.132,3.548,378.19,383.81,380.75,27.88,53.91,0,0,159
71.18,11.425,11.026,11.883,387.42,340.85,383.44,27.01,78.59,4,4,2
26.13,2.296,2.977,2.831,378.57,376.23,382.2,28.35,55.02,0,0,132
26.99,4.452,3.411,3.699,379.29,379.37,377.3,28.73,78.7,0,0,121
28.37,3.951,4.374,4.851,379.43,376.29,379.93,27.91,65.78,0,0,170
26.05,3.023,2.939,3.294,378.91,380.5,380.81,28.2,73.2,0,0,179
33.95,5.701,5.67,6.301,374.18,387.21,379.94,28.31,68.58,1,1,101
54.67,8.887,8.256,7.515,388.72,383.13,381.14,30.83,63.6,2,2,57
46.16,7.849,8.108,7.85,384.84,400.29,371.09,29.11,52.25,2,2,37
31.54,5.29,6.729,6.788,369.64,382.11,385.37,27.86,74.21,1,1,96
50.04,9.197,9.892,9.234,380.01,349.29,396.35,29.84,74.34,3,3,23
39.78,7.606,8.024,7.242,360.22,369.29,370.66,27.83,61.49,2,2,57
48.76,8.399,7.19,8.907,371.41,386.71,394.15,27.57,71.93,2,2,33
27.69,3.4,3.558,2.978,381.75,380.5,384.29,29.32,51.63,0,0,151
27.3,2.019,3.869,4.388,379.23,379.85,381.13,28.36,70.65,0,0,171
27.62,2.383,3.116,3.309,380.21,378.35,379.42,26.33,70.13,0,0,155
36.76,5.564,5.051,6.02,382.27,378.18,382.21,27.88,71.43,1,1,60
25.84,4.334,2.744,2.545,380.88,379.56,378.61,27.61,57.3,0,0,120
28.27,3.485,2.103,4.729,381.77,380.17,381.19,27.5,79.51,0,0,144
48.53,9.672,9.088,9.531,348.83,400.78,387.95,29.36,57.01,3,3,19
59.15,10.446,10.425,9.538,374.28,371.39,397.75,27.34,62.61,3,3,23
53.16,9.034,9.912,10.45,379.27,352.74,413.42,26.68,66.35,3,3,7
28.44,2.129,2.035,3.431,380.09,380.15,382.26,28.32,58.97,0,0,153
36.2,5.584,5.107,5.102,374.87,382.76,373.93,26.47,62.77,1,1,85
26.26,2.798,3.74,4.55,377.32,381.66,382.64,27.53,56.76,0,0,172
27.59,3.152,4.82,4.581,377.07,380.78,378.26,28.58,66.47,0,0,153
28.88,2.507,2.109,2.537,379.77,382.08,381.32,27.63,56.48,0,0,161
29.67,4.743,3.158,4.311,380.06,380.37,383.8,27.81,68.92,0,0,156
31.44,4.029,3.142,4.358,378.27,382.09,382.26,27.41,68.86,0,0,143
50.01,8.7,7.512,8.202,394.67,379.01,390.25,28.75,69.46,2,2,36
27.0,2.697,3.573,4.214,379.99,380.19,382.9,28.34,56.64,0,0,131
36.1,5.984,6.816,6.52,379.98,379.82,384.71,27.85,75.71,1,1,106
27.14,2.152,4.087,2.613,381.38,380.87,376.14,29.43,52.41,0,0,138
29.22,2.13,4.397,4.136,381.01,381.89,378.67,29.38,67.54,0,0,135
25.61,2.445,2.998,3.536,376.5,378.63,380.34,27.29,57.24,0,0,123
26.27,4.392,4.248,2.243,380.4,383.82,380.79,27.4,57.86,0,0,124
33.9,5.047,6.079,6.942,383.68,378.91,377.86,28.55,73.84,1,1,100
30.71,3.934,4.661,4.487,378.76,378.56,379.68,27.95,60.72,0,0,162
27.18,3.979,3.79,4.47,381.34,375.99,380.22,28.15,66.03,0,0,122
30.16,4.871,3.459,2.947,378.38,379.27,382.51,28.42,56.94,0,0,145
26.72,2.674,2.251,3.571,379.26,380.74,378.86,30.04,64.77,0,0,157
47.12,10.819,10.353,9.839,363.59,385.1,398.74,27.16,78.21,3,3,19
29.04,4.665,4.309,2.86,381.69,382.3,380.56,28.64,65.94,0,0,175
39.14,6.933,5.646,5.354,381.75,386.22,377.6,27.41,58.34,1,1,88
34.47,6.886,5.587,6.349,388.18,374.57,374.3,27.91,53.92,1,1,110
48.41,10.752,10.57,10.124,387.58,361.47,416.41,27.48,73.73,3,3,25
39.4,8.849,7.04,8.11,377.39,373.26,357.99,27.55,65.49,2,2,41
36.02,5.992,5.278,6.99,377.96,385.8,385.71,28.97,60.48,1,1,118
36.08,5.982,6.572,5.495,380.59,383.52,386.19,26.83,51.44,1,1,65
64.18,10.195,9.702,10.075,390.41,389.13,385.26,28.94,58.82,3,3,27
28.47,3.43,2.626,3.622,375.47,382.07,382.99,29.28,73.09,0,0,147
30.23,2.803,3.787,3.558,378.4,379.77,377.94,27.03,79.17,0,0,170
29.34,3.597,3.54,4.976,382.06,379.2,378.41,27.5,56.5,0,0,163
41.69,8.951,7.726,8.523,375.41,392.27,373.1,28.32,69.56,2,2,35
44.77,8.962,8.986,7.865,372.45,382.11,389.01,28.41,50.49,2,2,44
28.44,3.677,3.046,2.152,383.65,377.92,380.41,28.71,76.58,0,0,178
38.96,6.459,5.944,5.397,378.14,383.13,380.44,28.12,70.84,1,1,117
29.44,3.329,3.212,3.33,383.49,378.3,378.05,27.5,60.9,0,0,142
27.98,4.159,3.431,3.115,380.95,380.91,380.77,26.69,53.9,0,0,135
69.66,11.579,11.625,11.006,362.23,375.27,401.65,29.14,57.58,4,4,3
26.76,4.062,3.542,2.436,382.89,383.27,379.99,28.16,70.71,0,0,158
29.09,4.471,4.456,2.227,383.49,381.32,379.89,27.92,59.95,0,0,158
33.68,6.826,5.668,5.922,381.92,380.69,376.26,30.46,72.27,1,1,106
34.42,5.403,6.924,5.184,379.79,379.3,380.96,28.44,69.51,1,1,75
29.13,2.578,2.7,3.691,383.91,381.85,379.01,28.3,62.02,0,0,126
33.23,6.502,6.735,5.107,379.89,380.07,378.34,28.41,69.39,1,1,118
27.08,3.545,2.988,2.015,378.25,383.12,379.31,28.47,59.83,0,0,172
28.42,4.932,3.204,3.264,384.65,381.66,382.59,26.38,54.07,0,0,160
27.51,3.468,3.385,2.771,378.26,376.96,382.29,27.81,57.39,0,0,145
36.04,5.332,6.055,6.354,374.19,384.28,378.59,27.4,73.47,1,1,81
26.54,4.542,2.429,3.05,381.83,381.54,376.08,28.92,73.66,0,0,173
53.0,10.16,10.39,9.682,379.78,390.22,393.15,28.17,79.47,3,3,17
43.57,7.805,8.909,7.732,392.57,371.69,394.94,29.05,68.25,2,2,49
72.47,11.977,11.338,11.472,393.56,403.98,379.83,26.5,53.42,4,4,2
27.33,4.124,2.027,2.281,381.23,377.61,380.82,28.31,64.12,0,0,122
72.07,11.16,11.806,11.359,348.32,407.99,411.8,25.57,74.67,4,4,3
30.58,2.289,4.331,2.301,377.4,379.43,381.64,28.34,57.71,0,0,175
29.1,3.407,4.218,4.747,380.35,378.49,376.25,27.97,54.99,0,0,124
25.78,3.15,3.957,2.537,382.33,380.9,381.33,29.72,52.08,0,0,128
26.9,3.8,4.684,3.911,380.63,383.47,378.97,28.55,72.01,0,0,171
38.12,5.763,5.804,6.249,382.54,377.56,379.46,27.64,51.58,1,1,89
26.65,3.898,2.994,2.773,382.88,380.23,382.9,27.46,53.05,0,0,145
27.48,4.946,4.625,3.6,380.45,380.78,375.68,27.01,79.09,0,0,178
38.83,6.977,6.65,6.163,370.08,382.44,382.01,27.97,60.98,1,1,85
28.99,4.122,4.419,3.85,378.38,376.7,383.26,27.52,72.68,0,0,148
37.34,6.143,5.443,6.296,379.24,387.91,377.15,29.49,76.08,1,1,67
26.89,2.007,3.476,3.238,381.39,379.03,382.76,27.32,53.22,0,0,163
50.11,8.011,7.518,8.233,395.21,381.11,362.94,29.85,53.6,2,2,39
48.43,7.83,8.062,8.182,383.16,372.92,379.64,28.29,59.79,2,2,40
28.04,2.906,4.71,2.352,378.5,379.61,379.92,27.84,64.63,0,0,159
29.27,3.719,4.902,4.185,382.38,379.67,380.52,27.26,53.51,0,0,172
27.47,2.829,3.644,4.724,378.08,378.74,377.56,27.92,58.64,0,0,126
43.33,8.925,7.538,7.884,389.17,378.88,387.45,26.19,62.6,2,2,52
27.28,3.635,3.378,2.069,376.87,380.75,380.51,27.39,78.72,0,0,137
30.22,3.19,3.689,3.632,381.89,381.14,380.83,26.64,55.2,0,0,171
26.8,3.327,4.962,2.99,376.93,379.56,379.13,27.84,76.54,0,0,139
28.01,2.055,4.448,3.431,381.53,380.92,378.28,28.12,73.95,0,0,157
32.38,2.406,4.062,3.818,381.79,382.98,381.53,28.11,70.87,0,0,145
44.02,8.06,8.269,8.463,397.81,378.25,377.43,27.21,68.04,2,2,33
25.25,4.192,2.454,2.849,382.31,383.56,381.58,29.33,51.26,0,0,133
28.6,3.998,2.093,2.718,381.1,379.29,380.62,28.29,56.26,0,0,155
47.84,8.499,7.077,7.793,382.68,385.79,378.27,28.12,78.0,2,2,58
48.17,8.634,7.383,7.265,380.91,381.13,391.26,27.95,59.03,2,2,35
29.12,3.55,4.469,2.331,377.22,377.83,380.91,28.56,64.54,0,0,140
27.66,3.061,4.41,2.502,377.16,376.86,383.31,27.51,65.97,0,0,167
28.64,3.84,4.677,2.631,379.36,379.63,379.78,28.48,69.23,0,0,127
55.16,10.562,9.103,10.156,377.05,397.92,352.36,29.0,52.11,3,3,28
27.69,2.384,4.687,3.246,379.95,382.07,376.99,28.48,61.98,0,0,176
69.93,10.506,10.569,9.273,374.95,367.73,371.69,26.37,54.62,3,3,25
35.73,6.02,6.268,6.544,380.1,378.16,378.93,26.82,52.86,1,1,100
27.26,4.598,2.198,4.583,379.47,383.45,381.83,27.72,60.6,0,0,136
28.27,4.656,2.709,3.834,382.68,379.9,376.99,28.6,78.64,0,0,135
28.72,3.031,4.745,2.338,380.26,379.82,375.51,27.24,50.98,0,0,162
28.81,3.364,2.298,2.818,377.76,380.54,380.1,27.55,65.84,0,0,151
27.28,4.08,2.479,2.644,383.34,379.43,381.34,27.06,57.59,0,0,163
34.24,6.682,5.881,6.281,378.16,378.02,376.82,29.08,69.22,1,1,106
65.37,11.778,11.944,11.898,394.98,360.36,351.54,28.48,60.24,4,4,5
33.12,6.147,5.094,5.41,389.5,377.02,382.36,27.29,79.72,1,1,115
36.7,6.593,6.813,6.125,379.11,376.09,376.32,28.39,74.34,1,1,112
29.47,3.053,2.627,4.738,379.16,380.48,379.27,28.89,68.7,0,0,177
29.99,2.765,4.879,4.85,384.75,380.1,382.02,28.07,67.64,0,0,140
27.22,3.178,2.108,3.206,382.75,381.93,386.61,27.05,79.83,0,0,132
36.0,6.571,5.834,5.596,383.15,376.55,378.92,28.31,57.28,1,1,117
54.99,9.277,9.747,10.837,373.4,389.21,402.94,29.71,68.92,3,3,26
35.87,6.404,5.601,5.497,378.8,384.12,384.48,28.81,71.02,1,1,113
29.53,3.45,2.056,4.19,379.75,379.55,379.42,28.14,53.22,0,0,172
29.14,2.868,2.565,4.442,381.59,381.82,379.11,26.82,68.87,0,0,150
31.21,6.891,5.789,5.987,374.87,386.45,382.11,29.99,55.04,1,1,91
25.78,4.459,3.032,4.625,384.38,381.13,382.02,27.76,70.44,0,0,154
45.87,7.608,8.878,7.941,395.09,392.31,376.53,26.86,78.55,2,2,35
40.05,8.909,8.479,8.814,391.16,380.98,381.66,26.14,78.4,2,2,39
36.37,6.183,5.57,6.057,388.68,381.51,381.85,29.76,68.02,1,1,112
29.68,3.528,3.072,2.416,380.82,383.17,384.2,26.52,55.79,0,0,150
28.61,2.281,3.038,3.625,379.18,379.06,379.53,25.55,62.01,0,0,123
25.5,3.297,3.575,3.776,381.19,379.22,382.38,28.39,56.16,0,0,131
29.57,4.325,3.218,2.876,384.23,381.96,380.24,29.39,63.83,0,0,162
28.32,3.008,2.142,3.53,380.45,378.28,379.89,27.61,69.89,0,0,159
36.72,5.69,5.701,5.364,393.56,380.47,385.45,28.25,73.67,1,1,75
31.74,6.561,5.832,5.677,381.3,374.76,371.98,28.37,62.08,1,1,70
27.85,2.35,2.752,3.274,383.25,382.83,381.43,29.25,65.45,0,0,168
28.01,2.115,2.793,4.752,380.77,381.98,380.68,25.83,51.64,0,0,178
26.9,2.498,3.318,4.487,379.93,382.81,378.81,25.86,55.14,0,0,153
27.6,2.86,3.947,4.909,378.15,383.77,378.46,28.38,60.59,0,0,142
49.93,7.103,7.072,7.227,371.53,356.16,381.04,29.72,60.49,2,2,44
28.45,3.242,4.257,3.721,379.55,378.41,382.25,28.11,73.91,0,0,147
24.85,4.282,3.002,2.973,381.04,380.39,376.05,27.18,58.24,0,0,172
29.46,3.718,4.612,2.067,380.97,378.53,381.06,27.73,71.52,0,0,150
44.5,9.553,9.162,9.849,381.99,375.52,381.66,28.32,64.35,3,3,17
33.39,5.255,5.997,6.933,380.77,375.52,385.91,27.28,60.62,1,1,77
25.24,2.496,2.336,4.578,377.54,378.8,378.9,27.98,63.61,0,0,134
28.75,2.839,3.22,4.863,382.71,379.43,380.46,26.54,72.71,0,0,164
37.06,6.396,6.178,6.396,382.04,391.94,377.27,27.9,69.77,1,1,109
82.19,11.805,11.817,11.849,373.58,383.38,342.98,28.26,79.0,4,4,1
29.22,4.19,3.583,2.403,382.52,379.44,381.2,26.34,72.09,0,0,122
58.52,10.277,10.344,9.351,355.87,365.53,367.62,28.03,52.62,3,3,12
50.96,9.674,10.373,9.825,391.71,357.8,366.86,28.86,64.66,3,3,28
50.77,10.392,10.232,9.42,390.47,390.87,361.58,27.16,55.39,3,3,28
32.79,6.474,6.91,5.77,388.76,381.5,383.6,28.26,67.63,1,1,102
30.73,5.896,5.93,5.481,380.84,379.95,383.07,28.65,56.44,1,1,98
27.74,2.424,4.527,4.151,379.27,380.69,380.68,28.74,68.57,0,0,123
41.32,8.254,8.719,7.342,379.42,371.47,386.52,27.55,62.85,2,2,30
26.53,3.428,3.084,4.738,377.54,382.77,380.09,25.76,73.43,0,0,139
28.97,5.473,5.234,5.968,379.76,364.79,376.92,27.94,54.75,1,1,105
30.11,4.156,2.994,2.344,376.87,379.54,379.71,28.47,59.47,0,0,128
31.8,5.668,5.136,6.221,380.52,381.55,381.78,28.08,66.69,1,1,85
48.4,8.296,8.524,8.879,377.31,391.15,368.71,27.46,74.33,2,2,50
28.43,2.546,3.118,4.353,380.83,380.89,382.24,28.06,78.29,0,0,169
44.25,7.022,7.541,8.407,377.63,382.84,371.47,26.0,75.16,2,2,58
29.95,4.373,3.449,4.924,381.66,382.87,382.76,27.83,64.39,0,0,179
51.51,8.29,7.089,7.158,371.53,362.37,398.28,27.28,61.16,2,2,50
28.61,2.366,3.045,2.058,381.48,380.58,380.93,28.83,53.14,0,0,146
23.88,2.221,2.096,2.77,379.62,381.44,378.62,28.59,71.77,0,0,148
54.79,10.427,10.819,9.243,380.78,362.19,388.08,28.34,75.77,3,3,23
29.65,3.7,4.315,2.883,379.2,380.01,381.46,30.33,59.45,0,0,156
42.68,7.854,7.541,8.728,379.99,368.68,374.77,30.13,60.9,2,2,37
27.24,4.231,2.763,4.158,381.24,378.29,377.93,27.03,67.22,0,0,145
29.49,4.103,4.118,3.786,377.32,377.8,380.55,28.56,55.8,0,0,165
25.46,3.095,2.174,4.858,381.72,379.1,376.91,28.17,65.46,0,0,170
33.11,6.91,5.936,6.302,377.32,378.13,383.93,28.56,55.68,1,1,76
28.75,4.889,2.824,4.33,383.68,378.42,379.07,28.75,50.02,0,0,175
30.55,2.56,4.553,3.981,378.86,382.49,377.92,28.42,78.66,0,0,174
28.1,2.33,3.568,2.343,382.17,381.51,380.64,28.82,75.81,0,0,132
26.47,2.138,4.953,3.078,378.88,379.91,376.95,27.8,55.73,0,0,178
62.98,11.187,11.268,11.023,331.63,413.37,366.86,27.62,57.12,4,4,1
59.77,11.631,11.629,11.413,348.84,388.07,348.64,27.42,59.19,4,4,4
25.66,4.504,3.479,2.738,379.31,378.98,380.25,27.79,63.71,0,0,157
36.56,5.758,6.368,5.908,378.17,386.15,372.16,28.22,59.18,1,1,93
26.4,3.402,4.46,3.562,376.41,380.26,381.34,28.82,66.67,0,0,170
29.97,6.252,6.515,5.207,383.59,366.91,376.67,24.93,54.69,1,1,100
42.38,7.355,7.086,7.028,354.17,376.59,393.2,27.53,55.32,2,2,38
56.6,9.414,10.814,10.264,382.77,389.42,367.9,26.92,74.68,3,3,8
26.83,2.488,4.035,4.794,379.58,379.73,379.74,26.22,51.03,0,0,127
47.15,8.815,8.873,7.483,395.55,386.88,375.43,29.18,76.11,2,2,39
27.43,2.848,4.383,2.149,378.57,379.73,380.35,27.92,79.32,0,0,125
74.37,11.265,11.505,11.29,403.26,366.35,344.89,27.39,66.21,4,4,1
27.64,2.059,4.82,4.899,377.85,378.25,383.54,29.4,77.32,0,0,156
36.52,6.754,6.752,5.737,383.05,375.43,369.76,26.42,55.05,1,1,114
34.66,6.672,6.437,6.436,381.09,376.37,381.79,28.5,78.02,1,1,111
34.68,5.147,5.66,5.703,375.91,381.64,380.34,28.69,76.3,1,1,109
26.23,4.198,2.408,4.854,380.8,378.26,378.8,28.7,62.51,0,0,172
44.06,9.622,10.505,9.024,365.94,368.68,373.48,28.95,60.98,3,3,11
26.68,2.634,2.339,2.842,378.19,379.92,379.52,29.69,56.39,0,0,123
37.38,5.786,5.421,5.675,379.54,392.56,381.86,28.1,52.05,1,1,104
28.57,3.673,3.529,2.173,378.47,376.63,381.2,28.44,54.84,0,0,162
27.02,3.136,2.431,2.812,380.9,383.38,378.21,28.4,57.71,0,0,177
27.47,2.752,2.353,4.591,378.22,382.53,381.95,27.57,61.88,0,0,164
26.57,4.894,3.983,3.631,377.39,379.44,378.07,27.03,54.19,0,0,148
26.27,2.669,2.742,3.236,377.0,382.52,377.38,27.79,60.71,0,0,122
27.24,4.799,3.072,2.323,378.4,379.97,377.83,27.36,74.37,0,0,172
26.58,2.455,2.723,4.105,378.56,375.79,375.89,26.89,55.04,0,0,121
46.2,8.764,8.235,7.386,379.14,376.36,387.33,30.13,79.6,2,2,41
60.15,10.165,10.594,9.307,388.9,390.54,377.29,26.53,58.54,3,3,19
27.47,2.22,3.444,3.651,382.23,377.3,381.2,28.67,64.89,0,0,135
28.32,4.785,3.062,4.659,378.71,382.11,380.58,28.69,70.38,0,0,126
30.11,3.265,3.252,4.238,380.68,382.42,381.27,28.22,76.39,0,0,165
27.97,2.932,3.781,3.506,380.42,374.51,377.78,28.53,70.1,0,0,169
38.67,5.859,5.091,5.759,375.82,376.65,376.7,28.62,55.59,1,1,74
30.86,5.265,6.265,6.249,377.87,375.04,380.79,27.68,72.21,1,1,65
27.48,4.183,2.622,3.802,378.76,377.2,379.51,27.97,78.85,0,0,123
29.38,3.56,2.368,3.555,380.24,382.25,380.63,29.62,63.72,0,0,123
27.9,4.283,4.788,3.815,376.39,380.16,379.96,28.32,51.0,0,0,137
42.54,7.093,8.916,8.39,391.78,367.84,382.92,29.08,66.19,2,2,34
63.88,11.379,11.373,11.648,377.92,364.38,383.51,26.58,60.44,4,4,5
28.6,2.492,2.021,2.242,380.35,379.93,381.31,28.77,70.97,0,0,142
26.42,4.448,2.951,4.764,380.16,377.75,379.85,26.2,69.77,0,0,157
38.55,8.546,8.972,7.347,369.87,375.28,381.3,29.02,79.56,2,2,54
49.93,9.723,9.072,10.699,382.0,380.77,375.99,26.08,61.6,3,3,18
28.0,3.624,4.929,3.885,380.46,379.54,380.3,27.79,62.1,0,0,136
29.86,2.89,3.142,3.102,378.23,379.76,380.27,28.43,51.3,0,0,137
25.49,4.58,3.412,3.456,377.84,378.7,381.41,27.77,51.82,0,0,146
35.8,5.097,5.666,5.85,378.15,379.21,380.01,26.87,78.66,1,1,83
26.23,3.6,3.386,3.51,377.92,382.27,377.31,27.88,79.77,0,0,160
25.04,4.231,4.059,3.736,381.37,382.24,383.62,30.05,62.76,0,0,147
36.81,6.001,6.086,6.024,379.06,375.95,380.82,26.57,56.96,1,1,63
29.21,2.484,2.014,2.796,380.0,379.19,378.35,29.23,77.24,0,0,142
51.57,7.032,7.136,8.444,374.0,374.62,363.98,28.64,75.68,2,2,55
27.21,2.96,3.012,4.756,377.67,376.67,379.16,28.04,71.71,0,0,156
27.72,3.185,3.163,3.153,380.92,378.75,378.67,26.92,76.22,0,0,143
35.24,5.738,6.666,5.268,377.1,378.73,376.6,27.41,70.31,1,1,102
29.31,4.23,2.506,4.871,382.54,378.1,380.05,29.65,61.49,0,0,150
78.71,11.166,11.262,11.155,376.8,372.4,385.06,27.26,73.49,4,4,3
28.02,3.812,4.003,4.297,380.82,385.74,381.42,28.29,65.36,0,0,176
26.36,3.039,4.766,2.634,377.24,377.8,376.05,26.32,75.25,0,0,121
36.8,5.753,6.836,5.946,377.67,384.0,390.54,27.24,74.1,1,1,64
26.04,2.786,4.299,3.96,380.24,379.89,381.34,26.54,75.07,0,0,123
48.1,9.853,10.714,10.012,355.21,371.55,381.12,26.93,51.89,3,3,20
28.74,4.058,4.061,4.766,378.96,381.83,380.69,27.98,74.09,0,0,174
24.5,3.12,4.604,2.965,381.75,382.42,379.36,27.75,74.26,0,0,135
27.44,2.627,4.328,4.673,379.16,381.11,380.15,27.93,79.41,0,0,137
25.63,4.721,3.978,3.108,379.26,383.71,380.33,27.78,62.23,0,0,162
44.52,7.395,8.141,7.548,380.42,382.23,378.63,29.19,50.51,2,2,46
45.79,7.407,8.042,8.104,378.23,372.07,353.73,28.67,70.98,2,2,37
29.81,3.715,2.92,4.889,380.71,379.32,381.19,29.65,62.88,0,0,140
27.12,2.003,3.201,2.443,376.72,378.14,379.36,27.75,78.78,0,0,178
43.71,8.779,7.398,8.73,381.76,386.71,384.94,27.7,71.64,2,2,51
60.95,9.997,9.171,10.645,390.68,365.5,409.01,28.28,66.98,3,3,9
27.41,4.005,3.94,3.557,378.5,378.39,378.18,26.39,72.01,0,0,179
28.32,4.488,4.722,3.551,382.39,379.38,381.12,28.38,71.31,0,0,124
27.03,4.979,2.103,3.094,380.69,382.67,379.34,27.94,53.47,0,0,170
49.03,9.251,9.512,9.002,391.54,358.14,385.86,28.08,62.03,3,3,19
30.19,2.671,2.905,4.547,380.31,375.72,380.42,28.49,62.93,0,0,131
26.65,3.787,4.695,3.958,381.97,379.38,381.49,26.95,79.87,0,0,122
50.88,8.297,7.343,8.474,370.79,378.48,368.01,27.34,55.88,2,2,55
25.85,3.812,3.674,3.219,378.88,376.51,378.07,27.28,52.18,0,0,160
29.5,3.156,4.843,4.005,377.27,378.87,379.88,27.73,72.99,0,0,150
26.06,4.301,2.713,3.058,379.23,378.6,380.13,29.62,58.47,0,0,170
28.01,3.566,2.228,4.692,381.58,379.03,377.06,27.21,74.59,0,0,132
28.48,4.378,3.511,3.983,379.81,383.1,379.73,28.88,59.34,0,0,173
27.64,4.238,2.462,4.353,376.81,377.7,380.08,27.93,61.27,0,0,152
25.24,4.728,3.692,4.502,377.94,381.34,376.88,27.69,59.0,0,0,178
35.74,6.418,5.711,6.2,380.63,378.37,382.75,27.83,72.27,1,1,81
50.1,8.111,8.706,8.036,368.62,387.89,376.22,26.73,73.25,2,2,48
43.07,7.44,7.234,7.026,394.32,361.36,371.59,27.2,61.84,2,2,56
26.28,3.749,3.546,4.231,379.33,379.13,381.76,28.22,65.83,0,0,175
27.2,4.332,2.659,4.419,377.53,377.81,381.36,29.99,73.05,0,0,152
30.43,3.584,3.035,4.735,377.53,379.3,379.42,27.61,79.53,0,0,156
28.59,3.263,4.643,4.152,378.78,381.39,380.2,28.21,62.19,0,0,150
27.1,2.692,2.008,3.989,377.5,379.55,379.88,28.19,64.57,0,0,131
35.24,5.651,6.556,5.94,377.65,381.96,381.16,28.03,64.75,1,1,84
27.38,2.993,4.101,3.877,376.66,382.04,381.6,27.63,50.48,0,0,155
31.48,3.208,2.203,3.833,379.35,380.28,384.97,28.0,73.81,0,0,134
29.35,2.992,4.873,4.256,381.83,379.79,378.92,29.69,53.04,0,0,139
30.58,6.065,5.618,5.096,388.5,369.89,381.92,25.94,78.81,1,1,88
26.03,3.397,2.483,2.265,378.63,380.91,380.19,28.7,57.79,0,0,165
33.8,5.972,5.055,5.803,386.42,377.38,376.1,26.78,68.59,1,1,71
30.25,3.081,3.702,3.296,380.82,378.97,377.23,27.98,64.89,0,0,145
48.62,9.505,10.571,10.135,385.51,396.3,368.66,28.09,72.54,3,3,20
55.42,9.945,9.324,9.07,392.69,351.46,372.47,28.5,51.68,3,3,26
25.99,3.837,4.521,2.136,382.33,382.42,384.04,28.93,65.43,0,0,175
26.51,4.085,4.675,2.415,379.69,378.67,381.22,28.34,78.48,0,0,178
27.89,2.925,3.537,4.371,379.83,379.85,380.5,27.99,57.87,0,0,127
28.31,3.848,3.308,4.575,380.13,378.52,380.93,29.84,67.74,0,0,150
32.31,6.896,6.412,5.435,384.54,384.7,385.41,28.38,74.22,1,1,65
45.33,7.269,7.418,7.069,383.26,391.66,388.96,29.03,59.4,2,2,56
37.85,6.295,6.758,5.321,388.54,380.83,375.06,28.3,73.37,1,1,105
44.47,7.729,8.207,7.853,378.15,366.38,383.9,28.18,60.38,2,2,42
26.25,3.161,2.302,3.49,380.44,379.7,380.84,28.46,58.68,0,0,122
27.11,3.672,3.825,2.62,378.74,379.35,383.67,28.14,77.37,0,0,176
37.63,5.956,6.715,6.02,385.03,380.38,377.91,27.22,78.35,1,1,88
29.48,4.664,4.149,2.98,379.6,376.41,381.5,27.73,50.4,0,0,156
34.93,5.866,5.552,6.333,381.67,373.66,379.46,29.22,60.83,1,1,82
27.92,4.11,3.466,3.836,378.62,379.57,380.34,27.93,74.6,0,0,126
28.51,3.931,3.996,2.36,377.85,378.29,380.42,28.25,58.85,0,0,165
68.11,11.182,11.963,11.921,387.09,400.63,342.62,28.16,69.8,4,4,3
28.23,3.674,2.258,4.917,375.63,380.52,379.05,29.45,55.44,0,0,148
73.49,11.246,11.259,11.94,399.94,319.34,359.81,29.41,69.63,4,4,2
63.99,11.035,11.665,11.703,400.99,427.85,385.19,29.5,71.87,4,4,3
48.05,7.589,7.465,8.018,379.16,368.23,378.6,28.73,50.53,2,2,39
38.12,6.639,5.942,6.222,379.47,375.8,381.4,27.16,52.79,1,1,80
32.77,5.889,5.576,6.85,384.86,378.76,384.44,27.48,71.67,1,1,75
46.81,8.401,7.461,8.377,395.49,369.16,373.03,28.95,58.91,2,2,40
28.69,3.274,2.315,3.238,378.94,377.43,381.61,27.39,71.34,0,0,147
29.2,2.303,3.246,4.573,376.11,378.53,380.6,26.76,63.45,0,0,171
39.38,6.651,5.072,5.669,370.47,379.45,369.29,26.82,56.52,1,1,100
27.48,3.149,2.394,2.671,380.47,375.97,380.07,29.57,53.58,0,0,160
26.75,3.439,2.824,3.136,381.34,377.35,381.81,28.47,64.93,0,0,166
29.01,2.338,3.052,4.209,382.01,381.55,376.22,27.46,75.58,0,0,123
35.05,6.881,5.052,6.579,386.72,371.04,395.09,28.0,72.84,1,1,90
37.5,8.855,8.068,8.378,379.3,363.89,378.28,28.15,51.19,2,2,44
28.12,4.588,4.375,4.445,378.85,380.25,375.33,28.99,68.06,0,0,151
47.59,9.748,10.012,10.88,397.82,382.56,362.57,28.2,76.04,3,3,12
38.87,5.252,6.928,6.844,376.91,380.69,373.48,27.81,72.32,1,1,99
43.05,8.878,7.481,7.161,389.94,380.74,387.92,29.02,51.98,2,2,51
38.94,5.624,6.134,6.837,380.62,367.28,383.78,28.62,67.26,1,1,74
44.9,8.398,8.417,8.332,401.0,376.54,363.94,28.65,66.78,2,2,48
28.39,3.786,3.615,2.128,377.83,382.78,380.09,26.08,62.12,0,0,161
45.66,7.485,8.21,8.178,385.13,377.27,385.92,28.4,57.34,2,2,49
25.45,3.767,3.296,2.118,378.18,381.89,379.57,28.41,57.7,0,0,130
54.4,9.918,10.935,10.737,392.17,372.35,387.38,26.56,79.73,3,3,13
68.89,11.172,11.922,11.001,368.59,378.49,407.58,29.46,72.41,4,4,4
27.86,2.968,4.919,4.325,379.23,379.02,383.53,29.24,65.68,0,0,165
26.4,4.879,3.073,4.166,378.99,381.38,378.81,29.42,74.72,0,0,176
48.72,7.241,7.544,7.141,378.76,371.1,380.22,27.97,62.62,2,2,51
27.15,2.607,3.761,3.158,381.0,379.07,376.46,28.01,75.57,0,0,138
38.67,7.793,8.972,7.697,376.47,369.91,388.41,28.32,51.57,2,2,32
26.53,4.162,4.208,3.033,381.24,382.32,373.82,28.28,67.97,0,0,146
29.49,2.591,3.078,3.696,379.66,378.72,379.86,26.3,61.82,0,0,146
64.76,11.567,11.557,11.361,420.59,415.83,315.24,29.46,63.28,4,4,2
32.03,5.284,6.482,6.066,392.39,386.14,369.63,27.2,70.5,1,1,92
48.31,8.092,8.094,8.705,381.04,390.6,381.5,29.24,61.21,2,2,56
30.76,3.883,2.313,4.244,378.61,382.08,378.77,27.09,69.14,0,0,153
31.06,5.344,6.082,5.371,382.78,379.08,380.19,30.61,58.23,1,1,108
36.02,6.741,5.791,5.068,384.02,370.81,384.35,25.52,71.12,1,1,107
38.45,5.79,6.786,5.981,377.08,395.9,381.0,30.36,61.61,1,1,94
31.73,6.664,6.22,6.55,384.31,372.22,379.34,25.79,78.66,1,1,90
36.38,6.583,5.942,6.302,383.84,372.6,377.22,28.05,64.71,1,1,66
25.27,2.589,2.874,3.95,379.66,379.43,378.63,28.07,77.01,0,0,154
30.15,2.336,4.829,3.055,380.8,381.72,380.57,28.85,52.74,0,0,170
44.02,7.291,7.398,7.55,391.11,380.19,364.33,27.96,73.11,2,2,38
27.09,2.95,3.587,4.101,380.06,377.54,376.48,26.39,56.83,0,0,133
36.9,5.734,5.029,6.527,385.95,376.05,379.79,26.85,60.49,1,1,81
25.41,4.524,4.838,3.644,378.56,380.27,381.3,29.64,64.67,0,0,142
35.43,6.516,6.379,6.186,376.43,382.16,378.27,26.76,68.09,1,1,68
33.09,5.781,5.028,5.044,380.49,371.11,379.36,27.96,71.9,1,1,77
29.13,4.616,4.539,4.645,380.16,382.86,374.74,28.58,52.09,0,0,139
30.29,2.41,2.577,4.012,380.2,378.04,382.29,25.54,61.47,0,0,177
28.22,3.868,3.67,4.657,381.96,382.02,381.52,29.44,58.85,0,0,141
40.26,5.063,6.873,5.711,374.26,380.62,377.95,26.42,70.88,1,1,96
42.99,7.439,7.666,7.256,377.4,369.78,388.64,28.0,79.97,2,2,41
28.92,3.824,2.353,2.183,379.33,377.38,381.1,26.47,56.62,0,0,131
34.21,6.578,5.815,5.141,385.86,376.17,382.33,26.68,79.29,1,1,110
32.02,2.68,4.727,3.775,380.97,383.01,377.88,28.36,67.9,0,0,178
29.17,3.571,4.536,3.916,380.98,378.28,380.92,28.51,52.09,0,0,171
57.54,9.748,9.84,10.694,322.37,389.31,364.2,28.15,64.46,3,3,13
28.71,4.502,2.882,2.211,376.71,382.66,381.4,29.03,58.96,0,0,168
29.92,4.171,4.792,2.916,378.74,377.71,379.44,28.15,64.66,0,0,153
27.99,3.439,4.022,2.557,380.12,380.57,381.93,25.88,71.09,0,0,164
27.47,4.046,2.984,4.128,377.63,378.7,381.95,28.94,63.6,0,0,178
29.41,2.923,4.162,2.588,378.24,381.35,378.81,27.67,60.75,0,0,132
27.55,2.287,2.467,4.539,379.7,382.03,380.55,26.85,65.81,0,0,167
42.4,6.77,6.734,6.962,375.43,384.07,380.27,25.33,79.39,1,1,71
27.64,4.752,3.747,2.53,382.83,380.55,379.85,27.48,50.44,0,0,144
27.54,3.819,2.592,2.153,378.59,379.7,378.31,28.38,50.21,0,0,154
24.99,3.226,3.665,3.543,382.69,379.12,384.56,28.03,74.86,0,0,146
28.55,2.977,2.485,4.252,380.17,383.29,380.09,27.95,54.64,0,0,179
35.15,6.213,6.634,5.379,383.72,380.86,378.28,28.09,54.57,1,1,64
73.95,11.144,11.457,11.863,392.97,374.16,345.41,29.55,52.95,4,4,5
26.96,4.249,3.809,3.89,380.34,378.76,373.1,26.57,52.07,0,0,133
56.3,10.468,9.313,9.226,365.59,382.61,409.25,29.43,76.45,3,3,21
40.89,6.538,5.104,6.127,370.85,374.59,379.73,28.58,51.4,1,1,105
39.64,5.635,6.666,5.428,386.01,378.28,370.66,27.63,60.36,1,1,75
26.42,3.842,2.239,2.31,383.19,382.58,378.16,27.58,53.72,0,0,177
26.93,4.657,4.627,4.846,379.46,382.03,379.7,28.43,64.95,0,0,130
28.81,4.998,3.386,4.09,380.44,384.12,382.65,28.38,52.94,0,0,133
34.89,5.102,6.629,6.515,387.18,378.12,379.83,27.05,50.7,1,1,79
29.7,4.478,2.488,2.642,382.26,378.75,377.19,28.74,55.47,0,0,149
52.11,9.041,9.015,10.473,379.56,398.82,403.0,26.03,67.53,3,3,25
27.36,3.825,3.725,4.12,378.94,380.51,381.2,27.67,61.8,0,0,139
30.51,4.266,2.283,4.409,381.36,381.92,375.59,29.15,58.87,0,0,144
34.26,6.128,6.294,5.293,382.26,377.1,381.53,27.94,78.25,1,1,77
28.3,3.202,3.567,2.771,380.1,382.51,380.93,28.3,72.07,0,0,169
28.53,4.908,4.547,4.784,381.58,381.14,381.96,26.78,78.14,0,0,142
35.78,6.365,5.005,5.727,383.37,381.39,382.98,27.75,58.11,1,1,70
52.85,10.115,9.064,10.231,361.57,374.93,360.31,29.18,64.78,3,3,24
48.43,8.06,8.383,7.361,381.77,389.24,393.27,28.26,70.38,2,2,53
29.82,5.736,6.451,6.593,376.38,374.97,372.91,27.47,60.88,1,1,117
37.9,6.024,6.298,5.726,378.44,386.09,381.98,28.76,57.33,1,1,92
59.85,10.173,10.393,9.576,388.61,378.04,354.74,27.16,55.29,3,3,21
29.37,2.635,2.599,4.303,379.01,379.05,379.62,27.09,63.21,0,0,168
29.26,4.93,3.655,2.224,379.25,381.58,383.28,28.66,72.91,0,0,169
27.94,2.341,3.584,4.462,377.33,382.37,379.95,29.27,60.52,0,0,177
24.3,3.92,4.217,4.373,377.85,382.45,377.63,26.68,57.41,0,0,159
33.75,6.665,6.887,6.93,380.98,389.88,374.59,27.64,68.36,1,1,83
30.21,5.645,5.768,6.442,384.29,383.15,372.87,28.5,77.0,1,1,73
39.32,6.561,6.666,6.297,365.84,378.17,375.93,28.25,55.34,1,1,77
27.96,3.053,2.05,2.151,380.84,375.67,378.73,27.5,76.75,0,0,158
39.97,5.481,5.128,5.11,378.91,379.83,385.96,27.73,61.22,1,1,109
27.28,2.347,2.898,4.077,374.83,378.51,383.05,27.6,66.2,0,0,149
41.5,6.619,5.866,6.659,378.36,379.76,375.0,28.09,72.06,1,1,114
32.12,6.767,6.139,5.517,382.18,382.84,380.23,28.56,78.07,1,1,110
26.31,4.91,4.213,4.318,377.17,380.58,376.28,28.63,54.06,0,0,151
30.61,4.384,2.259,3.445,382.65,379.37,383.52,27.34,58.92,0,0,151
26.96,2.357,2.41,3.041,379.65,379.93,380.0,29.09,63.21,0,0,155
39.23,8.118,7.289,8.345,384.77,373.39,393.46,28.1,68.97,2,2,49
57.94,9.371,9.549,9.187,383.08,377.21,398.34,26.64,63.45,3,3,24
28.72,6.225,6.532,5.703,373.96,382.66,389.11,30.11,59.75,1,1,89
30.41,3.22,2.693,3.755,381.22,376.08,376.47,28.2,69.39,0,0,173
28.93,3.123,2.116,4.215,380.5,383.61,382.17,25.63,73.41,0,0,136
35.62,5.898,5.67,6.855,377.09,376.55,383.41,29.89,71.14,1,1,66
41.39,8.786,8.683,7.233,394.75,396.63,370.76,27.43,77.79,2,2,36
27.19,2.331,3.501,4.519,378.38,378.52,379.78,26.53,61.93,0,0,175
26.57,4.261,2.037,2.113,380.98,379.38,379.61,29.37,62.43,0,0,156
37.87,6.374,5.687,6.059,377.37,376.4,375.11,28.27,69.93,1,1,95
28.92,4.628,4.495,3.036,379.6,380.18,381.43,27.94,78.58,0,0,136
27.08,3.236,4.148,2.912,382.53,381.79,377.07,27.18,60.8,0,0,153
28.75,4.649,3.271,4.866,382.27,379.93,379.86,27.5,68.38,0,0,135
30.22,3.411,3.0,4.156,380.13,380.3,381.28,29.07,62.71,0,0,141
44.44,8.167,7.422,8.025,372.99,372.93,377.33,26.81,61.01,2,2,49
70.71,11.723,11.663,11.297,376.71,408.82,372.86,29.57,78.49,4,4,1
32.5,6.756,5.237,6.305,376.09,364.32,387.64,28.55,78.3,1,1,79
25.84,3.751,4.291,2.025,380.58,379.72,382.61,28.42,78.09,0,0,177
28.0,2.843,3.158,3.294,379.57,378.24,381.1,28.43,64.11,0,0,148
27.68,4.525,2.076,4.318,381.23,380.59,384.0,28.49,58.07,0,0,166
31.74,2.486,3.671,2.445,379.07,377.88,380.02,26.63,70.94,0,0,123
40.3,5.95,5.491,6.308,393.28,373.8,383.99,26.73,63.18,1,1,69
28.21,4.782,4.383,4.346,381.12,379.62,379.19,27.88,60.89,0,0,135
27.32,3.637,3.35,2.128,378.81,378.65,378.08,26.48,70.63,0,0,178
29.3,2.854,2.112,4.193,381.0,376.26,381.47,29.0,72.43,0,0,141
28.27,4.111,4.598,4.531,381.39,379.26,376.86,29.07,60.74,0,0,135
30.61,4.753,4.285,2.78,379.98,378.96,382.14,27.85,52.25,0,0,157
29.01,3.513,3.481,4.974,380.61,382.31,381.03,28.18,62.91,0,0,147
77.98,11.456,11.885,11.725,434.43,380.8,375.6,27.47,64.09,4,4,5
25.16,2.145,4.751,2.037,379.97,379.17,376.52,28.26,53.34,0,0,151
29.96,4.807,4.965,3.613,380.86,382.84,376.37,26.44,58.3,0,0,150
61.16,10.416,10.782,9.797,396.66,384.09,356.09,30.26,74.6,3,3,22
76.21,11.901,11.209,11.86,399.72,382.22,375.04,28.75,52.4,4,4,2
36.57,6.862,6.258,6.014,381.74,386.48,384.8,27.67,50.54,1,1,89
46.11,7.113,7.061,8.4,385.87,375.81,376.85,28.84,64.96,2,2,54
28.85,2.077,2.021,2.341,381.93,380.92,375.92,27.12,55.69,0,0,154
28.16,3.613,4.889,2.083,379.31,382.01,374.9,27.76,50.8,0,0,164
26.52,3.918,2.294,4.27,381.11,378.97,380.89,27.9,70.49,0,0,152
37.4,5.942,5.285,5.544,379.5,376.36,373.76,28.73,50.32,1,1,93
33.93,6.264,5.268,5.714,375.42,380.67,376.05,26.72,68.78,1,1,97
29.56,3.805,3.174,2.862,379.04,378.87,381.6,28.32,52.2,0,0,173
28.67,4.414,4.388,3.073,381.5,376.84,379.79,28.26,54.95,0,0,161
36.6,6.503,5.363,6.117,375.21,379.57,374.7,26.73,78.1,1,1,72
28.54,2.628,2.649,2.778,380.97,378.99,381.0,29.44,51.74,0,0,165
32.23,5.08,5.67,6.459,381.51,375.72,384.24,26.71,53.45,1,1,76
32.64,5.329,5.937,6.909,376.45,384.94,382.32,28.07,69.9,1,1,100
36.69,5.758,6.843,5.552,377.48,381.63,391.92,29.16,64.16,1,1,106
47.11,7.733,7.997,8.27,386.28,385.0,376.74,27.97,72.85,2,2,56
46.99,10.112,10.27,9.327,403.97,366.76,378.75,26.53,70.81,3,3,21
27.0,2.409,3.791,3.126,379.66,376.54,378.45,28.29,75.39,0,0,167
33.04,6.262,5.62,5.005,386.73,385.62,367.06,28.49,59.31,1,1,111
37.29,5.399,5.481,5.207,375.55,370.82,384.94,28.76,68.49,1,1,76
25.98,2.241,4.732,3.382,378.78,378.07,379.38,28.98,68.66,0,0,168
28.13,2.424,3.726,3.103,378.56,376.89,383.11,27.68,61.43,0,0,120
27.76,2.445,4.535,4.775,378.59,380.6,380.52,27.91,68.1,0,0,134
25.57,4.117,4.557,4.723,383.39,380.14,378.81,28.06,61.26,0,0,164
32.11,6.074,6.707,6.945,384.02,383.81,375.38,28.07,72.44,1,1,85
48.64,7.554,7.591,8.463,383.29,377.22,362.85,26.83,79.12,2,2,31
29.36,2.821,4.662,4.784,381.7,381.2,381.64,27.92,71.51,0,0,176
28.03,3.431,4.834,3.108,380.16,381.85,382.42,29.25,67.73,0,0,134
64.64,11.567,11.663,11.603,399.95,358.83,392.69,26.98,59.32,4,4,3
25.18,2.748,2.067,2.363,382.82,379.19,380.6,26.21,74.75,0,0,128
27.77,4.215,3.869,4.696,379.24,381.0,379.4,28.9,60.8,0,0,136
38.41,5.137,6.107,6.663,377.86,374.55,378.76,28.37,60.59,1,1,71
27.6,2.06,4.945,4.583,379.47,376.97,382.88,28.89,66.3,0,0,123
27.23,4.685,3.668,4.751,381.05,382.03,380.92,28.92,59.73,0,0,171
30.18,2.399,2.379,4.6,383.47,376.08,379.83,28.15,64.11,0,0,156
28.71,4.04,2.285,3.625,379.23,382.61,379.28,28.95,75.33,0,0,152
35.66,6.042,6.899,6.417,376.52,380.19,366.6,27.56,71.9,1,1,106
28.85,4.393,3.867,4.933,380.54,381.96,374.77,28.11,61.72,0,0,140
28.92,2.134,3.087,2.011,380.66,379.74,380.31,26.81,71.3,0,0,126
32.85,6.427,5.394,6.872,381.06,380.73,383.36,28.27,74.46,1,1,106
42.67,7.082,7.594,7.648,383.94,384.98,390.94,28.56,56.9,2,2,57
27.55,2.709,4.285,3.514,378.65,380.96,382.24,26.67,79.78,0,0,173
28.06,2.81,4.956,4.809,378.23,380.18,381.67,28.47,76.25,0,0,172
31.16,5.691,5.462,5.078,372.71,379.09,381.39,26.55,51.99,1,1,97
29.56,4.675,4.994,3.051,379.81,380.11,378.33,27.72,74.33,0,0,129
28.45,4.879,2.805,4.36,380.31,380.65,383.04,27.98,63.08,0,0,120
34.95,5.13,6.613,6.816,379.52,371.74,381.72,28.01,71.7,1,1,69
54.84,10.372,10.952,10.55,387.35,373.93,389.72,28.43,76.24,3,3,17
44.06,7.31,8.796,8.256,390.02,383.7,395.28,27.38,72.47,2,2,38
36.0,5.919,6.381,5.154,381.82,380.38,382.4,27.69,76.24,1,1,94
29.59,6.031,6.304,5.852,381.86,384.22,379.76,27.11,63.6,1,1,117
25.06,2.255,4.23,4.655,382.44,380.42,379.6,28.65,77.64,0,0,150
35.89,6.214,6.071,6.988,383.68,380.68,378.82,28.47,53.65,1,1,78
28.38,4.76,4.443,4.596,381.51,382.61,380.2,28.72,76.1,0,0,176
28.39,3.701,3.464,4.206,382.48,377.03,380.97,25.82,53.17,0,0,148
36.4,6.9,6.739,5.259,375.41,376.32,394.29,26.64,57.12,1,1,61
39.01,5.441,5.081,5.369,371.0,375.68,376.27,28.82,62.46,1,1,62
29.48,2.912,2.009,2.253,379.56,379.07,380.55,29.29,78.73,0,0,165
52.07,10.378,9.816,10.593,394.13,384.09,394.4,28.76,70.0,3,3,28
27.74,4.059,2.952,4.132,384.26,381.08,378.75,28.62,50.91,0,0,164
28.87,2.097,4.71,2.371,382.15,381.24,383.73,25.91,53.28,0,0,124
25.14,4.913,3.275,2.122,381.36,377.54,377.79,27.59,75.0,0,0,150
41.81,7.115,7.256,7.606,395.47,383.14,378.42,28.76,60.06,2,2,46
33.89,6.661,5.07,6.294,376.32,379.44,376.67,27.34,53.12,1,1,76
27.39,3.2,3.288,4.605,381.53,377.2,378.62,28.86,72.15,0,0,179
36.12,6.453,5.333,6.506,377.24,373.53,389.0,28.88,73.66,1,1,106
28.88,3.7,4.762,2.404,378.38,377.87,381.0,27.24,80.0,0,0,142
52.66,7.684,8.725,7.074,375.53,366.8,379.74,27.2,51.58,2,2,30
26.14,4.677,2.414,3.046,382.63,378.83,375.24,27.67,50.52,0,0,171
25.37,2.786,3.869,4.44,378.52,378.18,375.92,26.1,79.44,0,0,135
45.86,9.255,9.968,9.402,367.46,403.36,359.95,29.23,70.33,3,3,16
28.25,3.247,3.328,2.239,380.66,382.81,380.24,27.73,55.51,0,0,138
26.69,3.179,2.622,4.605,379.8,385.65,379.19,28.31,69.52,0,0,144
32.74,5.562,6.72,5.312,381.15,373.45,377.13,29.52,57.0,1,1,71
67.47,11.831,11.342,11.464,382.52,383.23,376.58,28.45,68.83,4,4,4
24.51,3.385,3.036,3.281,381.41,377.54,378.78,28.03,71.36,0,0,135
27.34,4.149,3.018,4.261,380.7,382.18,383.01,26.49,60.43,0,0,175
25.69,4.663,4.419,4.953,378.94,380.55,379.26,27.6,68.68,0,0,143
29.69,2.974,3.844,3.621,381.07,377.52,379.9,27.01,65.44,0,0,176
27.82,3.72,2.845,2.82,381.97,375.55,379.76,28.78,74.55,0,0,164
30.73,6.036,5.092,6.879,382.49,378.76,378.24,29.27,74.01,1,1,89
69.63,11.14,11.919,11.364,379.33,413.93,367.2,26.23,66.91,4,4,5
30.59,2.017,4.684,3.597,381.37,379.85,378.25,29.24,56.34,0,0,144
23.64,2.776,3.339,2.611,378.68,381.03,380.53,27.86,56.64,0,0,173
26.83,2.245,4.865,4.2,383.38,380.25,377.66,28.41,60.47,0,0,124
27.7,2.567,4.081,4.976,373.42,380.67,376.85,28.43,76.1,0,0,174
55.95,10.475,9.387,10.464,398.91,389.42,374.08,28.77,72.24,3,3,22
28.34,4.477,2.057,4.493,379.39,378.54,380.54,28.06,62.33,0,0,124
30.54,4.207,4.061,4.006,381.3,380.78,380.71,26.52,71.09,0,0,130
39.97,5.78,5.723,6.71,375.16,379.11,380.77,27.37,75.94,1,1,74
29.64,4.741,3.657,2.478,378.54,382.18,378.78,28.04,59.55,0,0,137
36.58,6.726,5.788,5.622,381.2,377.26,382.87,27.58,66.56,1,1,99
30.78,3.012,2.736,2.213,380.6,382.0,380.53,29.0,76.75,0,0,166
45.06,7.841,7.786,7.743,372.98,369.12,380.94,27.18,50.36,2,2,37
48.01,9.754,9.186,10.035,375.04,386.33,384.81,29.2,58.75,3,3,27
30.81,6.609,6.506,5.584,380.97,374.76,381.74,28.3,54.94,1,1,76
63.77,11.473,11.413,11.041,392.69,394.76,399.02,26.52,73.08,4,4,1
27.14,4.533,2.538,2.522,380.54,378.43,381.16,29.41,74.61,0,0,145
30.25,4.287,4.633,2.877,378.68,379.74,377.22,27.56,62.97,0,0,164
35.95,6.737,6.866,6.435,389.27,380.1,380.51,28.11,76.84,1,1,86
36.35,5.584,5.77,5.934,381.09,378.61,380.63,28.78,54.66,1,1,105
26.5,3.967,4.264,3.688,383.43,377.61,381.19,29.06,58.21,0,0,175
28.55,2.943,3.851,3.995,379.29,380.58,379.42,28.65,65.44,0,0,172
29.71,4.258,2.342,3.559,382.7,381.3,380.02,27.23,70.74,0,0,144
28.84,3.639,3.074,3.993,379.62,377.27,376.32,30.2,70.36,0,0,176
27.19,2.718,3.168,4.99,379.62,378.4,381.89,28.04,65.74,0,0,177
31.54,6.967,6.982,6.598,392.93,372.61,384.69,27.49,79.51,1,1,107
27.23,4.799,2.076,2.991,379.9,380.05,378.22,28.66,56.15,0,0,174
30.07,3.002,2.433,3.608,379.55,379.34,381.16,28.32,79.94,0,0,136
40.8,5.321,6.879,5.797,380.15,379.52,380.01,28.09,64.73,1,1,91
35.27,5.212,6.151,6.642,384.05,377.47,377.6,28.52,72.3,1,1,69
55.79,10.769,10.13,9.16,373.19,407.55,366.07,28.4,76.85,3,3,18
36.3,5.964,6.128,6.541,383.36,377.29,376.37,29.01,76.87,1,1,82
27.03,2.588,2.601,3.782,383.46,383.51,376.9,29.03,63.02,0,0,147
45.67,8.591,8.74,8.693,376.77,384.28,367.38,27.76,69.4,2,2,34
28.6,3.388,4.903,3.658,380.39,378.97,379.91,27.63,66.73,0,0,123
26.39,4.645,4.891,4.654,380.55,378.35,377.92,27.84,60.7,0,0,136
32.89,6.958,6.452,5.561,378.66,382.74,385.34,27.64,69.51,1,1,63
62.42,10.944,10.233,9.675,404.02,367.45,365.36,29.44,59.94,3,3,21
28.58,2.995,4.19,2.487,378.75,382.01,378.24,27.34,64.57,0,0,147
29.01,3.181,4.299,4.685,379.81,376.31,382.99,28.23,76.1,0,0,178
27.62,3.837,4.911,3.814,379.25,382.0,378.91,26.98,59.13,0,0,138
29.46,4.119,2.525,4.575,378.71,377.6,378.21,27.18,59.47,0,0,128
28.92,2.065,3.873,2.542,381.44,382.28,383.05,27.19,64.94,0,0,173
34.75,6.048,6.643,6.434,380.96,377.99,376.36,27.83,57.4,1,1,61
27.92,4.126,2.775,3.273,380.56,380.57,380.54,26.66,56.77,0,0,151
65.33,9.195,9.872,10.302,399.42,388.89,350.32,27.63,51.4,3,3,12
45.79,8.962,7.84,8.425,369.62,386.01,385.82,28.07,56.96,2,2,48
33.73,5.683,5.624,6.717,379.31,377.96,388.02,26.58,71.83,1,1,106
42.05,8.823,7.828,7.022,386.06,390.14,396.38,26.81,50.88,2,2,45
28.59,2.224,2.325,2.677,376.9,379.56,383.26,27.99,70.92,0,0,149
28.73,4.201,3.032,2.406,380.14,384.02,379.6,27.09,67.79,0,0,175
34.06,6.001,5.125,5.906,373.57,383.2,374.77,28.38,73.78,1,1,92
41.78,7.688,8.527,7.531,369.7,383.39,362.17,28.04,74.3,2,2,38
43.96,8.79,7.819,8.242,381.33,383.51,382.95,28.64,78.46,2,2,46
28.06,4.95,3.968,2.385,381.41,379.84,381.99,28.82,51.0,0,0,135
53.83,10.261,9.701,9.216,370.79,421.17,375.85,27.52,54.54,3,3,18
26.81,2.623,3.636,2.399,380.34,380.72,379.56,27.53,55.15,0,0,178
54.89,9.638,10.965,10.559,386.95,394.13,395.48,26.98,66.09,3,3,11
67.01,11.795,11.585,11.196,421.46,381.86,392.51,27.57,53.18,4,4,3
28.14,3.094,2.806,3.06,377.2,379.65,382.75,26.88,57.73,0,0,162
33.82,6.077,5.732,5.679,378.98,385.88,379.29,27.36,76.87,1,1,62
27.65,4.869,4.572,3.312,379.03,375.88,378.06,29.94,74.55,0,0,165
28.91,2.049,4.262,4.558,381.19,382.88,381.2,29.37,73.77,0,0,129
28.04,4.748,4.764,3.589,379.64,380.96,378.88,25.72,65.27,0,0,167
33.17,6.687,6.566,6.161,384.72,383.0,377.94,26.31,69.24,1,1,64
48.43,10.841,10.016,10.445,357.73,376.59,380.64,27.61,70.36,3,3,22
41.57,6.79,5.732,6.657,375.77,378.42,376.52,29.73,78.24,1,1,81
28.65,4.339,2.913,4.277,382.98,379.46,379.38,28.48,57.38,0,0,176
43.22,8.783,8.159,7.989,363.64,392.49,381.59,28.23,68.73,2,2,32
79.17,11.724,11.676,11.095,392.83,412.95,355.27,28.89,58.29,4,4,3
26.74,4.68,2.228,3.232,383.84,379.94,383.08,28.93,61.68,0,0,177
69.77,11.782,11.287,11.856,334.07,354.46,383.1,29.92,50.4,4,4,1
27.87,3.78,4.66,4.946,378.71,380.09,380.72,29.67,51.32,0,0,120
43.55,8.562,7.405,8.519,365.07,391.68,370.74,28.79,63.12,2,2,33
27.39,2.111,3.234,4.122,379.08,386.53,381.31,28.78,70.05,0,0,163
26.58,2.531,3.113,4.741,381.74,381.59,383.8,28.73,62.93,0,0,145
28.53,2.025,4.495,2.076,382.51,381.08,379.11,28.51,73.19,0,0,156
31.79,6.768,6.721,5.198,379.31,386.03,387.95,25.89,56.43,1,1,76
27.4,4.113,4.756,4.418,379.11,382.82,374.88,26.42,66.96,0,0,179
27.56,2.273,3.161,2.673,378.27,381.05,378.97,27.63,54.66,0,0,131
41.33,6.458,5.494,5.602,382.84,376.06,376.0,28.71,60.57,1,1,76
62.29,9.264,10.295,10.537,379.66,359.28,360.53,27.55,68.69,3,3,10
24.97,2.056,3.453,3.008,381.28,379.83,380.68,25.88,70.85,0,0,151
28.82,2.851,4.231,3.807,380.37,381.64,380.09,27.41,67.56,0,0,168
26.42,3.576,3.748,2.712,379.74,379.21,380.6,28.4,50.7,0,0,138
30.59,3.229,4.257,4.864,378.68,378.73,383.57,26.94,67.36,0,0,161
46.36,8.812,8.105,7.35,386.65,373.04,374.54,27.32,63.77,2,2,49
46.28,8.272,7.025,7.216,377.68,372.43,374.04,27.6,59.78,2,2,46
35.58,6.165,5.673,5.516,381.66,380.13,371.63,29.43,64.85,1,1,93
26.61,2.06,2.854,4.704,382.87,380.11,383.33,27.08,75.27,0,0,169
45.94,8.56,7.901,8.234,381.2,410.68,382.89,27.08,54.63,2,2,35
36.69,6.985,5.534,5.408,378.18,373.6,388.8,26.8,67.94,1,1,115
52.61,8.577,7.136,7.006,390.11,372.31,389.78,27.89,56.41,2,2,40
32.18,6.142,6.614,5.085,387.87,377.04,378.33,27.89,53.18,1,1,85
39.49,7.833,7.819,7.477,370.34,363.87,395.5,28.65,60.77,2,2,38
38.26,5.834,5.653,6.049,377.02,379.86,383.74,28.09,62.41,1,1,77
28.58,4.813,4.08,2.925,377.04,379.81,380.57,28.2,72.21,0,0,138
67.96,11.68,11.778,11.472,376.09,367.75,413.92,29.32,70.78,4,4,2
26.84,3.26,4.521,3.313,380.77,376.68,379.08,27.14,74.89,0,0,151
37.41,5.807,5.829,6.737,376.97,377.21,380.13,28.32,51.07,1,1,90
27.03,4.577,2.368,3.773,385.21,377.84,378.39,26.98,63.43,0,0,152
30.08,6.469,5.807,5.39,376.59,379.19,378.36,26.64,72.83,1,1,111
35.39,6.315,5.956,5.553,386.52,374.77,373.0,27.89,66.54,1,1,87
25.79,4.002,2.251,4.28,379.66,380.58,382.81,27.31,66.27,0,0,161
29.22,3.036,3.478,2.554,380.69,378.81,379.43,28.24,52.8,0,0,162
33.92,5.395,6.232,5.869,383.92,381.39,379.18,29.42,55.14,1,1,112
46.53,8.458,7.098,7.144,384.32,393.2,387.23,27.28,56.94,2,2,56
27.37,3.555,2.328,2.69,380.71,385.66,379.98,28.01,75.38,0,0,150
29.61,4.424,2.774,4.237,381.81,381.13,380.91,29.32,69.23,0,0,174
38.49,5.148,6.208,6.567,375.06,380.44,384.08,26.54,72.71,1,1,91
28.3,4.292,2.857,2.709,377.97,381.25,381.49,27.93,58.38,0,0,173
30.12,2.465,3.685,3.275,376.68,377.74,380.45,30.05,79.63,0,0,172
27.48,4.185,2.772,4.886,380.47,378.34,380.0,27.8,72.38,0,0,154
29.12,3.377,4.673,2.087,380.63,376.68,382.31,27.16,50.77,0,0,152
29.71,2.947,2.418,4.215,380.68,380.57,381.45,28.02,56.75,0,0,179
27.05,3.151,3.481,3.35,380.68,380.41,377.01,25.74,68.8,0,0,155
27.77,3.3,4.344,2.065,379.51,379.59,387.09,28.38,63.38,0,0,162
27.1,3.22,3.978,4.183,379.82,380.32,377.94,29.29,66.47,0,0,174
26.36,4.526,3.663,2.479,386.14,380.52,384.66,27.78,76.08,0,0,127
26.82,4.968,3.107,2.165,380.62,379.2,377.42,28.93,51.69,0,0,132
27.98,3.128,3.597,4.505,378.06,380.83,377.96,26.35,57.97,0,0,175
35.39,8.972,8.812,8.055,385.01,372.76,365.14,28.93,61.85,2,2,49
27.34,2.71,4.659,4.348,382.71,377.82,381.24,27.59,77.12,0,0,130
26.91,3.234,4.38,2.609,377.83,379.96,376.9,27.43,64.58,0,0,123
27.23,2.632,4.409,3.333,381.46,378.83,376.78,28.54,55.89,0,0,123
25.69,2.862,4.124,3.195,379.69,378.68,378.5,27.47,60.38,0,0,133
41.82,6.522,6.324,5.893,386.1,378.42,390.75,27.09,73.5,1,1,103
30.94,5.869,6.579,6.267,377.12,375.92,377.42,28.51,75.95,1,1,85
47.98,10.288,10.625,9.808,394.61,383.48,380.51,27.75,50.48,3,3,28
29.2,5.022,6.471,6.616,382.09,373.42,383.52,27.15,74.68,1,1,111
70.39,11.901,11.034,11.463,395.77,313.34,382.77,27.19,74.24,4,4,5
24.61,3.571,4.961,4.39,381.22,383.15,378.8,27.88,70.18,0,0,147
28.57,4.157,4.802,4.724,379.85,380.76,378.33,28.92,51.8,0,0,133
28.55,2.301,3.677,4.54,380.99,376.2,378.69,29.27,71.77,0,0,130
29.15,4.288,2.432,4.464,382.88,381.4,379.31,29.12,70.5,0,0,171
25.91,4.951,3.638,4.258,377.75,379.19,376.25,26.38,56.64,0,0,171
39.66,6.361,6.125,6.958,376.4,379.82,374.48,26.89,71.79,1,1,98
27.57,2.583,4.654,3.123,381.19,382.62,378.54,28.95,55.81,0,0,171
54.12,9.464,10.559,10.313,379.21,374.43,401.18,28.84,75.68,3,3,10
44.97,8.384,7.306,7.994,382.99,390.02,385.93,28.06,72.18,2,2,35
30.41,3.332,4.143,4.341,378.8,380.97,381.47,28.33,68.9,0,0,175
25.05,2.917,4.386,2.965,381.65,379.63,378.35,27.83,76.04,0,0,131
28.35,3.078,2.574,4.158,383.38,379.01,378.46,27.93,51.59,0,0,173
27.52,2.25,2.168,4.883,379.58,382.36,379.7,27.91,55.93,0,0,161
25.27,4.798,4.958,2.864,378.01,382.88,381.29,27.25,61.07,0,0,129
30.51,4.483,2.272,2.44,381.17,382.59,380.7,27.83,58.42,0,0,168
26.86,2.407,2.096,2.681,378.81,379.36,379.22,28.47,76.03,0,0,139
27.41,4.413,4.81,3.52,381.13,380.57,384.4,27.19,60.55,0,0,179
75.41,11.364,11.015,11.349,395.9,349.81,366.16,28.26,50.29,4,4,5
41.47,5.207,6.577,5.779,375.57,372.32,384.94,27.78,63.74,1,1,111
59.31,9.857,9.076,9.688,397.93,370.74,376.04,29.09,64.99,3,3,11
28.57,3.21,4.382,2.869,378.68,380.63,380.61,27.18,50.51,0,0,135
27.91,3.878,3.92,2.34,380.24,380.65,383.79,27.26,56.61,0,0,153
35.3,6.126,6.336,5.77,379.67,366.51,378.49,27.97,63.31,1,1,107
28.64,2.96,4.138,3.407,381.71,382.55,377.59,27.84,67.91,0,0,164
26.27,4.62,2.924,2.003,379.49,377.73,382.54,27.99,73.86,0,0,162
27.57,5.946,6.826,5.411,371.63,380.83,384.62,29.11,74.1,1,1,67
27.96,5.984,6.552,5.833,378.32,373.74,383.6,28.46,70.16,1,1,81
31.3,3.612,3.606,2.594,383.12,379.79,376.35,29.3,52.84,0,0,144
27.29,2.936,4.323,4.871,378.85,380.99,379.82,29.26,77.42,0,0,138
29.36,3.44,2.707,2.253,383.91,383.89,376.34,27.67,58.46,0,0,156
26.75,2.242,4.951,2.881,378.87,376.78,376.96,26.04,65.72,0,0,139
30.24,4.473,4.362,3.342,379.28,381.68,381.92,27.6,60.87,0,0,144
28.92,2.655,4.097,3.158,383.92,379.02,382.6,28.58,76.6,0,0,176
30.26,2.017,4.606,3.785,379.74,378.56,377.54,28.5,72.34,0,0,138
61.7,11.033,11.601,11.363,406.82,363.88,418.17,28.17,54.52,4,4,3
36.67,5.069,5.071,6.92,379.89,375.39,382.97,27.57,64.25,1,1,76
36.19,6.645,6.691,5.237,377.8,383.33,379.18,28.03,62.95,1,1,90
28.28,4.504,3.835,4.238,382.36,378.32,381.64,27.08,66.82,0,0,154
28.7,2.775,2.668,4.685,378.98,377.54,378.94,27.19,70.03,0,0,122
28.83,4.429,3.542,2.473,381.39,381.09,379.94,27.98,73.46,0,0,168
29.1,3.72,4.652,3.346,379.35,383.79,379.68,26.38,78.27,0,0,137
27.51,4.97,2.385,3.426,377.22,382.63,379.42,26.74,54.18,0,0,179
46.46,7.637,8.723,7.074,384.0,391.02,381.06,27.52,67.69,2,2,37
39.42,5.367,6.963,6.759,380.46,372.5,371.19,28.44,72.38,1,1,68
23.59,3.164,3.362,2.111,379.75,377.81,379.82,27.79,70.09,0,0,125
28.57,3.526,4.545,2.136,380.39,376.93,375.96,28.35,57.39,0,0,121
52.48,9.643,9.05,10.112,404.96,376.64,381.58,28.89,72.91,3,3,8
27.43,2.999,3.708,2.251,381.12,379.85,382.79,27.14,63.95,0,0,140
28.46,2.189,2.808,4.773,380.36,380.22,381.13,28.5,61.91,0,0,141
27.85,3.074,2.296,4.265,379.15,377.0,380.58,26.96,79.49,0,0,141
47.27,7.355,8.543,8.937,389.02,392.27,377.31,28.47,53.89,2,2,34
74.4,11.519,11.217,11.529,426.75,363.73,388.58,28.04,65.87,4,4,2
26.88,2.171,2.119,2.015,374.83,383.5,379.65,28.49,66.07,0,0,166
60.66,9.087,9.222,10.327,358.63,385.17,372.38,29.69,73.39,3,3,19
48.55,8.771,7.624,8.438,382.99,384.7,377.36,27.87,71.03,2,2,43
25.1,2.46,3.101,4.783,381.42,378.88,382.06,26.77,69.96,0,0,173
27.6,4.415,3.745,3.638,378.78,380.68,378.38,26.9,73.68,0,0,170
28.61,2.707,4.759,2.743,380.08,375.16,383.48,28.15,74.91,0,0,161
69.38,11.882,11.892,11.218,397.44,406.7,379.33,29.05,71.79,4,4,1
29.19,2.858,2.13,3.654,378.86,381.0,381.77,27.61,61.4,0,0,130
41.37,7.116,7.086,7.059,391.24,377.03,375.49,29.77,60.69,2,2,48
26.7,2.842,4.784,2.821,382.52,377.05,380.38,27.13,50.03,0,0,139
33.97,5.983,5.978,5.314,377.88,382.29,376.66,28.58,72.79,1,1,91
29.57,4.396,2.074,4.479,382.7,382.4,377.77,27.97,68.73,0,0,123
38.24,6.902,6.74,6.585,373.63,380.59,381.41,28.41,79.87,1,1,85
51.09,8.293,8.767,7.368,392.6,378.47,374.06,27.64,57.93,2,2,39
46.9,8.512,8.434,7.145,387.32,374.29,380.35,29.61,76.94,2,2,51
52.47,8.185,8.287,8.035,384.7,391.71,381.11,26.89,73.49,2,2,39
24.66,3.932,3.313,2.779,385.28,381.13,382.62,29.63,72.81,0,0,146
30.77,6.594,6.285,5.996,375.16,385.15,380.23,29.14,57.98,1,1,87
27.14,3.93,2.295,2.037,373.6,379.73,378.78,27.12,66.58,0,0,124
27.96,4.262,4.177,3.404,379.48,380.93,381.83,27.75,63.36,0,0,151
29.57,3.572,3.435,4.337,377.25,379.9,378.35,29.65,53.37,0,0,125
29.18,4.211,2.44,2.072,379.09,379.71,384.67,29.53,64.92,0,0,135
27.04,3.882,4.53,2.121,379.55,381.12,380.62,28.25,61.32,0,0,123
70.28,11.794,11.514,11.369,425.1,345.52,347.11,28.33,75.89,4,4,3
28.02,3.919,2.027,2.888,383.62,378.05,382.33,27.63,62.75,0,0,153
35.66,5.747,6.544,6.425,384.34,380.63,389.19,29.87,69.61,1,1,115
29.22,3.696,4.527,3.323,381.16,381.23,379.57,26.61,54.02,0,0,131
27.35,3.988,3.429,2.509,378.85,380.24,383.36,29.23,57.32,0,0,130
27.39,3.746,3.673,4.454,377.3,378.96,378.45,28.23,62.52,0,0,122
56.91,10.642,10.96,9.018,405.66,377.73,391.13,28.4,55.02,3,3,21
56.33,9.43,9.607,10.06,360.42,364.86,374.14,27.64,62.87,3,3,10
50.42,9.931,9.185,9.187,350.66,371.97,375.0,28.85,74.94,3,3,8
65.05,11.115,11.124,11.639,390.22,366.45,382.24,29.29,56.79,4,4,5
27.6,4.101,4.304,4.573,380.15,382.37,380.2,28.36,52.81,0,0,125
27.55,4.488,4.51,3.713,377.11,382.64,379.02,28.71,63.67,0,0,153
32.59,6.9,5.827,6.262,386.49,383.53,374.79,28.62,75.48,1,1,94
31.58,2.939,4.58,3.318,379.91,382.11,382.75,27.8,59.85,0,0,133
29.45,2.415,3.734,4.423,381.63,380.02,378.7,26.44,76.49,0,0,132
30.14,2.669,2.932,4.912,376.03,381.46,380.83,28.62,62.28,0,0,136
28.91,6.621,5.731,6.582,378.77,379.01,378.11,29.77,55.86,1,1,99
32.89,5.02,6.953,6.798,379.21,370.47,385.5,27.97,68.72,1,1,108
25.83,3.908,4.122,3.815,379.93,381.61,378.23,29.91,53.33,0,0,177
27.16,3.397,2.448,4.544,382.32,382.84,381.58,29.05,74.09,0,0,159
35.95,6.43,6.811,6.988,386.31,379.04,382.43,27.45,74.16,1,1,80
34.14,6.588,5.163,5.515,389.14,369.04,381.82,28.02,73.4,1,1,96
26.13,4.676,3.791,3.031,377.6,379.61,382.36,27.1,73.4,0,0,131
31.5,6.733,5.074,6.21,386.8,383.82,383.6,28.37,63.84,1,1,117
29.97,4.313,2.696,3.877,379.79,378.23,383.35,28.57,65.28,0,0,155
26.07,2.776,4.679,2.444,384.89,378.08,379.36,28.3,76.03,0,0,171
45.05,7.826,7.902,7.917,376.97,382.76,387.99,28.9,77.47,2,2,56
37.12,6.969,5.195,5.317,382.43,377.62,385.6,26.26,70.49,1,1,111
27.86,2.203,3.437,2.658,378.56,381.74,378.94,25.95,55.55,0,0,169
35.98,5.324,5.476,5.952,376.92,387.39,381.66,29.45,76.38,1,1,113
35.74,5.466,6.579,5.016,392.07,385.64,379.42,29.27,50.58,1,1,64
43.1,7.786,7.44,7.887,372.73,383.51,385.47,26.86,63.02,2,2,30
33.4,6.031,5.718,5.951,376.66,379.04,379.02,28.72,56.5,1,1,107
38.05,5.642,6.222,6.578,386.53,382.31,376.47,26.86,53.33,1,1,99
26.21,4.793,3.295,4.759,380.45,381.3,378.03,29.36,64.54,0,0,158
27.14,3.214,4.894,2.44,379.2,381.64,375.49,28.27,69.05,0,0,141
26.77,2.945,4.246,3.951,380.7,379.48,378.83,27.95,77.43,0,0,134
28.66,3.092,2.068,4.385,382.49,380.41,382.92,27.81,71.46,0,0,165
30.29,6.371,6.291,6.199,385.3,377.13,375.53,27.37,79.23,1,1,104
26.45,2.832,4.617,3.114,375.65,382.19,381.42,26.97,51.29,0,0,155
25.79,4.969,4.436,4.57,376.9,377.77,377.57,27.62,58.76,0,0,149
30.54,2.665,4.893,4.406,380.57,380.24,380.84,27.65,66.36,0,0,152
27.66,4.773,4.443,2.609,377.59,378.02,381.74,27.64,73.87,0,0,157
28.67,4.44,3.884,2.445,378.06,376.71,383.4,27.75,76.29,0,0,145
32.01,5.509,6.899,6.019,379.75,394.32,388.73,28.76,51.72,1,1,108
26.56,3.173,4.276,3.755,381.01,383.23,379.79,26.39,78.68,0,0,176
32.37,5.636,5.477,6.573,387.26,370.62,376.39,28.59,67.37,1,1,75
48.6,10.243,9.015,9.314,392.05,364.31,403.75,29.39,53.74,3,3,19
26.92,4.374,2.654,4.01,377.56,380.34,379.06,28.55,69.52,0,0,145
27.03,4.801,2.816,4.91,381.04,380.12,380.87,28.34,60.18,0,0,138
31.48,2.57,3.494,4.057,377.82,382.63,377.89,27.15,75.16,0,0,133
33.37,5.06,6.383,6.146,377.59,381.78,378.1,28.79,56.12,1,1,99
30.97,5.624,6.274,6.657,387.21,379.87,386.25,26.07,50.71,1,1,79
28.89,4.741,4.383,4.772,378.96,383.8,377.1,27.97,66.1,0,0,153
28.83,3.432,4.574,3.405,381.06,379.79,380.08,27.36,54.92,0,0,147
52.47,9.689,10.231,9.158,365.0,384.9,356.45,28.3,61.66,3,3,24
28.48,2.412,3.554,4.557,377.95,379.38,375.73,28.03,68.28,0,0,172
30.11,3.83,2.094,3.336,379.93,382.25,382.13,25.4,71.88,0,0,139
50.16,7.723,7.003,8.058,389.38,396.63,388.38,27.95,51.49,2,2,35
29.95,6.063,5.199,6.589,378.8,377.76,381.37,29.67,60.99,1,1,86
56.84,10.735,10.481,10.439,393.47,387.69,378.66,27.69,68.78,3,3,26
38.5,6.103,6.195,5.564,385.76,385.03,378.74,26.64,62.74,1,1,115
40.19,7.923,8.684,7.861,357.78,383.55,386.96,28.45,68.2,2,2,53
27.7,2.675,2.036,4.171,377.95,381.49,381.41,27.7,73.19,0,0,178
31.47,6.514,6.169,5.535,384.4,386.53,371.96,27.6,57.01,1,1,111
47.5,10.75,10.388,9.753,377.88,388.51,386.5,30.72,62.71,3,3,14
32.96,5.178,6.438,6.605,384.95,384.02,380.76,27.57,71.11,1,1,115
30.23,2.405,4.919,4.644,381.79,379.57,379.81,28.96,72.38,0,0,138
29.27,2.33,4.025,2.68,377.29,381.93,379.76,27.92,70.64,0,0,145
28.48,2.552,3.655,2.63,381.18,380.21,380.01,26.94,70.42,0,0,169
26.69,2.046,4.516,2.532,380.3,380.42,379.15,28.32,72.03,0,0,165
24.66,4.468,3.95,4.371,378.19,381.78,380.2,29.05,63.05,0,0,128
36.58,5.122,6.719,6.523,382.38,365.27,371.42,28.15,68.55,1,1,99
35.34,6.111,6.344,5.326,374.97,380.98,371.59,27.3,77.91,1,1,111
29.36,3.709,4.656,3.893,378.95,379.76,381.39,27.88,63.15,0,0,172
34.7,5.363,5.518,6.17,385.11,378.66,381.22,25.77,67.38,1,1,109
27.47,3.276,2.294,4.658,376.87,379.77,375.21,29.25,73.71,0,0,122
28.85,3.453,2.421,2.194,379.58,379.54,378.2,28.56,58.07,0,0,165
29.27,3.283,3.111,4.835,378.88,380.03,379.36,27.81,74.64,0,0,153
26.57,3.995,2.647,4.417,382.85,380.58,378.7,30.22,61.02,0,0,174
29.14,3.76,4.604,2.652,379.66,381.27,380.99,27.27,58.71,0,0,177
25.82,3.885,3.997,4.34,380.89,377.64,376.34,27.28,70.75,0,0,168
26.62,4.242,3.089,3.708,378.71,380.94,377.51,28.11,71.36,0,0,140
38.76,7.132,7.275,7.015,393.29,373.97,401.54,26.46,55.82,2,2,41
28.46,2.092,4.09,3.113,379.95,377.35,378.93,28.85,51.49,0,0,132
32.97,6.096,5.715,5.854,381.7,363.03,386.49,29.03,79.86,1,1,90
35.81,6.469,6.511,5.181,381.84,389.76,381.04,27.87,68.83,1,1,61
47.0,8.776,7.808,7.955,380.94,387.95,370.56,28.17,74.53,2,2,30
55.62,9.974,10.694,9.549,365.01,408.63,359.86,28.41,77.45,3,3,19
32.07,3.141,3.792,4.537,376.78,381.56,376.02,29.71,51.53,0,0,163
26.04,4.731,3.618,4.482,383.92,378.81,383.86,27.35,68.14,0,0,148
61.4,10.892,10.447,9.907,362.68,372.55,373.21,28.3,53.14,3,3,26
28.99,4.584,4.978,4.194,377.33,379.1,378.57,28.12,55.96,0,0,139
36.92,6.247,5.858,5.798,381.09,381.9,366.67,28.28,59.98,1,1,100
35.17,6.275,6.488,5.167,373.58,373.44,379.06,28.11,70.62,1,1,69
34.48,6.642,5.222,6.012,377.29,380.62,383.35,26.67,58.48,1,1,103
44.7,9.576,10.573,9.819,354.3,362.12,382.69,28.15,59.56,3,3,16
62.51,11.352,11.443,11.873,414.09,385.41,368.69,28.62,69.46,4,4,2
32.35,6.145,5.311,6.633,380.08,379.81,383.72,28.3,75.81,1,1,73
29.14,2.465,4.719,4.874,380.18,380.26,379.79,27.85,61.75,0,0,170
54.21,9.208,9.104,10.935,391.31,381.69,364.44,26.51,64.27,3,3,10
25.31,2.299,4.373,3.131,378.42,377.77,382.67,28.54,55.51,0,0,175
30.17,4.547,4.456,4.69,380.15,376.46,378.54,28.14,51.44,0,0,154
63.71,10.676,10.29,10.466,379.31,381.25,401.92,28.5,74.84,3,3,22
30.0,3.374,2.596,3.423,380.01,379.71,377.02,28.1,62.14,0,0,153
27.45,4.313,2.97,3.119,375.69,380.44,378.43,26.7,62.67,0,0,156
28.79,2.82,2.786,2.983,380.72,376.87,381.36,28.04,51.1,0,0,133
48.13,8.366,8.771,8.475,381.2,369.01,388.26,28.64,76.17,2,2,41
30.08,2.792,4.223,3.815,381.68,382.91,380.13,27.57,55.92,0,0,148
35.13,5.562,5.945,6.64,392.33,373.28,380.49,28.16,71.13,1,1,65
30.83,4.083,2.294,4.624,378.07,378.31,379.71,30.01,70.04,0,0,126
45.22,8.048,8.474,7.983,358.93,368.38,373.32,28.58,53.69,2,2,45
48.94,8.21,8.98,7.957,393.11,374.84,371.61,27.88,62.36,2,2,57
27.27,4.565,2.541,3.931,383.69,380.52,377.29,29.01,76.48,0,0,153
27.52,4.518,3.504,2.973,379.5,380.26,378.89,26.81,56.14,0,0,151
30.56,3.834,4.493,3.402,379.11,378.37,380.71,28.66,57.37,0,0,155
67.39,11.11,11.882,11.106,376.05,383.32,364.99,27.04,51.33,4,4,3
34.29,6.731,5.779,5.22,379.44,379.58,387.03,27.9,79.32,1,1,113
55.79,10.492,9.781,9.816,357.98,381.69,382.02,26.83,63.38,3,3,14
26.41,4.409,2.743,4.536,378.1,381.79,380.34,28.21,69.21,0,0,158
42.86,7.939,7.61,7.62,404.01,375.07,380.51,26.75,71.61,2,2,46
43.62,8.764,7.534,8.142,386.95,374.51,377.75,27.27,57.42,2,2,34
30.46,5.164,5.65,6.412,377.29,382.42,380.43,28.51,57.52,1,1,77
66.6,11.833,11.097,11.437,407.02,387.36,372.71,28.33,69.16,4,4,2
29.16,2.961,3.246,4.955,380.63,379.03,381.4,28.79,72.67,0,0,171
29.46,4.71,3.502,4.26,381.18,380.64,379.65,27.83,54.73,0,0,131
37.32,5.378,6.136,5.187,377.08,384.37,383.88,28.7,77.76,1,1,68
37.63,5.439,5.828,5.59,383.98,373.68,379.35,26.75,70.6,1,1,116
31.54,5.872,6.363,6.221,382.01,380.35,379.75,27.98,67.1,1,1,93
26.18,2.341,2.217,4.485,380.45,379.97,381.33,26.78,50.23,0,0,149
26.13,4.582,4.832,4.063,382.07,379.79,377.67,26.42,75.91,0,0,145
26.64,4.329,3.289,3.892,380.28,379.09,380.57,27.46,74.04,0,0,124
29.59,3.518,2.371,4.259,378.41,378.69,380.47,25.79,54.19,0,0,131
34.29,6.261,6.498,6.846,381.3,383.96,379.59,28.55,58.33,1,1,105
34.23,6.57,6.567,6.872,390.05,380.33,374.35,29.37,57.57,1,1,109
28.19,4.524,3.671,2.996,380.65,381.93,380.17,30.42,59.59,0,0,161
27.15,2.311,4.489,4.914,379.84,378.6,379.37,28.09,65.24,0,0,176
25.98,4.502,3.827,4.751,379.49,380.14,383.01,27.1,55.76,0,0,155
28.85,4.765,2.647,3.388,379.01,377.4,379.63,29.14,66.81,0,0,164
45.4,7.883,8.747,7.054,362.69,369.8,367.57,29.3,79.41,2,2,54
51.95,9.414,10.324,10.565,362.56,373.69,392.04,29.16,71.48,3,3,23
30.2,4.309,2.292,2.505,379.66,383.45,377.23,25.73,58.39,0,0,137
50.42,7.445,7.507,8.033,387.54,382.64,394.18,28.42,62.14,2,2,34
59.02,10.986,10.147,10.339,362.26,389.8,357.45,27.94,72.23,3,3,7
46.56,7.644,7.96,8.219,377.64,384.4,367.79,27.54,62.64,2,2,40
28.81,4.163,3.498,4.565,383.86,382.13,379.27,28.28,52.44,0,0,160
64.97,11.881,11.05,11.144,298.84,354.94,344.52,27.41,58.46,4,4,5
27.06,3.09,2.31,3.405,383.32,377.32,379.19,28.73,63.23,0,0,158
27.31,4.67,3.908,2.583,381.46,383.03,380.82,27.64,74.3,0,0,139
26.38,3.357,2.348,2.116,378.19,379.14,378.27,28.96,57.26,0,0,121
29.37,4.205,3.018,4.111,381.4,377.61,379.81,27.5,65.67,0,0,171
29.58,2.125,2.272,3.656,380.85,379.85,378.4,28.63,56.69,0,0,129
27.86,3.976,2.553,2.653,378.51,380.9,379.04,28.84,78.96,0,0,160
26.4,4.608,2.261,3.363,381.16,383.6,382.36,27.31,64.89,0,0,127
41.6,7.794,7.929,8.795,369.52,383.18,387.8,28.8,51.04,2,2,39
48.07,10.881,9.559,9.545,385.75,387.89,366.77,28.43,64.08,3,3,18
27.33,4.061,2.761,4.899,381.62,380.04,378.7,29.15,67.29,0,0,160
41.06,8.221,8.694,8.051,386.62,367.1,371.84,28.29,72.36,2,2,32
42.79,8.073,7.219,8.897,393.61,370.91,394.71,29.02,60.64,2,2,58
43.81,7.096,7.429,7.431,394.38,380.82,375.63,26.34,63.8,2,2,55
26.76,2.433,4.997,4.685,384.25,377.56,379.43,26.73,51.79,0,0,121
38.17,5.33,5.803,5.707,380.55,384.74,387.36,28.99,65.7,1,1,63
55.6,10.567,10.34,10.063,377.68,403.71,365.7,26.9,60.25,3,3,8
33.35,5.015,5.846,5.547,383.22,385.35,391.07,28.79,53.34,1,1,82
24.24,4.329,3.508,3.443,383.09,381.87,382.44,28.43,71.41,0,0,173
27.47,3.064,4.622,4.913,378.25,378.82,380.59,29.2,67.32,0,0,146
34.96,6.198,6.206,6.299,385.01,370.7,387.46,29.02,74.41,1,1,73
28.69,4.759,2.446,2.548,381.79,381.22,378.28,28.42,74.91,0,0,167
24.6,3.467,4.93,3.556,377.02,380.98,381.98,26.99,79.02,0,0,158
26.32,4.415,3.272,3.342,377.28,380.3,380.43,27.67,67.49,0,0,165
42.04,8.395,8.8,8.243,387.53,373.26,386.28,28.08,67.78,2,2,51
40.13,8.684,8.613,7.38,375.04,378.06,380.02,29.81,79.51,2,2,43
26.31,2.806,3.116,2.168,380.85,380.54,379.19,26.39,57.87,0,0,132
67.38,11.501,11.931,11.742,400.57,388.88,346.98,28.3,69.04,4,4,5
27.43,4.068,4.41,4.544,378.81,383.67,384.65,28.29,79.6,0,0,165
31.16,6.508,6.369,5.401,386.25,381.6,378.67,27.83,79.71,1,1,71
48.18,8.929,7.597,7.193,368.76,366.07,393.94,28.68,61.67,2,2,33
47.14,8.77,7.831,8.903,372.63,366.57,359.84,28.38,71.64,2,2,52
50.43,9.184,9.143,10.621,373.9,394.66,370.77,29.6,58.7,3,3,25
31.32,4.813,2.695,4.006,379.54,380.8,378.13,28.98,68.03,0,0,147
49.63,8.335,7.608,7.699,383.05,378.59,367.13,26.44,66.99,2,2,33
26.57,4.19,4.9,2.209,383.6,378.23,379.99,27.8,59.02,0,0,149
33.79,5.017,6.772,5.537,373.16,391.58,382.02,27.37,52.3,1,1,95
34.88,5.256,5.423,6.481,387.38,381.57,372.79,26.08,57.45,1,1,107
41.5,6.461,6.892,6.007,367.49,373.5,376.1,27.97,78.87,1,1,60
28.24,4.961,4.481,2.374,383.16,381.15,375.93,28.17,57.19,0,0,152
61.53,9.155,10.617,10.845,375.59,369.75,381.43,29.55,78.36,3,3,14
27.87,2.579,3.268,4.542,379.76,379.26,376.52,29.01,75.85,0,0,175
28.04,4.242,4.654,2.398,379.09,378.79,379.54,27.19,57.7,0,0,172
37.69,5.051,5.798,5.509,384.38,390.83,381.16,27.52,72.45,1,1,95
30.84,4.91,2.739,4.385,378.41,381.15,380.23,28.09,51.32,0,0,175
45.01,7.176,8.536,8.099,376.95,370.82,380.45,27.26,66.8,2,2,38
28.85,3.982,4.713,4.707,381.3,376.52,380.36,27.88,58.97,0,0,149
26.03,3.255,4.822,3.024,380.78,376.46,381.24,29.29,57.58,0,0,167
43.23,8.721,8.83,8.51,374.84,365.73,384.78,27.18,66.54,2,2,37
26.59,2.734,2.397,2.774,381.67,374.89,381.05,29.42,58.68,0,0,159
28.37,2.824,4.582,3.463,379.42,381.61,378.02,28.0,62.08,0,0,156
35.73,6.612,6.298,6.226,381.57,384.05,374.1,28.57,65.56,1,1,92
28.78,2.99,3.384,2.55,381.03,381.91,378.58,28.25,56.09,0,0,175
32.85,6.302,5.855,6.271,384.28,379.25,382.6,28.73,79.97,1,1,97
26.82,4.371,4.612,2.487,380.01,381.08,379.55,27.57,63.93,0,0,165
41.33,7.984,7.047,8.053,377.73,374.45,380.45,29.37,73.09,2,2,32
39.95,7.289,7.608,7.891,359.8,383.54,377.97,28.62,61.8,2,2,30
33.24,5.233,5.25,5.168,379.94,373.3,382.6,28.84,74.33,1,1,93
27.49,2.431,2.257,3.922,382.65,382.2,380.51,27.02,59.84,0,0,122
46.97,8.432,7.88,8.842,373.89,375.43,389.15,27.58,64.07,2,2,36
29.24,6.662,6.662,5.639,390.44,374.27,381.26,28.22,69.72,1,1,102
38.21,6.19,6.165,5.37,382.24,372.62,384.8,25.71,67.81,1,1,118
29.18,3.839,4.663,4.605,383.97,380.55,377.79,28.87,65.33,0,0,157
47.93,10.55,9.187,9.605,382.57,392.12,372.58,28.13,50.25,3,3,9
34.38,6.005,6.165,6.221,382.38,391.61,375.08,28.14,63.87,1,1,63
28.59,3.334,4.13,3.881,376.39,378.25,378.67,27.06,74.05,0,0,144
29.55,3.311,4.61,2.093,378.62,378.14,376.17,29.05,51.77,0,0,157
63.56,9.376,9.701,10.778,360.09,362.58,390.59,28.74,61.55,3,3,19
28.11,3.51,4.723,2.416,379.68,380.09,382.68,28.42,52.07,0,0,168
62.44,11.48,11.973,11.088,442.8,384.13,375.38,28.39,65.07,4,4,4
31.91,5.735,5.15,5.582,378.18,380.85,378.6,27.03,71.23,1,1,96
31.29,5.343,6.592,6.602,378.72,393.14,367.72,26.99,69.37,1,1,83
26.49,3.951,2.353,2.03,381.96,382.19,381.98,27.48,67.13,0,0,125
30.27,2.698,4.214,2.179,382.4,379.4,380.63,26.66,54.74,0,0,174
45.82,9.154,10.02,10.338,389.91,390.8,387.57,27.87,74.88,3,3,28
27.92,4.217,2.16,2.436,379.07,382.5,384.71,28.36,69.32,0,0,164
45.95,7.692,8.208,7.441,383.8,377.68,380.95,28.47,53.76,2,2,32
28.34,4.907,2.702,2.528,376.66,380.89,380.63,27.87,66.96,0,0,139
27.12,4.151,2.023,2.449,378.9,377.72,379.58,29.52,71.64,0,0,162
28.81,4.409,2.687,2.007,383.18,380.12,380.19,26.94,65.28,0,0,161
29.03,4.812,3.181,2.967,378.21,379.21,377.67,27.61,62.53,0,0,142
67.45,11.729,11.545,11.438,422.35,376.06,378.46,27.5,67.66,4,4,4
27.19,3.674,3.652,4.565,380.29,383.69,381.08,28.11,57.2,0,0,133
27.56,3.363,3.967,3.449,380.91,379.37,381.08,29.41,52.94,0,0,153
26.5,4.762,4.057,4.567,379.18,380.46,381.7,28.26,74.23,0,0,158
26.76,3.981,4.088,3.578,378.56,380.2,381.69,27.05,58.13,0,0,160
26.43,4.139,3.43,2.674,380.31,379.87,379.82,27.55,50.68,0,0,135
56.81,9.251,10.481,9.821,385.1,371.83,385.65,26.71,68.62,3,3,28
28.71,4.809,3.314,2.852,380.11,383.36,380.12,28.03,68.16,0,0,159
28.7,3.745,3.398,2.457,379.79,378.57,380.2,27.92,50.53,0,0,125
28.56,4.246,4.349,2.373,382.78,378.65,379.63,28.67,74.6,0,0,163
69.83,11.027,11.783,11.171,413.15,387.69,328.74,29.31,59.15,4,4,5
28.53,4.47,2.848,4.397,380.73,374.9,380.79,26.49,59.53,0,0,173
29.67,4.051,2.512,2.842,378.71,375.85,379.16,27.62,77.4,0,0,153
39.74,6.348,5.15,6.036,380.7,381.67,373.7,28.46,75.3,1,1,118
33.34,6.815,6.793,6.814,381.36,376.54,374.72,28.92,50.92,1,1,70
28.37,4.382,2.561,2.036,379.82,381.68,383.6,28.14,56.73,0,0,148
28.85,4.418,3.968,2.329,378.48,379.02,379.47,26.23,74.96,0,0,167
44.37,8.811,7.01,7.976,366.8,390.11,384.82,27.2,63.08,2,2,42
29.91,4.375,2.21,2.504,381.32,379.3,377.03,27.43,50.1,0,0,148
47.88,8.528,7.488,7.201,357.65,390.22,384.99,27.33,56.57,2,2,51
31.37,5.124,6.465,5.291,378.73,376.38,382.41,28.37,53.01,1,1,68
30.71,4.272,3.684,3.502,380.62,378.52,380.89,27.86,74.79,0,0,162
26.84,2.933,4.298,2.167,378.06,379.45,382.53,27.94,71.07,0,0,143
26.91,3.606,3.775,4.679,381.41,380.32,380.38,27.84,68.04,0,0,172
48.68,7.389,7.284,7.174,385.62,391.46,387.08,28.2,54.62,2,2,49
30.25,2.105,2.125,3.472,380.52,379.59,377.37,26.69,71.15,0,0,175
28.9,4.31,3.906,2.821,378.59,375.2,379.69,26.85,77.56,0,0,155
37.4,6.575,6.974,6.225,370.7,383.73,382.38,28.28,50.06,1,1,109
65.74,11.465,11.721,11.926,410.97,379.35,364.31,28.93,74.81,4,4,2
28.6,4.517,4.058,3.397,380.53,379.67,380.17,28.12,72.52,0,0,151
54.28,9.885,9.192,9.9,394.65,369.16,378.36,27.1,60.94,3,3,23
26.82,3.955,3.78,4.346,383.87,380.76,379.46,28.61,70.99,0,0,147
28.71,3.324,2.788,3.276,377.65,377.59,379.25,29.43,53.9,0,0,136
29.88,4.34,3.631,3.916,380.87,380.7,376.72,27.78,65.6,0,0,146
27.12,4.834,3.041,2.093,382.23,379.03,377.45,27.02,58.92,0,0,135
29.32,2.674,4.191,3.041,383.3,378.07,379.93,28.62,71.57,0,0,154
28.79,2.648,3.069,2.742,382.79,382.6,381.37,27.39,57.58,0,0,143
50.44,10.8,9.773,10.396,388.14,370.49,381.5,28.67,61.71,3,3,19
44.91,7.45,8.474,7.865,379.04,390.28,382.1,27.93,57.22,2,2,52
34.77,6.132,5.445,5.648,384.3,376.09,386.17,27.88,53.96,1,1,92
27.51,4.346,4.671,3.341,380.61,380.57,379.33,27.01,79.78,0,0,171
28.51,3.32,2.055,4.4,384.75,382.33,382.68,25.6,53.75,0,0,173
29.04,2.07,4.232,4.799,378.57,379.8,381.21,28.4,76.53,0,0,173
36.87,5.643,5.074,5.276,380.08,383.01,373.92,29.44,59.36,1,1,66
44.64,9.839,10.519,9.494,402.53,361.23,390.75,26.67,53.94,3,3,28
28.17,3.227,2.425,4.069,379.93,378.79,381.7,26.13,54.98,0,0,158
27.91,2.784,2.51,4.274,379.72,381.73,379.43,29.25,53.83,0,0,146
31.69,2.082,2.211,4.518,375.61,378.12,377.4,28.74,72.48,0,0,144
29.48,2.703,2.461,3.959,383.18,379.79,376.48,28.72,77.06,0,0,126
28.86,4.545,4.153,3.576,378.33,384.9,378.12,27.89,75.45,0,0,158
39.81,6.883,6.939,5.52,378.26,387.54,385.25,27.79,56.97,1,1,94
34.63,5.3,5.043,6.9,382.86,376.57,383.36,30.84,70.67,1,1,85
27.52,2.351,3.97,2.438,379.89,378.49,380.99,28.11,67.6,0,0,163
28.18,3.407,3.511,3.566,375.41,381.4,380.21,26.87,78.75,0,0,170
67.01,11.761,11.807,11.223,362.13,376.87,374.13,27.67,79.92,4,4,1
30.58,4.713,2.738,2.434,378.65,380.95,379.36,26.33,60.93,0,0,155
29.38,2.082,2.768,3.27,378.03,381.9,383.19,28.55,65.38,0,0,127
28.57,2.448,3.261,2.964,381.22,381.27,381.75,27.09,67.76,0,0,175
28.27,4.509,3.571,2.531,376.55,379.19,377.53,27.37,74.55,0,0,127
29.44,3.708,3.524,3.528,380.06,379.63,380.59,27.44,71.24,0,0,176
40.49,7.383,8.181,8.07,369.73,369.28,360.96,28.16,71.01,2,2,32
29.01,2.159,2.104,2.082,378.83,379.47,376.44,28.41,60.69,0,0,176
29.09,3.779,2.701,2.034,380.41,380.48,382.26,28.51,65.98,0,0,140
32.75,5.152,6.732,6.654,382.32,390.45,381.5,26.97,54.07,1,1,66
27.28,3.245,3.877,3.031,378.8,379.44,378.85,25.69,59.51,0,0,123
50.13,8.399,8.075,8.261,399.58,382.39,373.96,27.18,54.52,2,2,38
48.27,7.099,7.381,8.465,383.36,380.93,390.66,27.34,55.79,2,2,50
29.53,4.193,4.176,4.546,380.01,382.85,378.89,28.14,67.31,0,0,178
48.86,7.213,7.329,8.965,359.7,386.24,385.55,26.15,73.65,2,2,46
25.16,3.523,2.189,4.163,379.98,381.86,379.77,28.0,66.61,0,0,144
75.11,11.463,11.445,11.187,312.14,383.79,371.97,27.98,62.54,4,4,4
28.74,4.097,4.52,3.63,379.69,380.38,380.66,28.3,61.78,0,0,129
65.58,11.074,11.526,11.025,360.1,361.16,379.04,29.38,60.31,4,4,1
44.7,7.351,7.408,8.566,361.56,365.41,379.86,29.67,60.54,2,2,56
27.65,2.744,3.189,4.877,376.85,378.99,382.62,28.29,59.05,0,0,146
29.72,4.032,3.335,4.186,378.21,376.55,376.22,28.76,64.66,0,0,156
72.86,11.006,11.524,11.154,420.65,390.66,435.75,28.53,57.77,4,4,2
43.23,7.785,7.856,8.325,385.19,366.66,381.98,28.38,67.23,2,2,54
28.17,2.288,3.101,2.733,380.07,376.63,377.7,27.0,67.97,0,0,166
35.22,6.076,6.424,5.376,379.18,384.24,391.44,26.59,66.96,1,1,74
26.64,2.817,2.436,4.859,373.56,378.0,380.02,26.92,57.44,0,0,141
26.32,3.065,4.584,2.711,379.09,380.07,379.04,29.15,51.14,0,0,156
25.92,3.022,2.434,2.689,379.73,375.2,378.15,29.68,64.84,0,0,164
29.2,3.973,3.047,2.757,382.56,379.61,379.66,26.6,76.4,0,0,128
49.66,8.97,7.629,8.602,347.63,380.81,364.83,27.17,54.25,2,2,58
28.82,2.307,2.767,3.18,377.61,380.7,379.85,29.85,67.48,0,0,149
46.48,8.421,7.275,7.003,377.71,372.23,388.04,27.63,73.46,2,2,32
27.87,3.342,4.824,2.335,377.01,380.21,381.29,29.75,64.97,0,0,152
28.86,4.874,3.768,3.986,379.26,381.51,378.53,27.72,73.49,0,0,149
27.68,3.545,4.334,3.003,378.34,375.95,380.79,28.12,67.21,0,0,173
28.67,4.528,3.138,2.947,385.33,380.2,381.39,26.93,75.67,0,0,123
29.5,4.616,2.588,3.444,380.29,380.59,379.59,28.02,68.66,0,0,173
26.75,3.141,3.59,2.256,378.05,383.93,380.2,26.65,79.33,0,0,121
37.25,5.889,6.021,6.04,378.97,376.8,375.17,27.27,73.2,1,1,116
26.38,3.453,3.045,2.474,377.62,378.49,379.74,27.85,79.03,0,0,136
29.39,4.815,2.874,2.453,382.18,380.34,379.84,28.29,66.68,0,0,129
27.19,4.245,3.074,3.203,378.77,381.62,382.3,28.18,54.76,0,0,176
48.13,9.696,9.959,9.349,374.02,372.61,398.07,28.89,60.0,3,3,21
52.18,10.624,10.371,9.937,360.23,381.41,385.22,27.38,62.74,3,3,17
28.28,3.485,3.471,4.005,379.51,380.87,379.08,27.98,50.64,0,0,159
27.72,3.57,3.236,3.869,381.5,381.49,378.94,28.3,66.76,0,0,143
27.79,4.998,2.364,4.445,378.14,379.49,382.77,26.67,69.29,0,0,125
57.27,11.967,11.875,11.875,393.34,308.59,334.16,27.55,67.36,4,4,1
28.67,3.256,4.97,2.329,379.51,380.1,377.26,26.58,60.68,0,0,143
27.26,3.586,4.832,2.782,382.97,381.33,377.71,27.95,79.22,0,0,146
28.24,3.237,2.939,2.045,381.56,381.68,384.16,28.8,73.25,0,0,153
29.08,4.506,4.319,3.451,381.18,382.97,382.11,27.58,76.49,0,0,164
27.34,3.133,2.268,3.271,377.2,379.07,379.96,28.06,63.91,0,0,138
42.31,8.56,8.379,8.688,392.98,381.79,389.2,28.72,51.76,2,2,42
28.16,3.45,3.24,4.842,380.06,378.42,378.43,27.51,76.42,0,0,144
34.17,5.829,5.712,6.771,382.21,390.54,373.97,27.0,70.33,1,1,68
27.62,3.666,3.842,3.29,380.17,379.42,381.36,30.0,56.27,0,0,123
24.64,2.449,4.821,4.944,376.58,380.72,378.87,27.11,78.49,0,0,123
53.44,9.165,10.843,10.248,361.4,373.71,362.95,27.45,69.2,3,3,27
25.66,3.824,2.738,2.578,376.84,379.21,380.68,27.36,50.98,0,0,164
33.94,7.749,8.631,7.364,379.23,380.88,366.88,29.02,63.53,2,2,54
28.07,3.241,4.142,2.232,380.02,378.61,382.47,28.75,61.04,0,0,124
27.0,2.268,4.577,3.192,382.54,380.72,378.2,27.55,67.24,0,0,172
71.53,11.228,11.965,11.876,349.96,388.85,382.7,29.5,77.36,4,4,2
27.88,4.585,2.754,2.315,379.03,379.49,378.02,27.34,71.51,0,0,167
44.49,7.431,7.47,8.174,379.53,382.52,378.11,27.93,77.45,2,2,35
27.73,2.966,3.03,2.96,381.15,385.28,381.06,26.65,60.13,0,0,158
42.07,7.618,8.088,7.267,360.27,380.91,378.72,28.71,74.12,2,2,57
26.66,3.784,3.596,3.581,381.86,376.18,381.02,28.55,79.95,0,0,122
28.72,3.921,2.67,2.828,382.31,379.58,382.87,26.98,51.72,0,0,142
43.08,8.851,7.203,8.635,377.99,379.28,389.02,28.53,52.22,2,2,53
52.31,10.146,10.216,9.669,372.67,366.03,387.57,28.0,67.01,3,3,16
55.76,10.359,10.148,10.263,382.77,386.72,359.77,28.88,74.88,3,3,19
43.95,7.153,8.971,7.46,393.59,377.54,386.8,27.61,68.35,2,2,34
59.73,9.89,9.813,9.02,379.95,368.92,387.67,27.88,69.79,3,3,7
27.54,4.305,3.907,4.133,378.79,379.0,380.46,27.67,64.38,0,0,126
27.89,3.852,2.431,3.302,376.92,380.77,381.77,27.34,71.04,0,0,160
25.42,3.032,4.707,3.767,383.33,384.12,380.42,27.72,72.64,0,0,147
28.35,4.896,3.141,2.131,377.89,379.08,380.27,27.92,66.1,0,0,147
29.01,4.429,2.833,3.475,380.67,378.71,379.42,28.89,58.65,0,0,148
28.1,2.048,3.884,3.108,377.67,378.53,380.47,27.24,78.19,0,0,157
28.62,3.75,4.327,4.996,380.03,382.29,380.75,28.86,76.74,0,0,165
36.1,5.835,6.606,6.749,377.76,385.37,373.2,31.17,58.47,1,1,107
29.08,2.299,4.123,4.425,379.48,382.01,377.92,28.89,58.49,0,0,132
28.42,2.233,3.141,3.43,381.4,378.35,379.37,29.5,69.64,0,0,141
27.81,4.208,2.434,4.534,381.07,381.29,378.94,28.59,76.82,0,0,131
52.83,7.318,8.788,7.918,389.07,390.77,380.62,28.06,54.26,2,2,38
33.98,6.717,6.966,5.915,381.03,375.21,374.72,28.21,55.6,1,1,70
34.9,6.054,6.529,5.898,378.95,383.6,372.35,27.17,62.68,1,1,96
27.83,4.683,4.488,4.927,378.31,381.84,379.28,27.62,71.24,0,0,150
30.81,2.506,2.06,4.793,381.7,377.96,379.25,28.87,72.53,0,0,163
27.77,4.715,3.935,2.471,380.33,378.86,379.32,26.62,74.8,0,0,158
28.85,3.374,3.872,4.874,377.61,378.79,381.83,28.67,66.93,0,0,162
32.08,4.106,3.619,4.066,379.41,380.04,381.8,30.08,63.9,0,0,151
29.93,4.325,2.921,2.343,382.09,378.5,380.72,28.1,65.89,0,0,137
28.88,4.659,2.573,2.627,378.69,384.07,379.14,28.39,58.47,0,0,165
69.97,11.023,11.945,11.088,440.41,406.69,393.62,28.9,62.24,4,4,1
70.08,11.874,11.948,11.238,334.12,403.71,362.87,27.78,72.35,4,4,3
26.38,3.702,4.808,4.518,378.96,381.53,381.53,28.14,78.24,0,0,151
27.78,4.031,4.195,4.194,380.74,382.52,380.64,27.22,71.12,0,0,165
28.73,4.624,4.397,4.282,378.04,379.21,379.13,27.45,77.15,0,0,136
26.86,4.681,3.982,4.128,382.58,381.12,381.29,25.94,67.89,0,0,172
53.94,10.192,10.051,10.973,396.0,386.31,399.63,28.9,71.21,3,3,19
25.48,4.614,4.288,2.402,378.1,379.18,378.38,28.89,54.89,0,0,127
42.03,8.245,8.736,7.069,384.29,371.44,384.13,28.19,60.0,2,2,32
27.51,2.449,3.286,2.135,379.1,380.45,379.78,27.38,50.85,0,0,143
61.22,11.027,11.355,11.932,354.82,395.16,340.08,26.06,57.18,4,4,2
29.51,2.179,2.52,2.518,379.07,379.42,381.78,27.34,51.44,0,0,123
53.17,7.475,8.159,7.524,379.47,385.87,374.73,27.36,62.92,2,2,32
27.47,3.045,4.186,2.204,379.73,378.32,382.21,29.01,60.12,0,0,165
34.92,5.901,5.122,5.525,377.22,375.94,374.89,28.59,78.33,1,1,98
24.85,3.033,3.336,2.799,377.84,382.85,378.37,28.44,51.63,0,0,150
27.74,4.198,2.498,4.252,377.74,382.98,380.61,28.26,74.15,0,0,154
58.52,10.519,10.966,10.9,353.44,379.66,366.58,28.01,63.9,3,3,21
59.0,10.411,10.685,9.824,383.34,392.95,354.7,28.68,61.74,3,3,11
61.27,9.829,9.197,9.829,385.24,375.04,407.87,28.74,64.66,3,3,7
36.46,6.948,6.702,5.135,381.69,386.17,376.12,28.37,51.82,1,1,109
38.85,8.837,8.856,7.729,383.11,375.63,388.89,26.95,74.02,2,2,39
29.26,2.273,2.916,3.401,379.66,381.33,379.85,28.55,77.23,0,0,177
26.27,4.315,2.997,4.471,379.88,380.34,378.97,27.46,53.69,0,0,161
28.26,2.474,2.691,2.362,381.6,378.55,382.35,28.73,58.82,0,0,177
32.18,6.53,5.839,6.592,375.88,380.51,372.14,26.93,69.77,1,1,92
26.44,2.352,3.868,2.672,381.79,381.94,382.05,27.99,68.4,0,0,128
29.44,4.957,3.567,4.351,379.05,379.82,380.32,25.16,61.33,0,0,163
32.69,6.672,6.966,6.532,382.73,383.99,369.82,27.38,74.05,1,1,90
41.51,8.891,7.545,7.295,374.37,392.96,381.25,28.56,75.29,2,2,36
27.4,3.016,2.443,2.281,383.21,382.32,379.48,27.48,79.21,0,0,139
28.72,3.521,4.543,2.512,376.96,382.18,379.18,27.78,79.51,0,0,143
26.51,3.701,4.832,3.997,379.36,376.77,381.73,27.99,67.29,0,0,176
27.39,2.167,2.527,4.373,381.71,378.12,378.89,29.49,60.98,0,0,142
29.24,2.907,4.781,2.349,377.78,382.26,380.72,26.91,66.9,0,0,124
35.78,5.036,6.116,6.044,380.39,379.06,389.66,29.13,63.65,1,1,101
38.16,6.977,5.034,5.953,381.39,382.84,382.91,28.43,79.12,1,1,68
30.75,5.099,5.539,6.218,383.51,382.99,387.11,27.14,53.53,1,1,83
25.66,2.479,2.255,3.925,380.73,381.18,380.84,27.54,55.74,0,0,178
45.52,7.868,8.918,7.189,374.12,385.55,395.83,28.05,57.92,2,2,50
27.77,3.822,3.289,3.188,382.67,382.39,382.48,28.17,50.65,0,0,150
28.32,4.663,4.735,3.991,379.81,376.19,381.38,28.58,69.61,0,0,170
43.25,7.158,7.743,8.081,377.72,388.85,399.3,26.61,73.24,2,2,47
28.53,4.317,4.13,4.711,379.15,378.73,381.61,27.29,66.0,0,0,173
27.54,3.517,2.401,3.699,379.96,382.18,379.04,27.81,63.55,0,0,173
55.91,10.273,10.891,10.799,414.98,391.09,386.7,28.64,65.04,3,3,9
30.08,2.681,4.13,2.998,378.71,379.22,377.72,29.16,51.68,0,0,143
36.71,5.749,6.284,6.797,375.7,386.51,381.31,28.65,74.18,1,1,95
30.34,2.452,3.196,3.656,378.31,378.92,376.8,27.33,53.67,0,0,159
34.54,5.126,5.108,5.171,376.62,381.72,384.11,26.75,55.59,1,1,90
29.32,2.86,4.859,4.03,385.06,374.93,377.31,25.42,75.54,0,0,177
25.62,2.576,3.499,3.248,379.29,380.27,376.18,30.62,70.55,0,0,179
36.84,6.74,6.564,5.808,379.44,377.44,382.95,27.62,76.22,1,1,95
28.34,4.182,3.6,2.187,379.0,383.68,376.99,30.13,70.12,0,0,153
29.96,4.497,2.205,2.885,380.44,379.48,382.0,31.15,54.37,0,0,162
26.98,4.921,4.474,3.9,380.93,379.5,377.73,26.84,50.59,0,0,165
30.31,4.925,2.154,4.358,379.04,377.95,379.22,28.38,53.16,0,0,142
27.75,2.968,3.959,4.998,382.72,379.7,378.88,27.7,62.53,0,0,155
28.07,4.226,3.193,3.153,381.14,379.24,378.58,28.49,69.73,0,0,145
51.73,10.446,9.15,10.021,387.44,391.88,374.99,28.41,72.23,3,3,23
28.15,4.435,3.721,4.371,380.75,380.26,380.54,27.28,79.02,0,0,179
32.15,2.421,3.631,4.415,383.0,378.72,379.45,28.46,67.63,0,0,137
27.14,4.112,3.749,4.709,378.77,379.73,379.89,28.51,70.51,0,0,147
30.13,2.964,2.628,2.761,379.88,378.3,380.86,28.84,62.18,0,0,129
53.15,10.256,9.571,10.437,342.58,372.3,387.17,26.62,58.17,3,3,10
26.37,2.926,4.263,2.8,382.07,380.54,380.43,27.33,50.78,0,0,146
71.07,11.493,11.463,11.933,390.22,384.2,455.73,26.52,79.97,4,4,1
28.82,2.842,4.049,3.469,382.45,377.43,378.69,29.48,76.61,0,0,143
35.9,6.752,6.458,6.834,380.68,380.05,386.74,26.1,60.29,1,1,101
29.62,4.801,4.877,3.321,382.49,380.87,381.45,28.4,71.37,0,0,178
50.31,9.472,10.367,9.956,374.11,350.58,386.78,30.7,51.12,3,3,18
38.79,6.34,5.252,5.989,379.09,372.67,375.67,28.9,75.75,1,1,81
25.89,4.577,3.788,2.697,380.76,383.75,381.32,28.39,60.66,0,0,144
29.25,3.347,4.661,3.917,382.96,376.74,379.46,30.21,69.17,0,0,157
27.92,3.596,2.115,4.701,381.63,378.71,378.44,30.11,63.9,0,0,171
57.69,10.083,9.15,10.988,361.39,372.34,350.15,27.78,53.39,3,3,8
30.36,2.602,3.045,2.611,380.47,381.03,378.7,27.89,68.99,0,0,147
29.6,2.741,2.714,3.628,383.16,382.3,381.25,26.64,52.68,0,0,166
50.75,7.158,8.212,7.82,377.7,390.49,385.03,28.56,54.79,2,2,47
25.33,4.152,3.648,4.543,376.73,381.83,382.73,26.72,72.04,0,0,128
71.0,11.703,11.778,11.763,363.95,336.91,381.52,29.31,61.3,4,4,1
40.72,6.597,5.44,6.476,386.97,375.4,374.87,29.15,79.12,1,1,85
36.0,6.534,6.994,6.777,388.29,380.76,375.83,29.06,55.83,1,1,77
51.25,9.656,10.532,9.955,386.76,404.86,403.74,29.37,70.45,3,3,28
27.24,2.673,4.076,2.532,384.42,379.39,381.63,30.0,59.45,0,0,170
27.47,3.107,4.408,2.141,382.77,380.36,379.4,28.24,71.53,0,0,135
26.72,4.946,2.258,2.475,380.03,381.25,379.78,28.07,79.37,0,0,152
30.62,2.631,2.632,4.115,378.15,378.95,378.71,28.69,76.58,0,0,140
38.3,6.435,6.644,5.795,376.84,377.27,385.58,27.52,73.55,1,1,82
56.07,9.551,10.446,9.118,383.73,403.25,379.29,29.81,78.41,3,3,27
29.3,2.65,3.063,2.375,381.72,375.07,382.99,27.51,63.91,0,0,177
27.18,4.463,3.064,3.141,377.88,377.65,381.72,27.79,76.13,0,0,150
71.56,11.895,11.747,11.145,395.72,319.74,377.22,29.48,58.71,4,4,1
28.25,4.414,2.928,2.364,381.34,380.1,380.94,25.4,65.99,0,0,168
27.37,4.791,2.852,4.377,380.59,378.82,382.29,28.91,71.32,0,0,122
24.76,3.395,3.0,4.474,380.23,381.96,381.91,27.87,58.86,0,0,123
51.24,9.287,9.59,10.899,380.22,344.29,368.48,26.52,53.18,3,3,8
28.43,5.514,5.334,6.499,384.87,383.27,376.36,28.39,56.82,1,1,63
42.61,7.245,7.092,7.889,371.37,371.11,371.35,27.64,72.22,2,2,47
43.91,7.376,8.16,8.065,399.75,387.9,375.4,28.71,59.66,2,2,32
27.13,3.836,2.169,4.108,379.1,379.4,381.5,29.03,75.65,0,0,149
26.77,3.003,2.007,2.915,381.01,377.5,382.13,28.09,61.29,0,0,142
43.36,7.662,8.99,7.061,368.31,377.49,390.84,28.36,65.78,2,2,42
25.09,3.14,4.797,3.429,379.4,379.29,379.48,27.55,62.41,0,0,126
36.06,7.099,7.945,8.951,381.66,383.34,366.77,27.48,59.4,2,2,30
56.63,9.969,9.524,9.804,392.97,359.2,359.15,26.74,59.23,3,3,8
37.03,5.83,6.168,5.097,377.81,377.43,377.86,29.26,67.58,1,1,112
32.9,5.546,5.688,6.892,377.47,377.93,376.2,28.34,52.36,1,1,63
42.24,7.097,7.612,8.878,381.96,390.29,368.58,28.36,72.43,2,2,37
44.3,8.118,7.479,8.426,371.51,387.59,373.35,28.36,61.94,2,2,56
28.95,4.287,2.079,3.29,382.01,379.93,382.32,28.98,64.03,0,0,131
28.15,2.949,3.202,2.732,379.31,381.3,381.8,26.58,69.1,0,0,160
27.09,4.972,2.529,2.565,379.33,380.8,380.91,28.76,55.93,0,0,137
37.44,6.886,6.604,6.065,386.24,381.13,366.22,25.97,52.65,1,1,103
25.86,2.35,4.446,3.145,380.85,376.24,380.05,26.44,79.49,0,0,121
36.25,6.693,5.041,5.845,384.23,378.44,376.84,27.26,50.74,1,1,86
30.36,2.049,4.848,3.627,382.13,382.31,384.04,28.29,51.04,0,0,163
34.92,5.763,6.937,5.739,388.3,373.57,378.64,28.54,75.08,1,1,116
28.46,4.706,2.177,2.858,382.46,379.29,379.46,26.55,57.12,0,0,164
37.05,5.967,5.071,6.286,382.8,383.97,392.59,26.82,51.93,1,1,100
26.72,4.318,3.036,3.502,378.43,384.66,383.22,26.31,52.15,0,0,148
28.1,3.165,4.196,2.642,381.55,382.33,380.97,28.01,55.64,0,0,155
28.37,4.838,4.734,4.309,383.9,378.92,378.81,27.25,72.78,0,0,179
33.21,6.919,5.218,5.328,385.35,385.9,395.92,28.43,72.08,1,1,63
27.92,4.854,4.426,4.779,376.87,380.16,380.88,27.23,63.25,0,0,177
29.68,4.265,3.979,3.199,379.73,380.63,379.76,27.79,62.2,0,0,147
70.37,11.122,11.53,11.577,404.81,377.56,394.18,28.36,77.23,4,4,5
32.88,6.778,5.653,5.468,375.27,374.97,380.43,27.81,78.33,1,1,71
69.38,11.297,11.156,11.171,356.65,377.89,379.31,29.02,70.72,4,4,5
29.27,4.123,3.64,4.035,377.11,380.26,379.08,26.64,65.23,0,0,149
29.76,3.975,4.593,2.015,378.5,378.77,382.28,28.64,50.14,0,0,163
59.65,9.004,10.955,9.528,394.71,366.21,363.95,30.4,72.45,3,3,25
25.69,4.438,2.797,2.193,379.13,376.52,380.76,28.62,70.51,0,0,122
34.39,6.773,5.178,5.079,386.18,378.68,384.71,27.78,77.94,1,1,84
29.52,3.426,4.273,4.358,379.51,381.36,382.56,29.19,55.77,0,0,179
25.73,2.793,3.344,2.944,379.9,377.82,377.53,28.04,74.23,0,0,157
28.05,4.506,4.086,3.394,381.74,379.39,377.34,28.36,51.71,0,0,145
30.37,3.404,2.116,3.063,382.19,379.07,380.97,28.29,66.97,0,0,162
29.02,3.761,3.668,3.917,378.03,377.63,379.04,28.16,73.82,0,0,170
26.43,4.219,4.808,2.002,377.42,377.11,380.58,29.94,64.96,0,0,156
68.42,11.788,11.103,11.816,395.67,385.17,397.11,27.68,70.48,4,4,2
27.87,2.04,3.705,3.792,377.63,380.6,376.08,28.46,73.73,0,0,170
33.96,6.303,5.249,6.657,365.37,380.75,386.18,27.07,71.38,1,1,69
43.55,7.339,7.864,8.064,369.57,376.5,388.93,26.59,53.71,2,2,33
36.91,5.338,5.498,6.532,383.6,382.83,381.25,26.5,65.24,1,1,110
27.08,4.981,4.706,2.852,379.79,377.19,381.0,27.35,51.63,0,0,134
33.05,5.536,6.035,5.971,387.54,386.5,373.4,28.92,54.52,1,1,89
33.06,5.243,6.016,6.73,378.38,378.86,388.75,27.94,61.9,1,1,110
29.93,5.62,6.003,5.302,381.54,372.76,375.28,26.88,79.42,1,1,73
44.33,7.353,7.963,7.343,388.14,376.79,387.71,29.02,77.37,2,2,57
67.6,11.553,11.172,11.728,374.16,336.31,405.83,28.4,77.79,4,4,5
38.19,6.923,6.631,6.094,377.95,385.38,373.55,26.7,79.44,1,1,63
29.14,3.342,3.004,2.61,378.67,377.12,382.31,28.1,67.61,0,0,139
35.96,6.694,5.842,5.193,383.55,377.01,377.15,28.34,59.14,1,1,79
28.92,4.225,4.643,3.39,375.0,378.0,377.68,27.45,56.08,0,0,121
68.81,10.751,10.562,9.281,390.27,347.66,346.49,27.0,53.14,3,3,10
31.09,4.422,3.24,2.371,380.16,377.97,376.13,27.22,62.18,0,0,169
25.8,2.461,2.482,2.445,384.06,380.51,380.65,28.06,53.04,0,0,156
40.82,7.084,7.665,8.596,381.22,375.85,369.95,27.34,62.36,2,2,34
33.33,5.474,6.394,5.48,381.65,381.66,384.88,27.17,53.89,1,1,104
29.56,4.769,4.859,3.801,380.17,376.99,381.93,27.74,61.2,0,0,155
27.11,2.766,2.304,3.565,379.23,381.72,378.43,27.04,58.01,0,0,163
50.87,7.769,7.985,8.775,379.92,363.41,377.0,25.34,65.79,2,2,54
28.57,3.303,2.111,4.042,379.83,381.0,378.87,27.91,74.16,0,0,165
45.77,8.147,7.353,8.427,380.66,366.09,400.15,28.77,76.04,2,2,30
28.97,3.428,4.341,2.204,379.07,379.89,380.13,27.15,57.36,0,0,154
38.61,8.413,7.742,8.562,376.81,358.51,395.06,28.35,71.24,2,2,35
49.63,7.229,7.532,8.993,360.46,370.82,365.43,28.17,56.77,2,2,55
29.23,2.917,3.307,2.32,380.89,378.19,381.18,28.5,65.01,0,0,144
27.19,4.891,4.406,3.26,379.36,383.31,380.07,27.17,61.35,0,0,148
28.83,3.932,4.681,2.019,379.01,381.7,379.58,28.62,67.58,0,0,123
39.06,5.907,5.888,6.742,385.55,378.26,382.37,28.59,61.58,1,1,106
26.08,3.807,2.361,3.891,379.62,381.11,380.73,27.99,78.12,0,0,175
36.33,5.858,5.648,5.725,378.32,383.82,378.19,30.03,64.22,1,1,115
28.4,2.197,4.836,2.223,379.43,379.41,380.97,25.41,64.66,0,0,130
27.73,2.049,4.446,2.997,379.48,380.27,381.78,28.05,65.17,0,0,126
28.64,3.835,2.805,2.671,379.02,380.41,381.28,28.05,70.18,0,0,177
26.92,4.226,3.568,4.438,378.51,381.22,377.89,27.71,70.12,0,0,178
38.62,6.872,6.956,6.434,391.38,376.91,378.86,26.51,56.49,1,1,81
44.48,7.121,8.534,7.587,385.43,371.69,388.54,26.38,53.59,2,2,43
33.37,6.301,6.048,6.425,374.96,388.57,379.84,27.29,67.04,1,1,88
26.51,4.592,3.113,2.962,379.11,376.31,377.78,28.32,75.85,0,0,179
69.45,11.716,11.681,11.987,330.21,382.63,382.76,26.89,56.37,4,4,4
33.14,5.676,6.008,6.168,374.35,373.11,384.2,29.14,70.98,1,1,88
52.71,10.066,9.021,9.931,375.92,385.12,393.51,26.39,63.35,3,3,26
30.56,4.605,3.428,4.382,383.15,378.35,380.33,27.89,74.65,0,0,179
27.11,4.93,4.482,2.647,376.03,379.13,379.54,27.51,76.13,0,0,146
27.27,4.579,2.816,2.101,378.98,381.09,375.51,26.72,55.34,0,0,125
38.59,5.243,5.083,5.113,381.37,388.76,376.84,26.64,57.93,1,1,71
28.31,3.927,2.956,4.046,378.58,382.05,379.03,27.86,63.96,0,0,151
26.19,4.039,4.46,2.825,381.35,380.51,379.6,27.92,65.47,0,0,173
29.41,4.52,3.769,3.054,378.69,380.84,382.28,28.69,63.19,0,0,170
35.79,6.203,5.694,6.992,379.12,376.27,376.14,26.43,56.48,1,1,82
33.52,5.087,6.474,5.182,376.81,380.22,374.26,28.48,64.15,1,1,80
29.71,3.909,4.914,3.285,376.99,377.56,380.22,28.44,67.02,0,0,124
26.37,4.394,3.393,3.425,381.0,378.61,381.15,27.34,64.59,0,0,149
30.15,5.842,5.043,6.035,378.57,375.81,386.99,27.31,52.35,1,1,70
65.79,11.484,11.033,11.846,396.95,385.71,384.58,26.16,79.72,4,4,4
39.59,5.021,6.05,6.766,381.59,387.07,385.28,27.35,67.63,1,1,92
58.33,10.01,10.299,9.375,394.25,401.97,376.92,26.7,77.05,3,3,13
47.3,7.266,7.832,8.43,393.51,377.5,388.37,28.7,76.59,2,2,50
34.96,6.964,5.493,6.391,380.79,380.04,383.76,27.31,67.62,1,1,80
28.7,3.935,4.521,3.516,379.94,383.92,381.32,28.29,54.0,0,0,174
35.28,5.062,5.266,5.845,376.73,376.7,378.07,28.81,62.83,1,1,71
30.04,5.41,5.454,5.948,386.53,376.5,376.04,28.66,76.97,1,1,112
34.52,5.534,5.248,6.788,375.77,385.49,374.62,26.82,75.85,1,1,61
29.01,2.778,4.001,4.718,383.43,379.8,378.52,25.9,76.98,0,0,174
29.02,4.301,2.242,4.792,377.65,379.78,380.2,29.56,64.41,0,0,149
28.36,3.701,2.473,2.238,380.34,383.18,379.93,27.16,63.44,0,0,162
27.82,2.012,3.33,4.064,380.44,377.38,375.86,27.68,59.25,0,0,178
25.3,2.891,3.234,3.379,382.14,377.62,378.34,28.92,69.81,0,0,170
41.87,8.227,8.486,7.508,387.25,360.67,396.98,27.53,75.23,2,2,38
25.31,4.98,2.067,2.995,384.92,380.45,381.33,26.73,72.16,0,0,141
29.53,4.334,2.901,4.929,376.98,380.18,381.45,28.76,60.55,0,0,124
24.84,3.73,2.93,2.532,379.3,379.37,380.76,27.89,58.89,0,0,159
31.74,6.774,5.683,6.177,377.43,383.1,379.96,27.38,55.48,1,1,117
32.76,4.169,2.604,2.278,383.09,379.6,384.17,28.55,74.79,0,0,156
30.06,3.502,2.73,3.71,381.9,383.11,381.03,27.68,72.67,0,0,156
35.7,5.72,6.093,5.177,375.87,387.01,382.23,28.03,68.51,1,1,77
30.58,2.347,3.833,3.691,378.04,382.02,379.47,28.92,58.87,0,0,148
50.27,10.34,9.558,9.463,385.29,378.79,386.58,28.4,67.34,3,3,22
58.53,10.618,9.221,9.527,384.72,368.62,388.1,28.2,58.84,3,3,7
28.99,3.094,3.218,3.995,378.76,377.88,376.97,27.63,54.73,0,0,136
30.28,3.754,4.367,4.737,376.81,379.41,380.45,27.71,62.63,0,0,143
36.19,6.797,6.861,6.578,377.5,376.5,385.02,27.37,71.19,1,1,103
31.79,2.203,2.587,3.221,377.96,380.68,377.18,27.29,72.03,0,0,154
27.0,3.301,3.877,3.613,380.89,379.67,378.95,28.85,59.87,0,0,173
28.99,3.869,2.536,4.373,378.38,378.93,379.77,28.66,60.14,0,0,144
59.36,10.086,9.349,9.151,382.93,384.86,391.12,26.17,54.38,3,3,16
29.12,3.329,4.351,4.236,379.85,380.73,379.68,26.62,69.52,0,0,167
34.46,5.793,6.552,5.776,381.95,382.49,381.18,29.43,78.76,1,1,97
37.3,5.75,6.023,6.797,384.0,381.85,387.1,28.7,52.8,1,1,84
28.29,2.577,2.752,2.48,380.22,378.84,378.08,28.3,71.55,0,0,164
28.02,3.558,3.296,4.746,377.35,382.69,376.47,27.72,65.96,0,0,173
54.55,11.775,11.388,11.207,364.92,370.09,394.03,27.98,52.8,4,4,2
28.86,2.646,4.111,2.244,376.26,376.54,377.99,28.62,59.7,0,0,125
40.41,5.616,6.915,6.521,382.29,377.39,384.82,26.48,78.5,1,1,100
28.08,4.132,4.266,4.116,378.26,380.8,380.02,28.96,63.12,0,0,153
27.69,4.025,4.213,2.123,379.91,381.54,377.62,27.88,76.85,0,0,136
27.26,3.259,3.323,2.204,381.28,380.31,378.41,26.45,54.77,0,0,128
27.88,2.52,3.428,4.534,377.71,383.58,380.0,26.69,59.66,0,0,141
26.28,4.334,2.925,2.042,377.23,378.32,379.9,28.89,61.77,0,0,134
43.21,7.86,7.805,7.639,370.04,376.56,392.76,27.36,53.6,2,2,38
25.63,2.195,3.624,3.363,379.14,378.34,377.27,27.78,67.65,0,0,139
26.47,4.437,4.072,3.492,380.48,380.66,381.54,26.7,75.34,0,0,153
28.47,3.172,4.198,3.93,378.12,382.57,380.19,28.69,75.67,0,0,131
43.67,8.356,8.893,8.345,390.74,358.23,372.89,27.65,72.62,2,2,30
27.72,4.565,3.283,4.868,382.31,378.45,378.31,26.78,78.92,0,0,131
37.54,5.731,5.521,5.147,379.67,389.41,377.6,28.61,51.0,1,1,62
26.98,3.195,3.076,2.988,376.09,382.52,377.5,27.61,58.54,0,0,171
28.49,2.25,3.162,3.669,382.27,378.55,375.53,27.84,57.7,0,0,121
28.46,4.219,4.822,2.4,382.17,379.21,382.46,27.97,68.49,0,0,123
42.99,8.546,8.212,7.794,381.74,367.84,381.6,28.93,53.24,2,2,31
28.23,3.63,4.944,4.975,378.13,381.01,379.29,28.74,63.54,0,0,129
28.19,4.61,4.712,3.757,380.01,380.17,380.42,27.6,70.02,0,0,123
28.44,2.298,2.284,2.124,375.53,383.12,380.54,26.08,70.2,0,0,122
38.39,8.726,7.108,8.8,388.54,369.12,385.36,28.87,67.95,2,2,47
29.02,2.866,3.073,3.529,381.21,379.13,382.04,27.77,61.89,0,0,151
27.98,2.362,4.766,4.765,379.66,379.11,380.79,29.52,75.66,0,0,146
28.96,3.945,3.888,4.963,380.83,381.3,383.77,28.05,63.33,0,0,179
27.81,2.729,4.031,2.242,380.96,382.21,379.85,26.79,79.21,0,0,174
38.47,5.013,6.242,6.732,381.61,382.86,373.43,30.3,66.12,1,1,117
36.15,5.902,6.835,6.981,380.39,378.38,385.52,27.61,73.59,1,1,62
28.92,3.534,2.372,3.194,379.06,379.15,378.71,27.31,65.58,0,0,121
26.57,3.611,2.375,2.753,377.75,379.31,380.64,28.08,66.58,0,0,140
27.72,3.303,2.605,3.873,378.96,376.69,378.44,27.89,61.49,0,0,134
27.64,3.629,2.161,4.041,381.03,379.01,381.78,27.66,72.58,0,0,137
26.75,4.052,3.894,4.981,380.39,375.79,378.04,28.42,55.28,0,0,155
46.66,8.423,8.672,7.272,388.37,390.21,387.21,28.9,69.59,2,2,53
68.11,11.21,11.466,11.088,403.38,381.21,382.71,27.56,65.48,4,4,1
74.87,11.429,11.423,11.083,345.72,388.18,362.42,28.57,55.51,4,4,3
42.58,7.47,8.974,8.404,394.03,373.79,365.31,27.83,70.58,2,2,46
42.55,5.713,6.073,6.499,385.98,389.93,384.35,28.01,64.27,1,1,95
36.34,5.127,6.141,6.289,384.41,379.71,380.95,28.02,72.75,1,1,92
27.5,2.975,2.319,4.906,380.52,376.57,379.64,28.74,73.31,0,0,148
32.77,5.246,5.013,5.803,383.81,382.02,381.99,27.58,54.42,1,1,64
26.54,3.398,4.859,2.974,378.03,378.4,378.94,27.69,59.25,0,0,159
25.84,2.461,3.057,3.618,381.15,381.16,379.09,29.9,55.44,0,0,135
45.21,8.928,7.703,8.113,387.54,385.17,374.81,30.14,72.34,2,2,49
29.16,2.087,3.427,2.878,378.71,377.95,379.64,27.28,58.36,0,0,154
28.87,4.61,3.545,3.109,377.07,377.92,380.96,27.54,52.32,0,0,138
55.44,10.929,10.793,9.163,377.81,377.84,376.88,28.45,60.98,3,3,14
27.05,2.152,3.262,2.224,379.43,379.57,376.35,27.89,73.38,0,0,121
28.13,4.067,3.733,4.818,378.73,379.45,379.92,28.34,60.91,0,0,172
58.04,9.297,9.336,9.842,387.13,394.56,371.81,28.12,62.76,3,3,17
37.25,5.016,5.185,5.317,378.55,377.66,382.22,27.06,71.55,1,1,71
27.51,4.362,3.902,2.289,379.17,376.01,381.34,26.6,68.37,0,0,154
25.94,2.665,2.436,3.972,379.57,377.38,378.7,27.34,60.72,0,0,125
28.12,2.11,2.174,2.707,381.34,377.27,381.3,28.97,56.22,0,0,168
48.59,7.764,8.74,8.48,376.27,368.97,380.25,28.46,51.93,2,2,54
36.99,6.028,6.819,6.659,387.73,379.89,379.98,27.88,76.63,1,1,81
25.43,3.24,3.586,2.506,380.1,376.33,379.25,27.89,55.3,0,0,122
29.41,2.587,2.957,4.87,381.68,380.09,380.51,28.33,57.61,0,0,149
31.46,3.115,4.841,4.735,382.35,383.73,378.73,29.38,69.46,0,0,143
69.04,11.838,11.444,11.568,416.27,360.94,400.32,30.94,78.28,4,4,4
28.31,2.737,3.318,4.945,381.11,378.76,380.65,27.7,55.83,0,0,164
37.83,5.315,5.635,6.882,384.87,382.22,380.37,26.71,56.78,1,1,75
28.16,2.293,3.377,3.785,380.99,380.17,382.02,27.21,79.73,0,0,139
35.57,5.101,6.534,6.736,377.62,379.71,381.61,28.22,65.61,1,1,95
60.6,9.732,9.127,10.533,390.89,381.79,350.49,26.64,60.08,3,3,20
36.24,6.777,6.316,5.095,371.83,377.94,383.19,27.13,76.41,1,1,97
26.46,3.141,3.669,2.361,378.98,376.95,377.44,28.91,51.37,0,0,134
32.37,5.707,6.532,6.9,376.68,386.6,378.19,27.36,59.72,1,1,101
41.06,7.311,7.62,8.815,368.15,370.83,384.44,27.89,78.74,2,2,34
25.86,3.885,3.356,4.83,381.86,382.07,376.39,27.86,62.4,0,0,179
43.48,9.912,9.738,10.941,389.45,392.11,394.42,27.77,72.42,3,3,16
37.94,5.725,5.871,5.99,379.34,377.87,383.71,29.54,79.77,1,1,85
45.97,10.912,10.842,9.179,387.5,385.12,363.15,27.33,75.51,3,3,13
32.1,6.607,6.985,5.931,375.52,376.38,376.34,29.42,67.81,1,1,109
29.11,3.519,4.642,4.214,376.38,381.62,384.83,28.29,66.99,0,0,150
29.17,4.61,2.141,3.815,381.95,383.5,377.43,28.38,57.17,0,0,171
30.85,4.263,4.35,4.563,378.39,379.18,379.14,28.1,61.32,0,0,163
54.8,10.848,10.405,10.475,385.7,372.63,362.61,27.24,79.92,3,3,18
39.59,8.016,8.117,7.571,380.49,353.29,371.44,27.21,72.94,2,2,31
39.74,6.464,6.095,6.628,383.8,375.59,380.93,27.42,78.12,1,1,67
29.66,4.996,3.387,3.844,384.93,380.03,378.73,27.7,64.17,0,0,133
28.69,3.958,2.492,4.845,377.67,379.12,379.11,29.63,71.62,0,0,139
43.38,7.674,8.022,7.468,373.2,386.06,375.77,26.59,54.94,2,2,32
28.22,3.6,4.751,3.389,379.08,377.66,383.39,28.02,74.49,0,0,153
25.16,3.011,3.319,4.872,381.62,377.04,379.61,27.13,72.7,0,0,120
42.59,6.921,6.301,6.151,382.08,375.27,380.49,29.29,60.68,1,1,87
27.27,3.247,3.313,4.84,377.07,380.52,381.76,28.25,61.14,0,0,122
27.3,3.112,3.676,3.293,380.12,377.94,381.1,29.21,71.38,0,0,170
26.51,2.956,4.551,4.384,377.68,380.84,380.12,28.91,61.74,0,0,148
27.87,2.304,3.932,4.2,376.21,377.97,382.43,28.86,57.73,0,0,148
74.27,11.42,11.343,11.302,367.84,387.02,372.3,26.83,51.58,4,4,2
27.98,3.767,2.01,3.898,378.65,376.92,379.89,26.97,61.75,0,0,120
29.33,3.86,4.839,3.888,379.76,376.65,383.16,25.56,68.65,0,0,147
25.67,4.919,2.854,2.388,378.56,377.91,377.59,28.62,64.0,0,0,124
48.2,7.075,8.049,7.11,379.03,383.69,369.05,28.01,77.32,2,2,31
28.38,3.603,2.856,4.763,379.36,379.9,382.03,28.45,67.2,0,0,179
36.87,6.122,6.491,6.482,376.36,378.47,376.41,28.71,68.02,1,1,100
28.71,3.321,2.676,3.161,380.91,377.27,380.49,27.66,78.73,0,0,153
27.24,4.61,3.818,4.097,379.48,378.72,379.96,27.99,55.83,0,0,137
28.68,2.234,2.545,4.616,379.32,380.35,376.9,27.59,62.1,0,0,130
42.38,7.211,8.111,8.814,378.18,363.56,367.03,26.94,63.18,2,2,30
49.47,10.992,9.588,9.776,369.12,381.39,390.48,27.65,77.12,3,3,9
28.59,2.042,4.587,2.717,377.06,381.74,379.21,27.43,54.46,0,0,127
27.56,3.395,3.434,2.896,378.21,380.33,378.57,27.88,66.22,0,0,128
51.21,10.16,10.477,10.796,362.56,380.01,363.3,27.69,59.57,3,3,24
28.48,4.86,2.287,3.269,380.6,381.62,380.29,28.07,55.34,0,0,165
45.85,8.858,7.886,8.571,394.07,392.8,359.34,26.81,78.2,2,2,38
29.23,2.249,4.757,2.886,382.46,381.02,380.65,27.39,72.29,0,0,165
38.32,10.0,10.691,9.966,374.2,406.29,386.11,27.97,71.9,3,3,26
47.82,7.654,8.566,7.818,379.18,373.4,378.99,29.9,55.57,2,2,48
54.7,10.186,9.349,10.444,393.71,356.9,379.52,29.03,76.58,3,3,15
39.01,5.64,5.596,6.284,375.89,378.9,379.74,30.14,52.99,1,1,110
28.81,3.644,3.354,3.539,379.19,375.87,379.35,28.81,67.46,0,0,133
57.69,9.993,10.345,9.255,389.8,397.79,386.92,28.86,70.5,3,3,19
28.14,2.305,3.254,3.977,381.5,380.85,378.55,28.24,53.11,0,0,171
27.82,4.619,4.128,4.572,381.71,378.19,381.49,28.3,52.23,0,0,143
32.26,6.012,5.582,6.402,387.46,379.66,383.43,26.81,55.42,1,1,103
46.33,8.547,7.188,7.8,400.38,382.15,364.09,27.2,59.43,2,2,50
65.25,10.226,9.288,10.257,390.35,385.75,383.14,27.36,58.15,3,3,22
28.82,2.959,3.049,2.799,379.33,380.08,381.01,26.99,53.44,0,0,142
40.97,7.428,8.596,8.047,385.94,377.99,373.65,29.0,63.58,2,2,44
36.54,5.106,6.3,6.391,378.61,376.52,372.37,27.65,53.79,1,1,65
25.45,3.271,2.118,4.772,382.16,377.12,380.4,28.23,71.61,0,0,122
27.24,3.536,3.011,4.866,377.67,381.1,381.13,27.03,75.82,0,0,134
29.76,3.868,2.118,4.121,380.55,381.23,382.64,26.25,65.58,0,0,150
29.13,3.544,2.582,2.782,380.39,381.15,381.41,28.71,68.09,0,0,131
66.12,11.539,11.281,11.076,376.48,372.42,383.43,28.02,59.34,4,4,2
31.95,5.556,6.768,6.253,381.96,378.91,378.09,28.12,68.17,1,1,106
37.75,5.676,6.192,6.256,382.19,387.7,381.79,26.68,72.87,1,1,101
71.17,11.868,11.975,11.097,329.51,372.58,389.57,28.12,73.34,4,4,1
29.66,2.225,2.405,3.108,382.18,380.22,384.02,28.52,55.56,0,0,124
46.12,8.561,8.274,7.197,382.96,386.62,361.24,27.33,70.08,2,2,58
29.02,4.911,4.028,4.441,380.57,379.0,383.2,28.33,69.07,0,0,167
43.19,8.493,8.549,8.287,390.02,383.51,390.87,27.06,64.82,2,2,39
27.88,2.449,4.406,4.875,379.41,382.65,384.05,27.94,76.68,0,0,160
53.71,10.261,9.53,9.047,377.75,380.73,380.83,27.64,67.42,3,3,22
27.81,2.969,3.14,3.725,383.52,383.24,373.86,25.83,79.97,0,0,176
25.54,4.298,3.778,4.641,378.74,378.57,381.84,27.02,76.17,0,0,153
42.36,8.437,7.154,8.427,370.71,403.63,383.5,29.11,75.66,2,2,35
29.48,4.61,4.909,2.038,379.05,375.02,381.64,27.87,64.3,0,0,153
30.63,5.907,6.389,5.538,373.91,377.63,373.84,28.35,75.47,1,1,60
29.03,4.879,2.959,4.94,381.18,379.42,381.64,27.81,50.67,0,0,157
33.51,6.823,6.414,5.738,387.48,373.45,378.06,28.45,77.42,1,1,60
25.74,4.776,3.071,3.892,383.73,380.29,380.82,28.1,74.04,0,0,127
30.0,2.467,2.09,3.944,380.24,378.1,378.67,29.58,72.65,0,0,161
28.38,3.806,2.521,2.137,379.73,376.75,384.35,30.07,76.88,0,0,157
29.5,4.514,4.349,4.027,381.39,380.39,378.94,27.47,50.69,0,0,151
28.9,3.579,4.041,4.777,380.44,380.37,378.43,25.3,79.57,0,0,160
25.31,3.558,2.411,2.84,380.59,379.78,379.05,26.38,58.37,0,0,128
27.06,2.909,3.826,4.067,381.53,382.49,376.5,26.73,73.19,0,0,139
25.95,3.821,3.085,4.249,379.24,381.05,381.19,28.25,58.64,0,0,175
36.69,5.044,6.044,6.578,379.98,383.21,385.4,27.63,56.41,1,1,107
57.01,10.572,9.688,9.799,361.08,371.91,373.3,27.72,62.46,3,3,22
28.19,4.417,4.199,3.904,380.25,382.46,381.11,27.57,79.29,0,0,149
42.76,6.927,5.848,5.883,386.39,377.45,375.92,28.38,56.16,1,1,82
34.74,5.593,5.56,5.44,379.36,385.76,379.45,29.49,62.19,1,1,118
29.6,2.686,3.24,3.78,379.14,383.79,377.66,27.22,63.47,0,0,124
34.65,6.396,6.904,5.989,384.17,381.89,379.63,28.2,63.1,1,1,106
29.46,3.956,2.479,4.649,381.56,378.91,380.41,26.11,58.17,0,0,148
25.92,4.751,3.358,3.493,382.57,378.82,379.58,27.8,76.36,0,0,142
29.64,3.117,2.919,4.95,376.19,379.17,378.32,26.58,76.52,0,0,125
37.81,5.12,6.781,5.838,383.01,381.69,383.75,28.17,67.93,1,1,105
33.8,6.453,6.433,5.887,373.98,382.65,385.73,29.07,78.75,1,1,99
28.22,4.022,4.417,2.205,382.82,377.82,379.5,28.57,52.51,0,0,153
28.62,2.536,2.662,4.571,380.29,380.45,378.82,29.12,64.75,0,0,135
75.07,11.927,11.256,11.67,351.24,437.31,370.23,27.17,59.31,4,4,1
28.79,3.631,4.523,2.71,380.75,381.2,378.35,28.39,71.16,0,0,175
29.7,4.87,4.507,3.827,383.96,383.5,380.6,28.35,67.61,0,0,171
54.68,10.927,10.439,9.815,376.95,356.54,348.85,27.46,76.64,3,3,26
35.8,5.207,5.759,6.993,378.07,381.86,379.32,27.33,73.35,1,1,99
37.99,6.596,6.351,5.077,382.56,380.99,372.49,29.36,68.03,1,1,112
46.02,8.416,8.982,8.193,365.06,381.75,381.9,27.56,59.64,2,2,58
51.98,8.783,7.019,8.628,375.15,381.3,373.81,29.5,77.13,2,2,38
25.66,4.827,4.648,4.459,378.48,382.35,377.19,30.16,75.85,0,0,130
26.92,2.07,3.369,4.118,378.81,378.71,382.05,27.97,76.86,0,0,134
27.08,2.302,3.668,2.917,379.37,378.29,378.54,28.62,60.41,0,0,148
65.91,11.993,11.752,11.584,394.1,397.48,383.67,27.69,73.69,4,4,5
34.39,5.507,5.982,6.793,383.89,379.96,378.52,27.69,52.97,1,1,89
30.07,2.256,2.714,3.657,379.21,379.02,376.98,28.01,67.7,0,0,136
47.01,7.211,7.087,8.457,368.2,391.95,379.25,29.33,70.96,2,2,40
27.37,2.146,2.352,4.539,381.32,376.93,375.97,29.25,63.86,0,0,126
27.47,3.182,2.237,3.089,379.73,382.51,377.32,27.99,66.84,0,0,165
26.87,2.773,2.977,4.391,379.23,381.63,382.1,27.54,56.82,0,0,131
26.93,4.668,2.289,2.197,376.84,377.65,382.85,28.22,54.88,0,0,122
52.15,10.293,10.815,9.52,397.06,371.21,371.03,29.54,58.98,3,3,10
29.34,3.402,3.218,2.482,378.31,383.33,379.03,28.45,57.04,0,0,132
42.15,8.984,8.064,7.083,375.34,394.15,385.33,28.13,66.21,2,2,35
30.9,5.334,6.311,6.422,379.3,378.83,381.77,27.31,72.44,1,1,100
28.52,3.279,4.977,3.886,384.98,382.78,382.67,28.81,73.3,0,0,139
70.93,11.559,11.339,11.843,364.93,394.77,408.99,28.23,64.03,4,4,4
28.88,2.579,4.048,2.29,381.47,376.41,380.75,29.49,50.64,0,0,179
31.48,2.923,4.478,4.664,381.07,382.33,378.03,28.02,62.11,0,0,174
29.97,2.819,2.278,3.115,382.31,382.48,380.91,27.92,76.27,0,0,130
51.36,8.858,8.475,7.632,375.86,388.0,375.96,26.88,61.62,2,2,50
28.6,3.782,3.77,3.762,379.06,380.58,378.53,27.17,55.94,0,0,120
24.84,2.548,3.819,2.247,380.05,377.24,381.26,28.22,72.23,0,0,154
28.49,4.263,2.203,4.97,380.05,382.3,381.94,28.89,57.66,0,0,153
29.81,4.307,3.568,3.189,378.97,379.84,380.87,26.3,69.23,0,0,123
41.88,8.615,8.963,7.298,380.68,390.61,381.67,27.78,76.05,2,2,58
28.74,2.902,2.772,2.151,378.41,375.14,379.19,28.85,56.79,0,0,169
28.19,3.423,2.665,3.255,380.1,380.74,381.16,28.07,70.55,0,0,167
24.36,4.419,2.677,3.285,378.56,382.45,380.49,27.38,78.67,0,0,123
28.1,4.494,2.352,3.888,377.75,377.55,383.33,28.63,73.24,0,0,127
55.11,9.247,10.116,10.215,368.81,353.47,375.44,29.15,75.68,3,3,19
29.86,3.652,3.224,2.595,381.73,379.27,382.41,28.41,72.26,0,0,166
65.95,11.429,11.562,11.11,410.49,349.46,359.87,26.39,64.05,4,4,4
27.03,2.477,3.527,2.895,379.16,382.4,381.14,29.18,69.03,0,0,165
27.72,2.581,2.031,3.175,377.65,380.81,380.27,28.85,52.73,0,0,122
64.24,9.04,10.972,9.549,381.05,368.35,364.24,26.62,74.38,3,3,15
24.99,2.986,3.981,3.556,378.17,378.12,379.87,27.48,74.1,0,0,124
37.28,5.185,5.233,5.801,382.25,367.29,385.66,26.88,75.95,1,1,63
69.11,11.241,11.505,11.107,378.22,391.41,363.11,26.19,71.79,4,4,1
27.63,2.333,3.884,4.844,375.98,375.94,374.67,27.86,65.35,0,0,152
28.02,4.453,4.286,3.937,379.76,383.6,376.44,27.06,55.77,0,0,129
33.74,5.941,5.081,6.564,383.35,384.83,380.59,28.94,63.56,1,1,112
25.31,2.549,2.92,4.982,381.56,380.04,380.46,29.23,69.68,0,0,147
26.97,4.403,3.5,2.582,376.09,379.5,378.45,28.42,53.45,0,0,144
25.26,3.739,3.778,4.721,381.41,380.71,381.24,27.35,72.99,0,0,123
28.61,2.297,4.669,3.514,379.77,379.97,383.67,26.62,51.42,0,0,164
44.56,7.142,8.674,8.905,371.06,383.25,361.41,27.52,67.33,2,2,33
28.9,4.405,3.1,4.217,379.99,382.21,379.57,28.28,70.57,0,0,171
29.33,4.308,2.819,2.391,379.78,379.54,381.75,29.32,66.59,0,0,125
32.3,5.029,5.67,6.88,377.25,376.65,374.53,27.09,50.31,1,1,71
28.78,2.013,3.569,3.242,378.46,380.74,378.5,28.17,68.44,0,0,137
27.93,3.287,3.509,2.528,380.3,380.11,380.49,28.01,73.44,0,0,158
48.78,7.482,8.749,7.506,375.2,364.6,392.72,27.48,69.88,2,2,47
28.19,3.035,3.407,4.554,378.52,377.82,380.48,26.93,59.64,0,0,143
49.35,8.703,7.035,7.973,387.35,389.27,368.6,29.61,69.03,2,2,31
53.43,10.854,10.372,9.283,371.0,374.4,390.87,27.25,60.66,3,3,25
29.9,4.319,4.586,3.699,381.91,383.11,381.54,27.02,64.05,0,0,172
28.91,3.303,3.404,3.127,379.37,376.85,381.04,28.43,55.55,0,0,143
26.75,3.035,4.14,3.324,378.01,379.9,380.57,29.13,74.66,0,0,175
30.26,2.913,4.634,4.574,379.33,384.08,382.89,28.74,72.82,0,0,166
51.0,10.534,10.9,10.791,360.61,368.73,358.12,28.76,57.33,3,3,17
50.25,10.885,9.846,9.199,379.83,391.81,383.34,28.45,73.28,3,3,16
27.29,2.538,2.715,4.195,378.84,377.62,381.37,27.52,55.79,0,0,124
33.46,5.894,5.418,6.435,382.36,379.12,379.13,27.6,52.15,1,1,71
54.17,10.857,9.707,10.298,380.7,371.61,365.2,26.39,71.62,3,3,10
67.21,11.066,11.967,11.621,313.99,380.96,361.41,29.29,67.47,4,4,4
29.9,4.787,4.096,4.686,380.43,380.03,377.37,26.89,76.82,0,0,124
27.03,3.351,3.591,2.829,380.21,380.86,384.47,29.56,71.26,0,0,121
27.95,4.928,3.619,3.935,381.52,380.39,378.52,27.53,79.91,0,0,169
66.52,11.825,11.444,11.109,388.44,390.94,335.03,29.52,61.48,4,4,3
28.15,4.065,3.851,4.354,379.87,382.15,381.69,28.42,53.15,0,0,154
36.11,6.804,6.795,6.276,390.99,380.97,387.91,26.3,63.33,1,1,87
27.27,2.825,2.235,3.2,380.95,378.27,378.22,27.55,78.68,0,0,120
26.88,3.671,4.762,4.953,382.05,376.25,379.05,28.72,50.44,0,0,175
27.77,3.699,2.949,4.421,379.82,379.53,383.45,29.8,53.04,0,0,149
70.83,11.147,11.04,11.323,380.53,406.51,295.96,27.74,56.46,4,4,5
26.84,2.643,3.217,2.284,379.61,380.94,381.83,27.65,74.16,0,0,158
32.25,5.443,6.172,6.561,377.55,373.11,378.82,28.68,57.65,1,1,102
27.32,4.881,4.011,2.951,380.34,381.65,379.48,27.44,52.88,0,0,157
24.7,4.052,2.308,2.27,382.73,378.49,376.51,27.74,62.16,0,0,133
29.18,3.703,3.591,4.172,379.95,379.73,379.73,28.88,68.55,0,0,177
28.26,3.493,2.128,2.134,381.18,387.11,382.59,26.79,74.73,0,0,175
29.41,2.696,4.759,2.806,382.29,380.97,377.78,28.7,72.81,0,0,163
26.4,4.639,3.645,4.49,378.26,382.64,379.46,27.59,64.92,0,0,145
27.73,2.799,4.214,4.327,380.67,382.44,379.53,28.27,58.23,0,0,174
28.71,2.342,2.389,3.497,383.22,377.72,377.85,28.01,63.02,0,0,177
70.76,11.731,11.23,11.095,396.02,378.58,358.85,26.13,54.14,4,4,1
56.06,10.648,10.209,10.303,377.42,396.62,399.56,27.34,59.84,3,3,25
29.52,4.337,2.874,2.431,379.32,383.2,377.25,27.3,69.78,0,0,139
36.88,5.869,6.0,6.574,377.69,377.15,387.99,27.34,65.54,1,1,67
51.6,10.091,10.902,10.637,401.41,368.92,369.83,29.1,54.63,3,3,24
31.35,3.088,4.278,4.171,379.48,377.6,380.87,25.1,71.08,0,0,168
46.31,7.135,8.005,8.054,374.13,383.59,388.21,27.39,75.72,2,2,45
51.98,10.506,10.352,9.843,379.14,397.08,374.93,30.19,66.21,3,3,14
26.71,3.592,4.328,3.427,380.94,382.21,382.89,27.64,54.68,0,0,123
25.79,2.788,2.554,2.243,377.01,380.92,380.02,28.25,74.81,0,0,173
70.37,11.386,11.625,11.484,397.16,387.55,387.75,29.7,62.67,4,4,1
23.85,2.323,4.716,4.018,385.04,377.81,380.31,26.53,60.42,0,0,170
26.42,2.46,4.696,4.593,381.63,380.75,380.79,28.32,73.37,0,0,135
30.19,4.563,2.522,2.919,376.85,381.51,379.56,26.66,56.72,0,0,179
23.19,3.536,2.343,4.379,378.27,381.07,379.49,29.12,65.36,0,0,139
32.99,6.379,5.134,6.5,382.21,377.65,388.1,28.43,58.98,1,1,77
35.0,6.755,5.561,5.902,376.19,377.25,379.41,27.88,55.79,1,1,74
71.33,11.149,11.481,11.092,391.19,373.27,360.66,27.9,51.61,4,4,1
28.62,2.766,4.876,3.444,376.13,379.52,377.96,29.02,65.22,0,0,155
28.02,4.005,3.158,4.753,380.69,378.78,380.86,26.04,62.09,0,0,139
29.11,3.349,3.342,3.23,379.51,382.72,378.37,28.66,72.07,0,0,167
27.93,4.797,3.793,2.414,377.91,381.23,380.27,25.84,67.3,0,0,123
27.21,4.638,4.091,4.025,383.81,380.31,376.69,28.98,50.21,0,0,174
73.78,11.754,11.472,11.453,336.88,387.55,352.83,29.04,70.25,4,4,4
43.16,7.049,7.244,7.465,375.68,373.12,368.92,27.84,67.62,2,2,52
26.09,4.858,3.36,4.801,378.91,380.73,382.88,28.58,65.56,0,0,121
37.86,5.952,6.513,6.256,381.66,386.97,378.23,28.31,79.17,1,1,116
24.12,4.805,3.939,3.752,379.18,379.76,381.41,27.53,65.39,0,0,144
27.06,2.879,4.652,2.521,379.66,378.69,378.75,27.81,61.27,0,0,127
36.21,5.363,5.454,5.017,374.46,374.51,379.02,27.47,73.97,1,1,118
28.73,2.39,3.489,4.209,378.52,383.26,382.38,29.18,54.27,0,0,152
69.76,11.698,11.549,11.737,370.51,327.57,371.3,25.68,55.1,4,4,4
40.65,5.923,6.073,5.408,374.98,379.58,379.25,27.95,62.81,1,1,81
27.85,4.209,2.399,2.861,380.41,378.53,381.55,27.95,63.29,0,0,138
42.76,8.006,7.09,8.816,382.1,388.56,398.54,27.97,73.52,2,2,56
26.98,2.536,4.314,2.555,381.19,383.07,379.04,27.67,63.11,0,0,121
26.86,4.943,4.068,3.355,379.93,377.88,378.88,27.24,66.89,0,0,124
27.26,4.847,4.688,2.971,381.1,379.44,383.05,26.46,68.45,0,0,128
26.06,2.457,2.211,4.718,383.38,377.76,379.06,28.2,78.75,0,0,135
48.4,8.619,8.88,7.563,390.98,380.96,393.3,28.35,74.14,2,2,30
26.9,2.818,3.988,2.033,379.29,378.86,377.96,28.81,77.5,0,0,174
44.4,8.984,7.972,7.336,382.27,389.12,373.2,28.5,78.55,2,2,47
36.78,5.346,6.339,6.634,382.51,389.03,390.26,27.47,55.37,1,1,102
27.86,4.571,2.365,4.289,382.89,381.53,382.19,28.36,69.66,0,0,127
44.31,7.092,8.651,8.102,381.74,375.11,385.59,28.26,68.25,2,2,39
29.9,3.038,2.605,3.366,379.47,382.58,379.04,28.3,57.81,0,0,163
28.12,2.223,3.576,4.691,380.64,383.55,378.21,25.94,72.77,0,0,177
27.69,3.253,4.212,4.142,381.41,380.88,380.87,28.92,57.0,0,0,130
25.97,2.736,4.48,2.686,379.82,377.87,381.67,27.67,55.9,0,0,131
27.66,3.7,4.12,4.217,381.35,379.58,378.52,27.67,65.32,0,0,150
43.08,5.716,6.402,6.372,375.86,376.75,380.55,28.13,58.76,1,1,61
26.65,4.883,4.558,4.41,380.17,380.14,379.65,28.38,50.37,0,0,150
27.92,3.33,3.217,4.471,378.81,378.75,380.65,26.32,60.16,0,0,173
67.35,11.278,11.035,11.262,392.86,398.9,399.95,28.24,51.59,4,4,1
35.04,6.786,6.308,5.403,374.18,383.11,381.59,27.8,57.53,1,1,93
47.65,7.664,7.818,8.096,366.98,401.66,362.48,27.56,78.11,2,2,48
29.71,4.43,4.897,2.98,378.91,383.61,379.15,30.38,70.54,0,0,161
35.71,5.912,5.384,6.819,382.02,388.14,379.8,24.99,56.09,1,1,96
40.05,8.649,7.93,8.645,399.21,406.49,374.99,27.36,52.14,2,2,41
35.54,5.851,5.419,5.408,370.97,379.22,380.39,26.48,67.78,1,1,74
38.1,5.03,5.958,6.74,380.93,384.3,383.94,27.93,77.28,1,1,114
27.41,3.402,3.651,2.474,377.49,378.16,383.15,28.46,63.46,0,0,167
28.91,4.063,2.392,3.609,379.47,380.77,378.29,28.14,55.46,0,0,174
28.92,3.452,3.994,3.123,377.56,380.38,380.35,28.12,77.92,0,0,135
30.85,2.515,4.853,2.851,380.0,381.27,380.14,28.14,75.67,0,0,142
46.71,8.083,7.388,8.253,354.02,381.51,394.66,26.75,65.31,2,2,46
31.52,4.105,2.013,2.093,381.3,377.63,380.83,28.15,71.84,0,0,159
70.2,11.091,11.171,11.047,365.57,389.32,396.51,29.95,64.15,4,4,4
68.88,11.92,11.931,11.533,413.21,378.08,340.38,27.7,70.69,4,4,1
27.08,4.386,2.15,3.461,381.72,379.9,379.54,27.43,61.91,0,0,153
26.84,4.687,4.065,3.83,381.76,377.04,380.24,27.66,61.18,0,0,149
62.51,9.991,10.559,9.624,363.51,372.09,388.92,28.3,55.46,3,3,22
70.06,11.684,11.163,11.421,359.52,350.82,385.82,26.95,51.66,4,4,3
25.86,4.261,3.814,4.929,382.71,377.61,380.45,28.44,51.17,0,0,177
28.81,4.479,4.456,4.618,378.94,381.42,379.74,27.26,53.91,0,0,133
24.83,4.46,4.788,4.254,380.23,380.41,375.84,26.85,79.36,0,0,120
38.55,6.936,5.045,5.211,378.95,384.37,378.21,28.43,74.72,1,1,101
26.89,4.653,4.862,4.79,377.78,378.19,378.4,25.66,52.58,0,0,151
31.92,6.83,5.575,5.395,382.47,376.91,375.51,29.05,57.16,1,1,116
24.63,3.67,3.15,4.663,381.5,379.22,382.65,26.13,70.65,0,0,168
29.95,3.403,3.886,2.214,381.87,375.82,379.84,27.93,75.38,0,0,137
28.23,4.155,4.458,4.132,383.94,379.59,379.73,28.7,72.91,0,0,145
28.12,4.542,3.419,3.868,380.63,380.81,380.3,28.1,65.65,0,0,148
30.0,2.581,3.947,4.861,380.47,377.22,380.63,27.16,75.23,0,0,124
29.16,3.772,2.17,2.46,379.12,375.73,377.83,27.63,51.28,0,0,173
29.42,4.087,2.116,3.658,380.81,378.29,384.78,30.03,70.85,0,0,122
28.54,2.902,4.654,3.761,379.9,381.68,378.98,27.38,74.75,0,0,173
28.42,4.626,4.064,4.928,380.54,378.94,377.67,28.08,61.01,0,0,125
71.78,11.358,11.745,11.243,406.24,381.98,385.59,29.9,62.73,4,4,2
26.01,2.753,2.761,4.594,378.77,378.36,383.54,28.34,54.83,0,0,164
28.02,3.493,4.777,2.109,379.65,379.28,379.16,30.19,70.18,0,0,140
30.41,5.075,5.96,6.634,376.22,380.27,378.07,28.99,65.26,1,1,67
68.97,11.519,11.49,11.019,333.76,392.88,397.41,28.79,54.15,4,4,4
25.96,4.992,2.376,2.175,378.51,384.57,378.68,28.39,68.28,0,0,176
35.74,5.817,5.359,6.666,380.04,380.88,375.25,28.19,74.35,1,1,97
33.35,5.189,6.623,6.574,380.19,374.01,380.96,28.77,79.25,1,1,82
34.04,5.707,6.983,5.81,382.07,373.45,385.35,29.44,58.69,1,1,61
28.51,2.504,3.349,4.369,381.53,379.59,381.63,27.2,65.33,0,0,152
33.25,6.672,5.804,6.64,378.62,380.0,370.1,28.69,66.39,1,1,108
27.16,4.768,4.937,3.03,380.58,378.86,379.98,27.13,66.79,0,0,179
34.8,6.225,6.507,6.484,382.55,377.94,390.78,28.03,60.36,1,1,117
35.83,6.921,5.78,5.464,376.95,384.97,377.07,26.1,62.57,1,1,90
28.55,2.369,3.192,4.255,375.95,381.73,381.5,27.04,60.14,0,0,123
51.28,7.634,8.309,7.357,367.79,395.5,392.59,28.91,77.35,2,2,35
26.33,3.432,3.108,2.605,378.4,382.52,378.09,26.39,67.75,0,0,166
46.77,8.636,8.077,8.554,396.93,363.64,389.04,25.47,67.7,2,2,48
27.99,4.65,2.339,2.447,380.23,378.03,380.47,27.13,71.44,0,0,131
31.9,2.879,3.141,2.792,373.73,382.51,381.18,25.88,74.58,0,0,150
26.16,2.983,3.985,2.459,380.36,382.15,382.04,27.74,75.65,0,0,139
70.35,11.113,11.284,11.817,357.51,358.15,400.75,28.21,68.62,4,4,1
30.51,4.84,2.498,3.963,382.1,378.88,378.09,28.4,52.38,0,0,124
28.34,4.372,2.323,4.889,381.15,381.86,381.62,28.1,60.33,0,0,163
30.44,2.682,3.425,4.446,379.25,380.07,380.57,29.61,70.88,0,0,176
34.33,5.47,6.828,6.089,381.12,381.2,380.78,27.42,68.5,1,1,87
25.42,3.401,2.998,4.213,381.13,380.7,378.95,27.51,55.12,0,0,168
28.39,4.596,4.861,3.094,376.49,377.08,379.66,29.24,55.27,0,0,170
27.42,4.555,3.28,3.882,376.71,382.5,379.15,27.26,53.37,0,0,127
29.5,3.829,4.121,3.891,382.29,384.82,382.2,28.12,61.68,0,0,128
28.97,3.203,4.814,3.226,381.89,378.12,379.21,28.46,62.09,0,0,137
26.59,4.824,2.047,3.163,377.19,378.61,378.28,27.12,61.97,0,0,124
39.56,5.64,5.543,6.461,382.01,385.8,380.22,28.58,77.43,1,1,94
27.29,3.951,4.807,4.85,378.56,382.47,380.12,26.81,71.45,0,0,129
27.32,2.383,2.835,2.886,385.32,380.19,381.68,27.49,55.65,0,0,130
29.04,2.404,3.653,4.638,380.35,380.48,381.82,30.48,54.95,0,0,137
70.82,11.45,11.479,11.686,386.29,361.66,378.92,29.13,54.16,4,4,2
68.14,11.651,11.953,11.91,360.09,402.25,372.43,27.31,59.5,4,4,1
38.1,7.672,8.847,7.64,364.45,383.81,386.11,28.12,59.5,2,2,56
27.14,4.879,3.849,3.685,383.12,384.53,381.31,28.34,72.35,0,0,172
31.96,4.301,2.893,3.628,379.67,379.9,378.55,27.78,64.6,0,0,140
27.77,2.8,3.413,2.267,377.81,380.1,379.41,27.37,50.43,0,0,179
27.14,4.466,4.796,3.949,378.37,380.0,378.24,28.53,50.45,0,0,160
26.79,2.333,3.451,2.204,380.61,380.95,381.9,26.32,71.87,0,0,142
46.76,8.106,8.464,7.709,390.72,381.94,379.46,29.84,57.06,2,2,56
41.56,8.502,8.163,7.962,385.02,398.49,385.44,28.4,56.19,2,2,41
41.39,7.192,8.008,7.672,378.33,382.67,368.55,27.86,51.74,2,2,58
29.39,2.688,4.913,3.857,379.8,376.89,379.77,26.0,59.99,0,0,135
37.64,6.54,5.331,5.086,385.58,369.54,377.91,27.45,66.61,1,1,98
25.74,4.202,3.431,4.454,379.44,382.83,383.08,26.67,53.99,0,0,131
29.38,4.218,3.212,4.972,381.49,377.59,378.48,27.0,75.32,0,0,163
40.87,6.145,6.265,6.977,376.21,384.78,384.45,27.43,72.59,1,1,73
26.27,3.627,2.343,4.715,379.98,381.0,379.26,28.44,59.47,0,0,147
30.84,3.265,3.142,2.237,380.55,381.54,380.78,28.51,55.6,0,0,126
29.22,4.348,4.37,2.783,380.94,379.93,376.5,27.89,77.55,0,0,173
32.96,5.879,5.555,6.237,378.67,388.45,372.45,26.66,63.13,1,1,67
47.41,8.631,8.005,8.384,369.88,354.41,383.85,28.18,60.56,2,2,53
26.99,2.771,2.993,4.353,379.86,380.11,386.6,27.4,54.71,0,0,120
51.3,8.368,7.877,7.207,380.96,380.77,390.87,27.68,71.41,2,2,39
28.62,4.377,4.065,3.265,379.29,381.57,381.48,28.37,54.92,0,0,156
27.7,3.669,4.574,2.339,375.69,379.36,378.62,27.92,79.89,0,0,149
35.21,6.478,6.918,5.289,376.86,373.5,384.21,28.97,55.63,1,1,88
41.3,6.792,6.054,6.873,376.65,382.35,374.08,28.16,74.59,1,1,82
69.26,11.613,11.547,11.951,368.84,344.16,378.4,27.63,62.16,4,4,3
29.53,4.245,2.838,4.84,376.56,378.08,376.06,27.76,73.87,0,0,157
32.59,6.415,5.213,6.597,377.48,379.79,383.45,27.33,77.04,1,1,77
33.86,5.446,5.136,5.948,381.74,376.2,370.95,28.93,76.86,1,1,97
54.13,9.289,10.551,10.839,384.53,388.73,402.69,28.2,59.77,3,3,20
27.83,2.962,2.399,2.667,380.57,381.56,381.57,28.38,72.68,0,0,140
50.13,7.339,7.242,7.359,381.91,391.75,395.67,27.73,77.51,2,2,43
32.92,5.057,6.432,6.644,384.31,374.95,387.67,28.28,79.2,1,1,77
27.91,4.308,2.635,4.641,380.52,378.41,378.89,27.95,57.11,0,0,156
25.84,2.921,4.941,3.221,378.72,381.43,381.51,27.21,56.34,0,0,143
25.38,3.874,4.966,4.501,382.21,381.58,379.8,29.24,79.25,0,0,134
40.31,5.528,5.917,5.042,384.22,381.83,380.94,29.24,67.0,1,1,69
57.37,9.679,9.592,9.14,362.85,382.05,409.61,29.07,54.69,3,3,25
38.03,5.916,5.685,6.26,379.1,376.16,381.11,27.4,58.58,1,1,64
36.63,6.455,5.015,6.515,375.98,381.91,370.93,29.44,66.05,1,1,83
